dataset_id,smiles_protonated,smiles_deprotonated,pKa,reaction_center_atom_idx,reaction_center_atom_symbol,reaction_center_charge_protonated,reaction_center_charge_deprotonated,reaction_center_Hs_protonated,reaction_center_Hs_deprotonated,reaction_center_hybridization,reaction_center_is_aromatic,reaction_center_is_in_ring,reaction_center_total_valence,internal_id_protonated,internal_id_deprotonated
mol0,Brc1c(N2CCCCCC2)nc(C2CC2)[nH+]c1NC1CC1,Brc1c(NC2CC2)nc(C2CC2)nc1N1CCCCCC1,"6,210",10,N,1,0,1,0,SP2,TRUE,TRUE,4,1,2
mol1,Brc1cc(Br)c(NC2=[NH+]CCN2)c(Br)c1,Brc1cc(Br)c(NC2=NCCN2)c(Br)c1,"7,460",9,N,1,0,1,0,SP2,FALSE,TRUE,4,3,4
mol2,Brc1cc2cccnc2c2[nH+]cccc12,Brc1cc2cccnc2c2ncccc12,"4,200",9,N,1,0,1,0,SP2,TRUE,TRUE,4,5,6
mol3,Brc1ccc(-c2nn[nH]n2)cc1,Brc1ccc(-c2nn[n-]n2)cc1,"3,730",8,N,0,-1,1,0,SP2,TRUE,TRUE,3,7,8
mol4,Brc1ccc(Br)c(N(CC2CC2)C2=[NH+]CCN2)c1,Brc1ccc(Br)c(N(CC2CC2)C2=NCCN2)c1,"11,000",13,N,1,0,1,0,SP2,FALSE,TRUE,4,9,10
mol5,Brc1ccc(C2[NH2+]CCS2)cc1,Brc1ccc(C2NCCS2)cc1,"5,050",7,N,1,0,2,1,SP3,FALSE,TRUE,4,12,11
mol6,Brc1ccc(Cc2c3ccccc3[nH+]c3ccccc23)cc1,Brc1ccc(Cc2c3ccccc3nc3ccccc23)cc1,"7,000",13,N,1,0,1,0,SP2,TRUE,TRUE,4,13,14
mol7,Brc1ccc(Cc2nn[nH]n2)cc1,Brc1ccc(Cc2nn[n-]n2)cc1,"4,620",9,N,0,-1,1,0,SP2,TRUE,TRUE,3,15,16
mol8,Brc1ccc(N(CC2CC2)C2=[NH+]CCN2)c(Br)c1,Brc1ccc(N(CC2CC2)C2=NCCN2)c(Br)c1,"11,200",14,N,1,0,1,0,SP2,FALSE,TRUE,4,17,18
mol9,Brc1ccc(N2CCc3ccccc3C2)[nH+]c1,Brc1ccc(N2CCc3ccccc3C2)nc1,"3,000",15,N,1,0,1,0,SP2,TRUE,TRUE,4,19,20
mol10,Brc1ccc(NC2=[NH+]CCN2)cc1,Brc1ccc(NC2=NCCN2)cc1,"9,650",8,N,1,0,1,0,SP2,FALSE,TRUE,4,21,22
mol11,Brc1ccc(Nc2c3ccccc3[nH+]c3ccccc23)cc1,Brc1ccc(Nc2c3ccccc3nc3ccccc23)cc1,"7,000",13,N,1,0,1,0,SP2,TRUE,TRUE,4,23,24
mol12,Brc1ccc2[nH+]c3c(c(N4CCOCC4)c2c1)CCC3,Brc1ccc2nc3c(c(N4CCOCC4)c2c1)CCC3,"6,380",10,N,1,0,1,0,SP2,TRUE,TRUE,4,26,25
mol13,Brc1ccc2c(c1)CC[NH2+]2,Brc1ccc2c(c1)CCN2,"3,700",9,N,1,0,2,1,SP3,FALSE,TRUE,4,27,28
mol14,Brc1ccc2c(c1)c1c3n2CC[NH+](Cc2ccccc2)C3CCC1,Brc1ccc2c(c1)c1c3n2CCN(Cc2ccccc2)C3CCC1,"6,950",7,N,1,0,1,0,SP3,FALSE,TRUE,4,30,29
mol15,Brc1cccc(-c2nn[nH]n2)c1,Brc1cccc(-c2nn[n-]n2)c1,"3,820",9,N,0,-1,1,0,SP2,TRUE,TRUE,3,31,32
mol16,Brc1cccc(Br)c1N(C1=[NH+]CCN1)C1CCCC1,Brc1cccc(Br)c1N(C1=NCCN1)C1CCCC1,"11,200",14,N,1,0,1,0,SP2,FALSE,TRUE,4,33,34
mol17,Brc1cccc(Br)c1N(C1=[NH+]CCN1)C1CCCCC1,Brc1cccc(Br)c1N(C1=NCCN1)C1CCCCC1,"11,300",15,N,1,0,1,0,SP2,FALSE,TRUE,4,35,36
mol18,Brc1cccc(Br)c1N(CC1CC1)C1=[NH+]CCN1,Brc1cccc(Br)c1N(CC1CC1)C1=NCCN1,"10,880",13,N,1,0,1,0,SP2,FALSE,TRUE,4,37,38
mol19,Brc1cccc(Br)c1N(CC1CCC1)C1=[NH+]CCN1,Brc1cccc(Br)c1N(CC1CCC1)C1=NCCN1,"10,900",14,N,1,0,1,0,SP2,FALSE,TRUE,4,39,40
mol20,Brc1cccc(Br)c1N(CC1CCCC1)C1=[NH+]CCN1,Brc1cccc(Br)c1N(CC1CCCC1)C1=NCCN1,"10,900",15,N,1,0,1,0,SP2,FALSE,TRUE,4,41,42
mol21,Brc1cccc(Br)c1N(CC1CCCCC1)C1=[NH+]CCN1,Brc1cccc(Br)c1N(CC1CCCCC1)C1=NCCN1,"11,200",16,N,1,0,1,0,SP2,FALSE,TRUE,4,43,44
mol22,Brc1cccc(Br)c1N(Cc1ccccc1)C1=[NH+]CCN1,Brc1cccc(Br)c1N(Cc1ccccc1)C1=NCCN1,"10,400",17,N,1,0,1,0,SP2,FALSE,TRUE,4,45,46
mol23,Brc1cccc(Br)c1N(Cc1ccco1)C1=[NH+]CCN1,Brc1cccc(Br)c1N(Cc1ccco1)C1=NCCN1,"10,500",15,N,1,0,1,0,SP2,FALSE,TRUE,4,47,48
mol24,Brc1cccc(Br)c1N(Cc1cccs1)C1=[NH+]CCN1,Brc1cccc(Br)c1N(Cc1cccs1)C1=NCCN1,"10,510",15,N,1,0,1,0,SP2,FALSE,TRUE,4,49,50
mol25,Brc1cccc(Br)c1NC1=[NH+]CCN1,Brc1cccc(Br)c1NC1=NCCN1,"7,850",9,N,1,0,1,0,SP2,FALSE,TRUE,4,51,52
mol26,Brc1cccc(N(CC2CC2)C2=[NH+]CCN2)c1Br,Brc1cccc(N(CC2CC2)C2=NCCN2)c1Br,"11,100",14,N,1,0,1,0,SP2,FALSE,TRUE,4,53,54
mol27,Brc1cccc(N2CCc3ccccc3C2)[nH+]1,Brc1cccc(N2CCc3ccccc3C2)n1,"2,000",15,N,1,0,1,0,SP2,TRUE,TRUE,4,55,56
mol28,Brc1ccccc1-c1nn[nH]n1,Brc1ccccc1-c1nn[n-]n1,"3,830",8,N,0,-1,1,0,SP2,TRUE,TRUE,3,57,58
mol29,Brc1ccccc1N(CC1CC1)C1=[NH+]CCN1,Brc1ccccc1N(CC1CC1)C1=NCCN1,"11,200",12,N,1,0,1,0,SP2,FALSE,TRUE,4,59,60
mol30,Brc1ccccc1Nc1c2ccccc2[nH+]c2ccccc12,Brc1ccccc1Nc1c2ccccc2nc2ccccc12,"6,410",13,N,1,0,1,0,SP2,TRUE,TRUE,4,61,62
mol31,Brc1ccc[nH+]c1,Brc1cccnc1,"2,940",4,N,1,0,1,0,SP2,TRUE,TRUE,4,63,64
mol32,Brc1ccnc2c1ccc1ccc[nH+]c12,Brc1ccnc2c1ccc1cccnc12,"4,030",12,N,1,0,1,0,SP2,TRUE,TRUE,4,65,66
mol33,Brc1cnc2c(ccc3cc(Br)c[nH+]c32)c1,Brc1cnc2c(ccc3cc(Br)cnc32)c1,"3,900",13,N,1,0,1,0,SP2,TRUE,TRUE,4,67,68
mol34,Brc1c[nH+]cc2ccccc12,Brc1cncc2ccccc12,"3,540",7,N,1,0,1,0,SP2,TRUE,TRUE,4,69,70
mol35,Brc1nn[nH]n1,Brc1nn[n-]n1,"2,130",2,N,0,-1,1,0,SP2,TRUE,TRUE,3,71,72
mol36,C#CC#CC#CCC(O)CCC(=O)O,C#CC#CC#CCC(O)CCC(=O)[O-],"4,750",12,O,0,-1,1,0,SP2,FALSE,FALSE,2,73,74
mol37,C#CC(C)(C(C)C)[NH+](C)C(C)C,C#CC(C)(C(C)C)N(C)C(C)C,"8,700",7,N,1,0,1,0,SP3,FALSE,FALSE,4,75,76
mol38,C#CC(C)(C)[NH2+]c1ccccc1,C#CC(C)(C)Nc1ccccc1,"4,260",5,N,1,0,2,1,SP3,FALSE,FALSE,4,77,78
mol39,C#CC(C)(C)[NH+](C)C(C)(C)C,C#CC(C)(C)N(C)C(C)(C)C,"9,300",4,N,1,0,1,0,SP3,FALSE,FALSE,4,79,80
mol40,C#CC(C)(C)[NH+](C)C(C)(C)C#C,C#CC(C)(C)N(C)C(C)(C)C#C,"6,650",5,N,1,0,1,0,SP3,FALSE,FALSE,4,82,81
mol41,C#CC(C)(C)[NH+](C)C(C)C,C#CC(C)(C)N(C)C(C)C,"8,700",3,N,1,0,1,0,SP3,FALSE,FALSE,4,83,84
mol42,C#CC(C)(C)[NH+](CC)C(C)(C)C,C#CC(C)(C)N(CC)C(C)(C)C,"9,600",2,N,1,0,1,0,SP3,FALSE,FALSE,4,85,86
mol43,C#CC(C)(C)[NH2+]C(C)(C)C#C,C#CC(C)(C)NC(C)(C)C#C,"6,450",5,N,1,0,2,1,SP3,FALSE,FALSE,4,88,87
mol44,C#CC(C)(C)[NH2+]C(C)(C)C=C,C#CC(C)(C)NC(C)(C)C=C,"8,200",5,N,1,0,2,1,SP3,FALSE,FALSE,4,89,90
mol45,C#CC(C)(C)[NH2+]C(C)(C)CC,C#CC(C)(C)NC(C)(C)CC,"9,000",5,N,1,0,2,1,SP3,FALSE,FALSE,4,91,92
mol46,C#CC(C)[NH2+]c1ccccc1,C#CC(C)Nc1ccccc1,"3,250",4,N,1,0,2,1,SP3,FALSE,FALSE,4,93,94
mol47,C#CC(CC)(CC)[NH+](C)C(C)C,C#CC(CC)(CC)N(C)C(C)C,"8,800",7,N,1,0,1,0,SP3,FALSE,FALSE,4,95,96
mol48,C#CC(CC)(CC)[NH+](CC)C(C)C,C#CC(CC)(CC)N(CC)C(C)C,"8,200",7,N,1,0,1,0,SP3,FALSE,FALSE,4,97,98
mol49,C#CCC(=O)O,C#CCC(=O)[O-],"3,310",5,O,0,-1,1,0,SP2,FALSE,FALSE,2,99,100
mol50,C#CCCC(=O)O,C#CCCC(=O)[O-],"4,200",6,O,0,-1,1,0,SP2,FALSE,FALSE,2,101,102
mol51,C#CCCCC(=O)O,C#CCCCC(=O)[O-],"4,600",7,O,0,-1,1,0,SP2,FALSE,FALSE,2,103,104
mol52,C#CCCCCC(=O)O,C#CCCCCC(=O)[O-],"4,580",8,O,0,-1,1,0,SP2,FALSE,FALSE,2,105,106
mol53,C#CCCCCCC[NH3+],C#CCCCCCCN,"10,740",8,N,1,0,3,2,SP3,FALSE,FALSE,4,107,108
mol54,C#CCCCCC[NH3+],C#CCCCCCN,"10,640",7,N,1,0,3,2,SP3,FALSE,FALSE,4,109,110
mol55,C#CCCCC[NH+](C)C,C#CCCCCN(C)C,"9,240",1,N,1,0,1,0,SP3,FALSE,FALSE,4,111,112
mol56,C#CCCCC[NH3+],C#CCCCCN,"10,500",6,N,1,0,3,2,SP3,FALSE,FALSE,4,113,114
mol57,C#CCCCCn1c[n+](C)c(CN=O)n1,C#CCCCCn1c[n+](C)c([CH+]N=O)n1,"7,340",6,C,0,1,2,1,SP3,FALSE,FALSE,4,116,115
mol58,C#CCCC[NH+](C)C,C#CCCCN(C)C,"8,880",1,N,1,0,1,0,SP3,FALSE,FALSE,4,117,118
mol59,C#CCCC[NH3+],C#CCCCN,"10,210",5,N,1,0,3,2,SP3,FALSE,FALSE,4,119,120
mol60,C#CCC[NH+](C)C,C#CCCN(C)C,"8,330",1,N,1,0,1,0,SP3,FALSE,FALSE,4,121,122
mol61,C#CCC[NH3+],C#CCCN,"9,230",4,N,1,0,3,2,SP3,FALSE,FALSE,4,123,124
mol62,C#CCN(C1=[NH+]CCN1)c1c(Br)cccc1Br,C#CCN(C1=NCCN1)c1c(Br)cccc1Br,"10,100",13,N,1,0,1,0,SP2,FALSE,TRUE,4,125,126
mol63,C#CCN(CC#C)C(=O)[C@@]1(c2cccs2)C[C@H]1C[NH3+],C#CCN(CC#C)C(=O)[C@@]1(c2cccs2)C[C@H]1CN,"9,300",13,N,1,0,3,2,SP3,FALSE,FALSE,4,127,128
mol64,C#CCN(CC)C(=O)[C@@]1(c2cccs2)C[C@H]1C[NH3+],C#CCN(CC)C(=O)[C@@]1(c2cccs2)C[C@H]1CN,"9,400",12,N,1,0,3,2,SP3,FALSE,FALSE,4,129,130
mol65,C#CCN[NH3+],C#CCNN,"5,460",4,N,1,0,3,2,SP3,FALSE,FALSE,4,131,132
mol66,C#CC[NH2+]c1ccccc1,C#CCNc1ccccc1,"3,060",3,N,1,0,2,1,SP3,FALSE,FALSE,4,133,134
mol67,C#CCOc1noc2c1C[NH2+]CC2,C#CCOc1noc2c1CNCC2,"7,600",11,N,1,0,2,1,SP3,FALSE,TRUE,4,135,136
mol68,C#CC[NH+](C)C,C#CCN(C)C,"7,050",1,N,1,0,1,0,SP3,FALSE,FALSE,4,138,137
mol69,C#CC[NH+](C)[C@H](C)Cc1ccccc1,C#CCN(C)[C@H](C)Cc1ccccc1,"8,015",9,N,1,0,1,0,SP3,FALSE,FALSE,4,139,140
mol70,C#CC[NH+]1CCN(C(=O)OCC)CC1,C#CCN1CCN(C(=O)OCC)CC1,"5,440",8,N,1,0,1,0,SP3,FALSE,TRUE,4,142,141
mol71,C#CC[NH+]1CCOCC1,C#CCN1CCOCC1,"5,540",3,N,1,0,1,0,SP3,FALSE,TRUE,4,144,143
mol72,C#CC[NH2+]CC#C,C#CCNCC#C,"6,080",3,N,1,0,2,1,SP3,FALSE,FALSE,4,146,145
mol73,C#CC[NH3+],C#CCN,"8,190",3,N,1,0,3,2,SP3,FALSE,FALSE,4,147,148
mol74,C#C[C@]1(O)C[C@@H](C)[NH+](C)[C@@H]2CCCC[C@H]21,C#C[C@]1(O)C[C@@H](C)N(C)[C@@H]2CCCC[C@H]21,"9,530",10,N,1,0,1,0,SP3,FALSE,TRUE,4,149,150
mol75,C#C[C@]1(O)C[C@@H](C)[NH+](C)[C@H]2CCCC[C@@H]21,C#C[C@]1(O)C[C@@H](C)N(C)[C@H]2CCCC[C@@H]21,"8,990",10,N,1,0,1,0,SP3,FALSE,TRUE,4,151,152
mol76,C#C[C@]1(O)C[C@@H](C)[NH2+][C@@H]2CCCC[C@H]21,C#C[C@]1(O)C[C@@H](C)N[C@@H]2CCCC[C@H]21,"9,730",10,N,1,0,2,1,SP3,FALSE,TRUE,4,153,154
mol77,C#C[C@]1(O)C[C@@H](C)[NH2+][C@H]2CCCC[C@@H]21,C#C[C@]1(O)C[C@@H](C)N[C@H]2CCCC[C@@H]21,"9,290",10,N,1,0,2,1,SP3,FALSE,TRUE,4,155,156
mol78,C#C[C@]1(O)C[C@H](C)[NH+](C)[C@@H]2CCCC[C@H]21,C#C[C@]1(O)C[C@H](C)N(C)[C@@H]2CCCC[C@H]21,"9,220",10,N,1,0,1,0,SP3,FALSE,TRUE,4,157,158
mol79,C#C[C@]1(O)C[C@H](C)[NH2+][C@@H]2CCCC[C@H]21,C#C[C@]1(O)C[C@H](C)N[C@@H]2CCCC[C@H]21,"9,630",10,N,1,0,2,1,SP3,FALSE,TRUE,4,159,160
mol80,C#N,[C-]#N,"9,180",0,C,0,-1,1,0,SP,FALSE,FALSE,4,161,162
mol81,C(=C/c1ccccc1)\CN1CC[NH+](C(c2ccccc2)c2ccccc2)CC1,C(=C/c1ccccc1)\CN1CCN(C(c2ccccc2)c2ccccc2)CC1,"7,470",12,N,1,0,1,0,SP3,FALSE,TRUE,4,163,164
mol82,C(=C/c1cc[nH+]cc1)\c1ccccc1,C(=C/c1ccncc1)\c1ccccc1,"5,970",11,N,1,0,1,0,SP2,TRUE,TRUE,4,165,166
mol83,C(=C\c1cc[nH+]cc1)\c1ccccc1,C(=C\c1ccncc1)\c1ccccc1,"5,770",11,N,1,0,1,0,SP2,TRUE,TRUE,4,167,168
mol84,C(=[NH+]/c1ccccc1)\c1ccccc1,C(=N/c1ccccc1)\c1ccccc1,"4,550",7,N,1,0,1,0,SP2,FALSE,FALSE,4,169,170
mol85,C(Nc1ccccc1)=[NH+]c1ccccc1,C(=Nc1ccccc1)Nc1ccccc1,"6,300",8,N,1,0,1,0,SP2,FALSE,FALSE,4,172,171
mol86,C/C(=C(\CCO)SSCCC(C)C)N(C=O)Cc1c[nH+]c(C)nc1N,C/C(=C(\CCO)SSCCC(C)C)N(C=O)Cc1cnc(C)nc1N,"5,580",2,N,1,0,1,0,SP2,TRUE,TRUE,4,173,174
mol87,C/C(=C/Cl)C(=O)O,C/C(=C/Cl)C(=O)[O-],"3,050",6,O,0,-1,1,0,SP2,FALSE,FALSE,2,175,176
mol88,C/C(=C\Cl)C(=O)O,C/C(=C\Cl)C(=O)[O-],"4,030",6,O,0,-1,1,0,SP2,FALSE,FALSE,2,177,178
mol89,C/C(=C\c1ccccc1)CC(=O)O,C/C(=C\c1ccccc1)CC(=O)[O-],"5,350",12,O,0,-1,1,0,SP2,FALSE,FALSE,2,179,180
mol90,C/C(N)=N/[NH+](C)C,C/C(N)=N/N(C)C,"10,000",3,N,1,0,1,0,SP3,FALSE,FALSE,4,181,182
mol91,C/C(N)=[NH+]/O,C/C(N)=N/O,"5,900",2,N,1,0,1,0,SP2,FALSE,FALSE,4,184,183
mol92,C/C(O)=C/C(N)=O,C/C([O-])=C/C(N)=O,"9,460",6,O,0,-1,1,0,SP2,FALSE,FALSE,2,185,186
mol93,C/C=C(/C)C(=O)O,C/C=C(/C)C(=O)[O-],"4,300",6,O,0,-1,1,0,SP2,FALSE,FALSE,2,187,188
mol94,C/C=C(\Cl)C(=O)O,C/C=C(\Cl)C(=O)[O-],"3,220",5,O,0,-1,1,0,SP2,FALSE,FALSE,2,189,190
mol95,C/C=C/C#CC(=O)O,C/C=C/C#CC(=O)[O-],"2,670",7,O,0,-1,1,0,SP2,FALSE,FALSE,2,191,192
mol96,C/C=C/C(=O)O,C/C=C/C(=O)[O-],"4,790",5,O,0,-1,1,0,SP2,FALSE,FALSE,2,193,194
mol97,C/C=C/C1=C(O)c2ccccc2C(=O)C1=O,C/C=C/C1=C([O-])c2ccccc2C(=O)C1=O,"4,780",15,O,0,-1,1,0,SP2,FALSE,FALSE,2,195,196
mol98,C/C=C/C=C/C(=O)O,C/C=C/C=C/C(=O)[O-],"4,530",7,O,0,-1,1,0,SP2,FALSE,FALSE,2,197,198
mol99,C/C=C/CC(=O)O,C/C=C/CC(=O)[O-],"4,280",6,O,0,-1,1,0,SP2,FALSE,FALSE,2,199,200
mol100,C/C=C/CCC(=O)O,C/C=C/CCC(=O)[O-],"4,720",7,O,0,-1,1,0,SP2,FALSE,FALSE,2,201,202
mol101,C/C=C/CN(C1=[NH+]CCN1)c1c(Br)cccc1Br,C/C=C/CN(C1=NCCN1)c1c(Br)cccc1Br,"11,000",14,N,1,0,1,0,SP2,FALSE,TRUE,4,203,204
mol102,C/C=C/COc1noc2c1C[NH2+]CC2,C/C=C/COc1noc2c1CNCC2,"7,700",12,N,1,0,2,1,SP3,FALSE,TRUE,4,205,206
mol103,C/C=C1/C[NH+]2[C@@H]3C[C@H]1C1[C@@H](O)[C@]4(C[C@@H]12)c1ccccc1N(C)[C@@H]34,C/C=C1/CN2[C@@H]3C[C@H]1C1[C@@H](O)[C@]4(C[C@@H]12)c1ccccc1N(C)[C@@H]34,"8,500",4,N,1,0,1,0,SP3,FALSE,TRUE,4,207,208
mol104,C/C=C\C=C/C(=O)O,C/C=C\C=C/C(=O)[O-],"4,510",7,O,0,-1,1,0,SP2,FALSE,FALSE,2,209,210
mol105,C/[NH+]=C(/SC)c1ccccc1,C/N=C(/SC)c1ccccc1,"6,420",1,N,1,0,1,0,SP2,FALSE,FALSE,4,211,212
mol107,C/N=C(\NC#N)Nc1cccc(-c2csc([NH+]=C(N)N)n2)c1,C/N=C(\NC#N)Nc1cccc(-c2csc(N=C(N)N)n2)c1,"6,200",18,N,1,0,1,0,SP2,FALSE,FALSE,4,214,213
mol112,C1=C(c2ccccc2)C2CC[NH+]1CC2,C1=C(c2ccccc2)C2CCN1CC2,"9,100",8,N,1,0,1,0,SP3,FALSE,TRUE,4,215,216
mol113,C1=C(c2ccco2)C2CC[NH+]1CC2,C1=C(c2ccco2)C2CCN1CC2,"8,920",7,N,1,0,1,0,SP3,FALSE,TRUE,4,217,218
mol114,C1=C(c2nc3ccccc3o2)C2CC[NH+]1CC2,C1=C(c2nc3ccccc3o2)C2CCN1CC2,"7,230",11,N,1,0,1,0,SP3,FALSE,TRUE,4,220,219
mol115,C1=C(c2nc3ccccc3s2)C2CC[NH+]1CC2,C1=C(c2nc3ccccc3s2)C2CCN1CC2,"7,400",11,N,1,0,1,0,SP3,FALSE,TRUE,4,222,221
mol116,C1=C[NH+]2CCC1CC2,C1=CN2CCC1CC2,"9,820",2,N,1,0,1,0,SP3,FALSE,TRUE,4,223,224
mol117,C1=NC(c2ccccc2)[NH2+]C1,C1=NC(c2ccccc2)NC1,"6,480",7,N,1,0,2,1,SP3,FALSE,TRUE,4,226,225
mol118,C1=[NH+]C[NH2+]C1,C1=NC[NH2+]C1,"6,990",2,N,1,0,1,0,SP2,FALSE,TRUE,4,227,228
mol119,C1CC2CC1NN2,C1CC2CC1[N-]N2,"7,940",6,N,0,-1,1,0,SP3,FALSE,TRUE,3,229,230
mol120,C1CC2CCC1C[NH2+]2,C1CC2CCC1CN2,"11,000",7,N,1,0,2,1,SP3,FALSE,TRUE,4,231,232
mol121,C1CC2CCC[NH+]2C1,C1CC2CCCN2C1,"11,740",6,N,1,0,1,0,SP3,FALSE,TRUE,4,233,234
mol122,C1CCC(C2=[NH+]CCC2)CC1,C1CCC(C2=NCCC2)CC1,"6,050",7,N,1,0,1,0,SP2,FALSE,TRUE,4,235,236
mol123,C1CCC(C2CCC[NH2+]2)CC1,C1CCC(C2CCCN2)CC1,"10,800",10,N,1,0,2,1,SP3,FALSE,TRUE,4,237,238
mol124,C1CCC([NH+]2CCCC2)CC1,C1CCC(N2CCCC2)CC1,"10,700",6,N,1,0,1,0,SP3,FALSE,TRUE,4,239,240
mol125,C1CCC2C[NH2+]CCC2C1,C1CCC2CNCCC2C1,"10,950",5,N,1,0,2,1,SP3,FALSE,TRUE,4,241,242
mol126,C1CCC2[NH2+]CCCC2C1,C1CCC2NCCCC2C1,"10,900",9,N,1,0,2,1,SP3,FALSE,TRUE,4,243,244
mol127,C1CCC[NH2+]CC1,C1CCCNCC1,"10,940",4,N,1,0,2,1,SP3,FALSE,TRUE,4,245,246
mol128,C1CCC[NH2+]CCC1,C1CCCNCCC1,"10,780",4,N,1,0,2,1,SP3,FALSE,TRUE,4,247,248
mol129,C1CCN([NH+]2CCCC2)C1,C1CCN(N2CCCC2)C1,"7,160",5,N,1,0,1,0,SP3,FALSE,TRUE,4,249,250
mol130,C1CCN([NH+]2CCCCC2)CC1,C1CCN(N2CCCCC2)CC1,"7,090",6,N,1,0,1,0,SP3,FALSE,TRUE,4,251,252
mol131,C1CC[NH+]2CCCCN2C1,C1CCN2CCCCN2C1,"6,790",8,N,1,0,1,0,SP3,FALSE,TRUE,4,253,254
mol132,C1CC[NH2+]C1,C1CCNC1,"11,285",3,N,1,0,2,1,SP3,FALSE,TRUE,4,255,256
mol133,C1CC[NH2+]CC1,C1CCNCC1,"11,180",3,N,1,0,2,1,SP3,FALSE,TRUE,4,257,258
mol134,C1CCc2c(n[nH+]c3c2CCCC3)C1,C1CCc2c(nnc3c2CCCC3)C1,"6,120",8,N,1,0,1,0,SP2,TRUE,TRUE,4,259,260
mol135,C1CCc2n[nH+]c3c(c2CC1)CCCC3,C1CCc2nnc3c(c2CC1)CCCC3,"6,030",6,N,1,0,1,0,SP2,TRUE,TRUE,4,261,262
mol137,C1COC(NC(C2CC2)C2CC2)=[NH+]1,C1COC(NC(C2CC2)C2CC2)=N1,"9,260",9,N,1,0,1,0,SP2,FALSE,TRUE,4,263,264
mol138,C1COCCOCc2n[nH]c(n2)COCCOCCO1,C1COCCOCc2n[n-]c(n2)COCCOCCO1,"9,550",8,N,0,-1,1,0,SP2,TRUE,TRUE,3,265,266
mol139,C1COCC[NH2+]1,C1COCCN1,"8,483",5,N,1,0,2,1,SP3,FALSE,TRUE,4,267,268
mol140,C1CSCC[NH2+]1,C1CSCCN1,"9,050",5,N,1,0,2,1,SP3,FALSE,TRUE,4,269,270
mol141,C1CSC[NH2+]1,C1CSCN1,"6,310",4,N,1,0,2,1,SP3,FALSE,TRUE,4,272,271
mol142,C1C[NH+](CC2CO2)CCO1,C1CN(CC2CO2)CCO1,"5,880",5,N,1,0,1,0,SP3,FALSE,TRUE,4,274,273
mol143,C1C[NH+]2CCC1CC2,C1CN2CCC1CC2,"11,040",2,N,1,0,1,0,SP3,FALSE,TRUE,4,275,276
mol144,C1C[NH+]2CC[C@@H]3OC[C@H]1[C@@H]32,C1CN2CC[C@@H]3OC[C@H]1[C@@H]32,"9,440",2,N,1,0,1,0,SP3,FALSE,TRUE,4,277,278
mol145,C1C[NH+]=C2NCCC2C1,C1CN=C2NCCC2C1,"11,700",7,N,1,0,1,0,SP2,FALSE,TRUE,4,279,280
mol146,C1C[NH2+]1,C1CN1,"6,050",2,N,1,0,2,1,SP3,FALSE,TRUE,4,282,281
mol147,C1C[NH2+]C1,C1CNC1,"10,995",2,N,1,0,2,1,SP3,FALSE,TRUE,4,283,284
mol148,C1OC1C[NH+](CC1CO1)CC1CO1,C1OC1CN(CC1CO1)CC1CO1,"5,010",4,N,1,0,1,0,SP3,FALSE,FALSE,4,286,285
mol149,C=C(Br)COc1noc2c1C[NH2+]CC2,C=C(Br)COc1noc2c1CNCC2,"7,600",11,N,1,0,2,1,SP3,FALSE,TRUE,4,287,288
mol150,C=C(C(=O)O[C@H]1C[C@@H]2[C@@H]3O[C@@H]3[C@H](C1)[NH+]2C)c1ccccc1,C=C(C(=O)O[C@H]1C[C@@H]2[C@@H]3O[C@@H]3[C@H](C1)N2C)c1ccccc1,"7,720",1,N,1,0,1,0,SP3,FALSE,TRUE,4,289,290
mol151,C=C(C)C(=O)NC(C)(C)CC[NH+](C)C,C=C(C)C(=O)NC(C)(C)CCN(C)C,"9,370",11,N,1,0,1,0,SP3,FALSE,FALSE,4,291,292
mol152,C=C(C)C(=O)NC(C)C[NH+](C)C,C=C(C)C(=O)NC(C)CN(C)C,"8,510",3,N,1,0,1,0,SP3,FALSE,FALSE,4,293,294
mol153,C=C(C)C(=O)NCCC[NH+](C)C,C=C(C)C(=O)NCCCN(C)C,"9,250",9,N,1,0,1,0,SP3,FALSE,FALSE,4,295,296
mol154,C=C(C)C(=O)NCC[NH+](C)C,C=C(C)C(=O)NCCN(C)C,"8,540",8,N,1,0,1,0,SP3,FALSE,FALSE,4,297,298
mol155,C=C(C)C(=O)NCC[NH+](CC)CC,C=C(C)C(=O)NCCN(CC)CC,"9,370",2,N,1,0,1,0,SP3,FALSE,FALSE,4,299,300
mol156,C=C(C)C(=O)OC(C)C[NH+](C)C,C=C(C)C(=O)OC(C)CN(C)C,"7,960",3,N,1,0,1,0,SP3,FALSE,FALSE,4,301,302
mol157,C=C(C)C(=O)OC(C)C[NH+](CC)CC,C=C(C)C(=O)OC(C)CN(CC)CC,"8,650",2,N,1,0,1,0,SP3,FALSE,FALSE,4,303,304
mol158,C=C(C)C(=O)OCCC[NH3+],C=C(C)C(=O)OCCCN,"9,620",9,N,1,0,3,2,SP3,FALSE,FALSE,4,305,306
mol159,C=C(C)C(=O)OCC[NH+](C(C)C)C(C)C,C=C(C)C(=O)OCCN(C(C)C)C(C)C,"8,770",3,N,1,0,1,0,SP3,FALSE,FALSE,4,307,308
mol160,C=C(C)C(=O)OCC[NH+](C)C,C=C(C)C(=O)OCCN(C)C,"8,060",8,N,1,0,1,0,SP3,FALSE,FALSE,4,309,310
mol161,C=C(C)C(=O)OCC[NH+](C)CCCC,C=C(C)C(=O)OCCN(C)CCCC,"8,270",4,N,1,0,1,0,SP3,FALSE,FALSE,4,311,312
mol162,C=C(C)C(=O)OCC[NH+](CC)CC,C=C(C)C(=O)OCCN(CC)CC,"8,660",2,N,1,0,1,0,SP3,FALSE,FALSE,4,313,314
mol163,C=C(C)C(=O)OCC[NH2+]C,C=C(C)C(=O)OCCNC,"8,960",8,N,1,0,2,1,SP3,FALSE,FALSE,4,315,316
mol164,C=C(C)C(=O)OCC[NH2+]C(C)C,C=C(C)C(=O)OCCNC(C)C,"9,130",3,N,1,0,2,1,SP3,FALSE,FALSE,4,317,318
mol165,C=C(C)C(=O)OCC[NH2+]CC,C=C(C)C(=O)OCCNCC,"9,150",2,N,1,0,2,1,SP3,FALSE,FALSE,4,319,320
mol166,C=C(C)C(=O)OCC[NH2+]CC(C)C,C=C(C)C(=O)OCCNCC(C)C,"8,910",4,N,1,0,2,1,SP3,FALSE,FALSE,4,321,322
mol167,C=C(C)C(=O)OCC[NH2+]CCCC,C=C(C)C(=O)OCCNCCCC,"9,120",4,N,1,0,2,1,SP3,FALSE,FALSE,4,323,324
mol168,C=C(C)C(=O)OCC[NH3+],C=C(C)C(=O)OCCN,"8,700",8,N,1,0,3,2,SP3,FALSE,FALSE,4,325,326
mol169,C=C(C)C(=O)O,C=C(C)C(=O)[O-],"4,660",5,O,0,-1,1,0,SP2,FALSE,FALSE,2,327,328
mol170,C=C(C)C(C)(C(N)=O)C(=O)O,C=C(C)C(C)(C(N)=O)C(=O)[O-],"3,420",10,O,0,-1,1,0,SP2,FALSE,FALSE,2,329,330
mol171,C=C(C)C([NH3+])O,C=C(C)C(N)O,"8,000",4,N,1,0,3,2,SP3,FALSE,FALSE,4,331,332
mol172,C=C(C)CCN(C1=[NH+]CCN1)c1c(Br)cccc1Br,C=C(C)CCN(C1=NCCN1)c1c(Br)cccc1Br,"10,900",15,N,1,0,1,0,SP2,FALSE,TRUE,4,333,334
mol173,C=C(C)CN(C1=[NH+]CCN1)c1c(Br)cccc1Br,C=C(C)CN(C1=NCCN1)c1c(Br)cccc1Br,"10,710",14,N,1,0,1,0,SP2,FALSE,TRUE,4,335,336
mol174,C=C(C)[C@@H]1CN(C(C)=O)[C@H](C(=O)OC)[C@@H]1CC(=O)O,C=C(C)[C@@H]1CN(C(C)=O)[C@H](C(=O)OC)[C@@H]1CC(=O)[O-],"4,600",11,O,0,-1,1,0,SP2,FALSE,FALSE,2,337,338
mol175,C=C(C)[C@H]1C[NH2+][C@H](C(=O)[O-])[C@H]1CC(=O)OC,C=C(C)[C@H]1CN[C@H](C(=O)[O-])[C@H]1CC(=O)OC,"9,520",5,N,1,0,2,1,SP3,FALSE,TRUE,4,339,340
mol176,C=C(C)[C@H]1C[NH2+][C@H](C(=O)[O-])[C@H]1CC(N)=O,C=C(C)[C@H]1CN[C@H](C(=O)[O-])[C@H]1CC(N)=O,"9,470",5,N,1,0,2,1,SP3,FALSE,TRUE,4,341,342
mol177,C=C(CC)C(=O)c1ccc(OCC(=O)O)c(Cl)c1Cl,C=C(CC)C(=O)c1ccc(OCC(=O)[O-])c(Cl)c1Cl,"3,500",18,O,0,-1,1,0,SP2,FALSE,FALSE,2,343,344
mol178,C=C(CCCC)C(=O)O,C=C(CCCC)C(=O)[O-],"4,800",8,O,0,-1,1,0,SP2,FALSE,FALSE,2,345,346
mol179,C=C(F)C(=O)O,C=C(F)C(=O)[O-],"2,550",4,O,0,-1,1,0,SP2,FALSE,FALSE,2,347,348
mol180,C=C(F)CN(CC)C(=O)[C@@]1(c2cccs2)C[C@H]1C[NH3+],C=C(F)CN(CC)C(=O)[C@@]1(c2cccs2)C[C@H]1CN,"9,400",13,N,1,0,3,2,SP3,FALSE,FALSE,4,349,350
mol181,C=C(OC)C(=O)O,C=C(OC)C(=O)[O-],"3,380",6,O,0,-1,1,0,SP2,FALSE,FALSE,2,351,352
mol182,C=C(SC1CCCCC1)C(=O)O,C=C(SC1CCCCC1)C(=O)[O-],"3,400",4,O,0,-1,1,0,SP2,FALSE,FALSE,2,353,354
mol183,C=C1[C@@H]2CC3C4[NH+]5C[C@]6(C)C[C@@H](OC(C)=O)[C@H](OC(C)=O)[C@]47C6[C@@H]5C[C@]3([C@H]1OC(C)=O)[C@@]7(O)C2,C=C1[C@@H]2CC3C4N5C[C@]6(C)C[C@@H](OC(C)=O)[C@H](OC(C)=O)[C@]47C6[C@@H]5C[C@]3([C@H]1OC(C)=O)[C@@]7(O)C2,"8,350",8,N,1,0,1,0,SP3,FALSE,TRUE,4,355,356
mol184,C=C=CC(=O)O,C=C=CC(=O)[O-],"3,960",5,O,0,-1,1,0,SP2,FALSE,FALSE,2,357,358
mol185,C=CC#CCC(=O)O,C=CC#CCC(=O)[O-],"3,410",7,O,0,-1,1,0,SP2,FALSE,FALSE,2,359,360
mol186,C=CC(=O)NC(C)(C)CC[NH+](C)C,C=CC(=O)NC(C)(C)CCN(C)C,"9,390",5,N,1,0,1,0,SP3,FALSE,FALSE,4,361,362
mol187,C=CC(=O)NC(C)(C)CC[NH+](CC)CC,C=CC(=O)NC(C)(C)CCN(CC)CC,"10,090",2,N,1,0,1,0,SP3,FALSE,FALSE,4,363,364
mol188,C=CC(=O)NCCC[NH+](C)C,C=CC(=O)NCCCN(C)C,"9,230",1,N,1,0,1,0,SP3,FALSE,FALSE,4,365,366
mol189,C=CC(=O)Nc1cc(Nc2ncc(Cl)c(-c3cnn4ccccc34)n2)c(OC)cc1N(C)CC[NH+](C)C,C=CC(=O)Nc1cc(Nc2ncc(Cl)c(-c3cnn4ccccc34)n2)c(OC)cc1N(C)CCN(C)C,"9,000",1,N,1,0,1,0,SP3,FALSE,FALSE,4,367,368
mol190,C=CC(=O)Nc1cc(Nc2ncc(Cl)c(-c3cnn4ccccc34)n2)c(OC)cc1N1CC([NH+](C)C)C1,C=CC(=O)Nc1cc(Nc2ncc(Cl)c(-c3cnn4ccccc34)n2)c(OC)cc1N1CC(N(C)C)C1,"7,200",1,N,1,0,1,0,SP3,FALSE,FALSE,4,370,369
mol191,C=CC(=O)Nc1cc(Nc2ncc(Cl)c(-c3cnn4ccccc34)n2)c(OC)cc1N1CC[C@@H]([NH+](C)C)C1,C=CC(=O)Nc1cc(Nc2ncc(Cl)c(-c3cnn4ccccc34)n2)c(OC)cc1N1CC[C@@H](N(C)C)C1,"8,100",1,N,1,0,1,0,SP3,FALSE,FALSE,4,371,372
mol192,C=CC(=O)OCC[NH+](C)C,C=CC(=O)OCCN(C)C,"8,250",1,N,1,0,1,0,SP3,FALSE,FALSE,4,373,374
mol193,C=CC(=O)OCC[NH+](CC)CC,C=CC(=O)OCCN(CC)CC,"8,550",2,N,1,0,1,0,SP3,FALSE,FALSE,4,375,376
mol194,C=CC(=O)O,C=CC(=O)[O-],"4,250",4,O,0,-1,1,0,SP2,FALSE,FALSE,2,377,378
mol195,C=CC(C)(C)[NH2+]c1ccccc1,C=CC(C)(C)Nc1ccccc1,"4,880",5,N,1,0,2,1,SP3,FALSE,FALSE,4,379,380
mol196,C=CC(C)(C)OCC(O)C[NH2+]C(C)(C)C,C=CC(C)(C)OCC(O)CNC(C)(C)C,"9,670",4,N,1,0,2,1,SP3,FALSE,FALSE,4,381,382
mol197,C=CC(C)(C)[NH+](C)C(C)(C)C,C=CC(C)(C)N(C)C(C)(C)C,"11,300",4,N,1,0,1,0,SP3,FALSE,FALSE,4,383,384
mol198,C=CC(C)(C)[NH2+]C(C)(C)C=C,C=CC(C)(C)NC(C)(C)C=C,"10,100",5,N,1,0,2,1,SP3,FALSE,FALSE,4,385,386
mol199,C=CC(C)(C)[NH2+]C(C)(C)CC,C=CC(C)(C)NC(C)(C)CC,"10,800",5,N,1,0,2,1,SP3,FALSE,FALSE,4,387,388
mol200,C=CC(C)(CC)[NH+](C)C(C)C,C=CC(C)(CC)N(C)C(C)C,"11,300",6,N,1,0,1,0,SP3,FALSE,FALSE,4,389,390
mol201,C=CC(C)[NH2+]c1ccccc1,C=CC(C)Nc1ccccc1,"4,570",4,N,1,0,2,1,SP3,FALSE,FALSE,4,391,392
mol202,C=CC(Cl)C(=O)O,C=CC(Cl)C(=O)[O-],"2,540",5,O,0,-1,1,0,SP2,FALSE,FALSE,2,393,394
mol203,C=CC12CCC(=O)C=C1c1c(cc(OCC(=O)O)c(Cl)c1Cl)C2,C=CC12CCC(=O)C=C1c1c(cc(OCC(=O)[O-])c(Cl)c1Cl)C2,"3,500",21,O,0,-1,1,0,SP2,FALSE,FALSE,2,395,396
mol204,C=CC1C[NH+]2CCC1C[C@H]2C(=O)[O-],C=CC1CN2CCC1C[C@H]2C(=O)[O-],"10,600",4,N,1,0,1,0,SP3,FALSE,TRUE,4,397,398
mol205,C=CCC(=O)O,C=CCC(=O)[O-],"4,330",5,O,0,-1,1,0,SP2,FALSE,FALSE,2,399,400
mol206,C=CCC(C)(C[NH+](CC)CC)OC(=O)CC(C)C,C=CCC(C)(CN(CC)CC)OC(=O)CC(C)C,"8,100",2,N,1,0,1,0,SP3,FALSE,FALSE,4,401,402
mol207,C=CCC(C)(C[NH+](CC)CC)OC(=O)CCC,C=CCC(C)(CN(CC)CC)OC(=O)CCC,"8,500",12,N,1,0,1,0,SP3,FALSE,FALSE,4,403,404
mol208,C=CCC(C)(C[NH+](CC)CC)OC(=O)c1ccccc1,C=CCC(C)(CN(CC)CC)OC(=O)c1ccccc1,"7,800",2,N,1,0,1,0,SP3,FALSE,FALSE,4,405,406
mol209,C=CCC(C)(C[NH+](CC)CC)OC(C)=O,C=CCC(C)(CN(CC)CC)OC(C)=O,"9,850",2,N,1,0,1,0,SP3,FALSE,FALSE,4,407,408
mol210,C=CCC(C)(O)C[NH+](CC)CC,C=CCC(C)(O)CN(CC)CC,"9,710",2,N,1,0,1,0,SP3,FALSE,FALSE,4,409,410
mol211,C=CCC1(C(C)C#CCC)C(=O)[NH2+]C(=O)N(C)C1=O,C=CCC1(C(C)C#CCC)C(=O)NC(=O)N(C)C1=O,"4,740",9,N,1,0,2,1,SP3,FALSE,TRUE,4,411,412
mol212,C=CCC1(CC=C)SC(=O)NC1=O,C=CCC1(CC=C)SC(=O)[N-]C1=O,"6,100",6,N,0,-1,1,0,SP2,FALSE,TRUE,3,413,414
mol213,C=CCCC(=O)O,C=CCCC(=O)[O-],"4,680",6,O,0,-1,1,0,SP2,FALSE,FALSE,2,415,416
mol214,C=CCCN(C1=[NH+]CCN1)c1c(Br)cccc1Br,C=CCCN(C1=NCCN1)c1c(Br)cccc1Br,"11,200",14,N,1,0,1,0,SP2,FALSE,TRUE,4,417,418
mol215,C=CCN(C1=[NH+]CCN1)c1c(Br)cccc1Br,C=CCN(C1=NCCN1)c1c(Br)cccc1Br,"10,700",13,N,1,0,1,0,SP2,FALSE,TRUE,4,419,420
mol216,C=CCN(C1=[NH+]CCN1)c1c(Cl)cccc1Cl,C=CCN(C1=NCCN1)c1c(Cl)cccc1Cl,"10,420",13,N,1,0,1,0,SP2,FALSE,TRUE,4,421,422
mol217,C=CCN(CC)C(=O)[C@@]1(c2ccsc2)C[C@H]1C[NH3+],C=CCN(CC)C(=O)[C@@]1(c2ccsc2)C[C@H]1CN,"9,500",12,N,1,0,3,2,SP3,FALSE,FALSE,4,423,424
mol218,C=CCN(CC=C)C(=O)[C@@]1(c2cccs2)C[C@H]1C[NH3+],C=CCN(CC=C)C(=O)[C@@]1(c2cccs2)C[C@H]1CN,"9,400",13,N,1,0,3,2,SP3,FALSE,FALSE,4,425,426
mol219,C=CCNC(=O)c1ccc(-c2ccc(-c3ccccc3)n2Cc2cccc(N)[nH+]2)cc1,C=CCNC(=O)c1ccc(-c2ccc(-c3ccccc3)n2Cc2cccc(N)n2)cc1,"6,860",23,N,1,0,1,0,SP2,TRUE,TRUE,4,427,428
mol220,C=CC[NH2+]c1ccccc1,C=CCNc1ccccc1,"4,170",3,N,1,0,2,1,SP3,FALSE,FALSE,4,429,430
mol221,C=CCOc1ccc(C(=O)O)cc1,C=CCOc1ccc(C(=O)[O-])cc1,"4,450",12,O,0,-1,1,0,SP2,FALSE,FALSE,2,431,432
mol222,C=CCOc1ccccc1OCC(O)C[NH2+]C(C)C,C=CCOc1ccccc1OCC(O)CNC(C)C,"9,523",3,N,1,0,2,1,SP3,FALSE,FALSE,4,433,434
mol223,C=CCOc1nc(N)nc(N)[nH+]1,C=CCOc1nc(N)nc(N)n1,"3,430",5,N,1,0,1,0,SP2,TRUE,TRUE,4,435,436
mol224,C=CCOc1noc2c1C[NH2+]CC2,C=CCOc1noc2c1CNCC2,"7,500",11,N,1,0,2,1,SP3,FALSE,TRUE,4,437,438
mol225,C=CCSS/C(CCO)=C(/C)N(C=O)Cc1c[nH+]c(C)nc1N,C=CCSS/C(CCO)=C(/C)N(C=O)Cc1cnc(C)nc1N,"5,650",2,N,1,0,1,0,SP2,TRUE,TRUE,4,439,440
mol226,C=CC[NH+](C)C,C=CCN(C)C,"8,720",1,N,1,0,1,0,SP3,FALSE,FALSE,4,441,442
mol227,C=CC[NH+](C)CCCCCCOc1ccc(C(=O)c2ccc(Br)cc2)cc1,C=CCN(C)CCCCCCOc1ccc(C(=O)c2ccc(Br)cc2)cc1,"8,180",1,N,1,0,1,0,SP3,FALSE,FALSE,4,443,444
mol228,C=CC[NH+](C)CCCNC(=O)CN=O,C=CCN(C)CCCNC(=O)CN=O,"8,990",1,N,1,0,1,0,SP3,FALSE,FALSE,4,445,446
mol229,C=CC[NH+](C)CCOC(=O)C(=C)C,C=CCN(C)CCOC(=O)C(=C)C,"7,390",8,N,1,0,1,0,SP3,FALSE,FALSE,4,448,447
mol230,C=CC[NH+](CC(C)O)CC(C)O,C=CCN(CC(C)O)CC(C)O,"8,200",3,N,1,0,1,0,SP3,FALSE,FALSE,4,449,450
mol231,C=CC[NH+](CC1CO1)CC1CO1,C=CCN(CC1CO1)CC1CO1,"6,160",3,N,1,0,1,0,SP3,FALSE,FALSE,4,452,451
mol232,C=CC[NH+](CC=C)CC=C,C=CCN(CC=C)CC=C,"8,310",3,N,1,0,1,0,SP3,FALSE,FALSE,4,453,454
mol233,C=CC[NH+](CC=C)CCCNC(=O)CN=O,C=CCN(CC=C)CCCNC(=O)CN=O,"8,740",3,N,1,0,1,0,SP3,FALSE,FALSE,4,455,456
mol234,C=CC[NH+](CC=C)CCOC(=O)C(=C)C,C=CCN(CC=C)CCOC(=O)C(=C)C,"7,020",8,N,1,0,1,0,SP3,FALSE,FALSE,4,458,457
mol235,C=CC[NH+]1CCCCC1,C=CCN1CCCCC1,"9,660",3,N,1,0,1,0,SP3,FALSE,TRUE,4,459,460
mol236,C=CC[NH+]1CCOCC1,C=CCN1CCOCC1,"7,050",3,N,1,0,1,0,SP3,FALSE,TRUE,4,462,461
mol237,C=CC[NH2+]CC=C,C=CCNCC=C,"9,350",3,N,1,0,2,1,SP3,FALSE,FALSE,4,463,464
mol238,C=CC[NH3+],C=CCN,"9,740",3,N,1,0,3,2,SP3,FALSE,FALSE,4,465,466
mol239,C=CCc1c(C)[nH]n(C)c1=O,C=CCc1c(C)[n-]n(C)c1=O,"10,500",6,N,0,-1,1,0,SP2,TRUE,TRUE,3,467,468
mol240,C=CCc1ccc(O)c(OC)c1,C=CCc1ccc([O-])c(OC)c1,"10,000",8,O,0,-1,1,0,SP2,FALSE,FALSE,2,469,470
mol241,C=CCc1ccccc1OCC(O)C[NH2+]C(C)C,C=CCc1ccccc1OCC(O)CNC(C)C,"9,527",3,N,1,0,2,1,SP3,FALSE,FALSE,4,471,472
mol242,C=CCn1c(C)c(C)c2cc(-n3ccccc3=O)[nH+]c(NCc3c(C)cccc3C)c21,C=CCn1c(C)c(C)c2cc(-n3ccccc3=O)nc(NCc3c(C)cccc3C)c21,"4,000",14,N,1,0,1,0,SP2,TRUE,TRUE,4,473,474
mol243,C=C[C@@H]1CNC(=S)O1,C=C[C@@H]1C[N-]C(=S)O1,"10,250",4,N,0,-1,1,0,SP2,FALSE,TRUE,3,475,476
mol244,C=C[C@]1(O)C[C@@H](C)[NH2+][C@@H]2CCCC[C@H]21,C=C[C@]1(O)C[C@@H](C)N[C@@H]2CCCC[C@H]21,"9,980",10,N,1,0,2,1,SP3,FALSE,TRUE,4,477,478
mol245,C=C[C@]1(O)C[C@@H](C)[NH2+][C@H]2CCCC[C@@H]21,C=C[C@]1(O)C[C@@H](C)N[C@H]2CCCC[C@@H]21,"9,510",10,N,1,0,2,1,SP3,FALSE,TRUE,4,479,480
mol246,C=C[C@]1(O)C[C@H](C)[NH2+][C@@H]2CCCC[C@H]21,C=C[C@]1(O)C[C@H](C)N[C@@H]2CCCC[C@H]21,"9,830",10,N,1,0,2,1,SP3,FALSE,TRUE,4,481,482
mol247,C=C[C@]1(O)C[NH+]2CC[C@H]1C[C@H]2[C@H](O)c1cc(=O)[nH]c2ccccc12,C=C[C@]1(O)CN2CC[C@H]1C[C@H]2[C@H](O)c1cc(=O)[nH]c2ccccc12,"7,650",4,N,1,0,1,0,SP3,FALSE,TRUE,4,483,484
mol248,C=Cc1ccc(C)[nH+]c1,C=Cc1ccc(C)nc1,"5,670",6,N,1,0,1,0,SP2,TRUE,TRUE,4,485,486
mol249,C=Cc1ccc(O)cc1,C=Cc1ccc([O-])cc1,"9,910",8,O,0,-1,1,0,SP2,FALSE,FALSE,2,487,488
mol250,C=Cc1cccc[nH+]1,C=Cc1ccccn1,"4,950",7,N,1,0,1,0,SP2,TRUE,TRUE,4,489,490
mol251,C=Cc1ccc[nH+]c1,C=Cc1cccnc1,"4,870",6,N,1,0,1,0,SP2,TRUE,TRUE,4,491,492
mol252,C=Cc1cc[nH+]cc1,C=Cc1ccncc1,"5,620",5,N,1,0,1,0,SP2,TRUE,TRUE,4,493,494
mol253,C=Cc1noc(C2=CCC[NH2+]C2)n1,C=Cc1noc(C2=CCCNC2)n1,"8,230",11,N,1,0,2,1,SP3,FALSE,TRUE,4,495,496
mol254,C=C1[NH2+]C=C(C)C(=C[NH2+]CCCCCC)C1=O,C=c1[nH]cc(C)c(=C[NH2+]CCCCCC)c1=O,"4,805",11,N,1,0,2,1,SP3,FALSE,TRUE,4,497,498
mol255,C=c1cc(C)c(=Cc2[nH]c(C)cc2C)[nH]1,C=c1cc(C)c(=Cc2[nH]c(C)cc2C)[n-]1,"8,400",12,N,0,-1,1,0,SP2,TRUE,TRUE,3,499,500
mol256,CC#C/C=C/C(=O)O,CC#C/C=C/C(=O)[O-],"4,200",7,O,0,-1,1,0,SP2,FALSE,FALSE,2,501,502
mol257,CC#CC#CCC(=O)O,CC#CC#CCC(=O)[O-],"3,230",8,O,0,-1,1,0,SP2,FALSE,FALSE,2,503,504
mol258,CC#CC(=O)O,CC#CC(=O)[O-],"2,630",5,O,0,-1,1,0,SP2,FALSE,FALSE,2,505,506
mol259,CC#CC(O)c1c(C)[nH+]c2c3c(c(C(=O)N(C)C)cn12)CCC(c1ccccc1)O3,CC#CC(O)c1c(C)nc2c3c(c(C(=O)N(C)C)cn12)CCC(c1ccccc1)O3,"5,580",6,N,1,0,1,0,SP2,TRUE,TRUE,4,507,508
mol260,CC#CCC(=O)O,CC#CCC(=O)[O-],"3,600",6,O,0,-1,1,0,SP2,FALSE,FALSE,2,509,510
mol261,CC#CCOc1noc2c1C[NH2+]CC2,CC#CCOc1noc2c1CNCC2,"7,600",12,N,1,0,2,1,SP3,FALSE,TRUE,4,511,512
mol262,CC#CCn1c(N2CCC[C@@H]([NH3+])C2)nc2c1c(=O)n(Cc1nc(C)c3ccccc3n1)c(=O)n2C,CC#CCn1c(N2CCC[C@@H](N)C2)nc2c1c(=O)n(Cc1nc(C)c3ccccc3n1)c(=O)n2C,"8,600",15,N,1,0,3,2,SP3,FALSE,FALSE,4,513,514
mol263,CC#C[C@@H](CC(=O)O)c1ccc(OCc2ccc(CN3CCCc4cccc(OC)c43)s2)cc1,CC#C[C@@H](CC(=O)[O-])c1ccc(OCc2ccc(CN3CCCc4cccc(OC)c43)s2)cc1,"3,400",7,O,0,-1,1,0,SP2,FALSE,FALSE,2,515,516
mol264,CC#C[C@@H](CC(=O)O)c1ccc(OCc2ccc(N3CCC4(CCc5ccccc54)CC3)s2)cc1,CC#C[C@@H](CC(=O)[O-])c1ccc(OCc2ccc(N3CCC4(CCc5ccccc54)CC3)s2)cc1,"3,400",7,O,0,-1,1,0,SP2,FALSE,FALSE,2,517,518
mol265,CC#C[C@@H](CC(=O)O)c1ccc(OCc2ccc3nc(-c4c(C)cccc4C)nn3c2)cc1,CC#C[C@@H](CC(=O)[O-])c1ccc(OCc2ccc3nc(-c4c(C)cccc4C)nn3c2)cc1,"4,300",7,O,0,-1,1,0,SP2,FALSE,FALSE,2,519,520
mol266,CC#C[C@H](C)Oc1cc(N)c(Cl)cc1C(=O)N[C@@H]1C[C@H]2CC[C@@H](C1)[NH+]2C,CC#C[C@H](C)Oc1cc(N)c(Cl)cc1C(=O)N[C@@H]1C[C@H]2CC[C@@H](C1)N2C,"9,950",22,N,1,0,1,0,SP3,FALSE,TRUE,4,521,522
mol267,CC(=C1c2ccccc2CC1CC[NH+](C)C)c1cnccn1,CC(=C1c2ccccc2CC1CCN(C)C)c1cnccn1,"9,100",13,N,1,0,1,0,SP3,FALSE,FALSE,4,523,524
mol268,CC(=O)/C=C(/C)O,CC(=O)/C=C(/C)[O-],"7,640",6,O,0,-1,1,0,SP2,FALSE,FALSE,2,525,526
mol269,CC(=O)/C=C(O)/C=C/c1ccc(O[C@@H]2O[C@H](CO)[C@@H](O)[C@H](O)[C@H]2O)cc1,CC(=O)/C=C([O-])/C=C/c1ccc(O[C@@H]2O[C@H](CO)[C@@H](O)[C@H](O)[C@H]2O)cc1,"9,240",25,O,0,-1,1,0,SP2,FALSE,FALSE,2,527,528
mol270,CC(=O)/N=c1/sc(S([NH3+])(=O)=O)nn1C,CC(=O)/N=c1/sc(S(N)(=O)=O)nn1C,"7,300",12,N,1,0,3,2,SP3,FALSE,FALSE,4,529,530
mol271,CC(=O)/N=c1\sc(S([NH3+])(=O)=O)nn1C,CC(=O)/N=c1\sc(S(N)(=O)=O)nn1C,"7,300",12,N,1,0,3,2,SP3,FALSE,FALSE,4,531,532
mol272,CC(=O)/[NH+]=c1/c(-c2c(Cl)cccc2Cl)cc2c[nH+]c(C)nc2n1C,CC(=O)/[NH+]=c1/c(-c2c(Cl)cccc2Cl)cc2cnc(C)nc2n1C,"2,500",2,N,1,0,1,0,SP2,TRUE,TRUE,4,533,534
mol273,CC(=O)/[NH+]=c1\ccccn1C,CC(=O)/N=c1\ccccn1C,"7,120",3,N,1,0,1,0,SP2,FALSE,FALSE,4,536,535
mol274,CC(=O)C(=C(C)O)c1ccccc1,CC(=O)C(=C(C)[O-])c1ccccc1,"9,320",12,O,0,-1,1,0,SP2,FALSE,FALSE,2,537,538
mol275,CC(=O)C(=C[OH2+])C(C)=O,CC(=O)C(=CO)C(C)=O,"4,600",5,O,1,0,2,1,SP2,FALSE,FALSE,3,539,540
mol276,CC(=O)C(=O)O,CC(=O)C(=O)[O-],"2,390",5,O,0,-1,1,0,SP2,FALSE,FALSE,2,541,542
mol277,CC(=O)C(C)=C(C)O,CC(=O)C(C)=C(C)[O-],"10,790",4,O,0,-1,1,0,SP2,FALSE,FALSE,2,543,544
mol278,CC(=O)C(C)=C(O)C(C)C,CC(=O)C(C)=C([O-])C(C)C,"11,800",9,O,0,-1,1,0,SP2,FALSE,FALSE,2,545,546
mol279,CC(=O)C(C)C(C)(C)C(=O)O,CC(=O)C(C)C(C)(C)C(=O)[O-],"5,790",10,O,0,-1,1,0,SP2,FALSE,FALSE,2,547,548
mol280,CC(=O)C(CC[NH+]1CCOCC1)(c1ccccc1)c1ccccc1,CC(=O)C(CCN1CCOCC1)(c1ccccc1)c1ccccc1,"6,830",6,N,1,0,1,0,SP3,FALSE,TRUE,4,550,549
mol281,CC(=O)C(C[NH+]1CCCCC1)N=O,CC(=O)C(CN1CCCCC1)N=O,"8,875",5,N,1,0,1,0,SP3,FALSE,TRUE,4,551,552
mol282,CC(=O)C(C[NH+]1CCOCC1)N=O,CC(=O)C(CN1CCOCC1)N=O,"7,625",5,N,1,0,1,0,SP3,FALSE,TRUE,4,553,554
mol283,CC(=O)C(C[NH+]1CCOCC1)c1ccccc1,CC(=O)C(CN1CCOCC1)c1ccccc1,"6,230",5,N,1,0,1,0,SP3,FALSE,TRUE,4,556,555
mol284,CC(=O)C(Cc1ccc(C#N)cc1)=C(C)O,CC(=O)C(Cc1ccc(C#N)cc1)=C(C)[O-],"9,690",15,O,0,-1,1,0,SP2,FALSE,FALSE,2,557,558
mol285,CC(=O)C(Cc1ccc(Cl)cc1)=C(C)O,CC(=O)C(Cc1ccc(Cl)cc1)=C(C)[O-],"10,250",14,O,0,-1,1,0,SP2,FALSE,FALSE,2,559,560
mol286,CC(=O)C(Cc1ccccc1)=C(C)O,CC(=O)C(Cc1ccccc1)=C(C)[O-],"10,490",13,O,0,-1,1,0,SP2,FALSE,FALSE,2,561,562
mol287,CC(=O)C(Cl)N=O,CC(=O)[C-](Cl)N=O,"7,900",3,C,0,-1,1,0,SP3,FALSE,FALSE,4,563,564
mol288,CC(=O)C(N=O)=C(C)O,CC(=O)C(N=O)=C(C)[O-],"7,440",8,O,0,-1,1,0,SP2,FALSE,FALSE,2,565,566
mol289,CC(=O)C1=C(O)CCC1,CC(=O)C1=C([O-])CCC1,"7,820",8,O,0,-1,1,0,SP2,FALSE,FALSE,2,567,568
mol290,CC(=O)C1=C(O)CCCC1,CC(=O)C1=C([O-])CCCC1,"10,210",9,O,0,-1,1,0,SP2,FALSE,FALSE,2,569,570
mol291,CC(=O)C1=C(O)c2ccccc2C1=O,CC(=O)C1=C([O-])c2ccccc2C1=O,"2,880",13,O,0,-1,1,0,SP2,FALSE,FALSE,2,571,572
mol292,CC(=O)C=C(C)O,CC(=O)C=C(C)[O-],"8,850",6,O,0,-1,1,0,SP2,FALSE,FALSE,2,573,574
mol293,CC(=O)C=C(O)C(C)C,CC(=O)C=C([O-])C(C)C,"9,460",8,O,0,-1,1,0,SP2,FALSE,FALSE,2,575,576
mol294,CC(=O)C=C(O)CC(C)C,CC(=O)C=C([O-])CC(C)C,"9,070",9,O,0,-1,1,0,SP2,FALSE,FALSE,2,577,578
mol295,CC(=O)C=C(O)c1ccccc1,CC(=O)C=C([O-])c1ccccc1,"8,690",11,O,0,-1,1,0,SP2,FALSE,FALSE,2,579,580
mol296,CC(=O)C=C[OH2+],CC(=O)C=CO,"6,120",5,O,1,0,2,1,SP2,FALSE,FALSE,3,581,582
mol297,CC(=O)CC(c1ccccc1)c1c(O)c2ccccc2oc1=O,CC(=O)CC(c1ccccc1)c1c([O-])c2ccccc2oc1=O,"4,988",22,O,0,-1,1,0,SP2,FALSE,FALSE,2,583,584
mol298,CC(=O)CC(c1ccccc1)c1c(S)c2ccccc2oc1=O,CC(=O)CC(c1ccccc1)c1c([S-])c2ccccc2oc1=O,"6,600",22,S,0,-1,1,0,SP3,FALSE,FALSE,2,585,586
mol299,CC(=O)CCC(=O)O,CC(=O)CCC(=O)[O-],"4,630",7,O,0,-1,1,0,SP2,FALSE,FALSE,2,587,588
mol300,CC(=O)CCCC(=O)O,CC(=O)CCCC(=O)[O-],"4,660",8,O,0,-1,1,0,SP2,FALSE,FALSE,2,589,590
mol301,CC(=O)CCCC[NH+](C)C,CC(=O)CCCCN(C)C,"9,660",7,N,1,0,1,0,SP3,FALSE,FALSE,4,591,592
mol302,CC(=O)CC[NH+](C)C,CC(=O)CCN(C)C,"8,950",5,N,1,0,1,0,SP3,FALSE,FALSE,4,593,594
mol303,CC(=O)CC[NH+]1CCOCC1,CC(=O)CCN1CCOCC1,"6,660",5,N,1,0,1,0,SP3,FALSE,TRUE,4,596,595
mol304,CC(=O)C[C@@H](c1ccccc1)c1c(O)c2ccccc2oc1=O,CC(=O)C[C@@H](c1ccccc1)c1c([O-])c2ccccc2oc1=O,"6,655",22,O,0,-1,1,0,SP2,FALSE,FALSE,2,597,598
mol305,CC(=O)N(C)CC(=O)O,CC(=O)N(C)CC(=O)[O-],"3,160",8,O,0,-1,1,0,SP2,FALSE,FALSE,2,599,600
mol306,CC(=O)N(C)C[C@H]1C[C@H](c2ccc(C[NH+]3CCCC3)c(Cl)c2)C1,CC(=O)N(C)C[C@H]1C[C@H](c2ccc(CN3CCCC3)c(Cl)c2)C1,"9,300",16,N,1,0,1,0,SP3,FALSE,TRUE,4,601,602
mol307,CC(=O)N(C)O,CC(=O)N(C)[O-],"8,730",5,O,0,-1,1,0,SP3,FALSE,FALSE,2,603,604
mol308,CC(=O)N(C)c1cccc[nH+]1,CC(=O)N(C)c1ccccn1,"2,010",10,N,1,0,1,0,SP2,TRUE,TRUE,4,605,606
mol309,CC(=O)N(C)c1ccc[nH+]c1,CC(=O)N(C)c1cccnc1,"3,520",9,N,1,0,1,0,SP2,TRUE,TRUE,4,607,608
mol310,CC(=O)N(C)c1cc[nH+]cc1,CC(=O)N(C)c1ccncc1,"4,620",8,N,1,0,1,0,SP2,TRUE,TRUE,4,609,610
mol311,CC(=O)N(C)c1nc2nc(C)[nH+]cc2cc1-c1c(Cl)cccc1Cl,CC(=O)N(C)c1nc2nc(C)ncc2cc1-c1c(Cl)cccc1Cl,"4,200",2,N,1,0,1,0,SP2,TRUE,TRUE,4,611,612
mol312,CC(=O)N(C)c1nnc(S([NH3+])(=O)=O)s1,CC(=O)N(C)c1nnc(S(N)(=O)=O)s1,"7,400",13,N,1,0,3,2,SP3,FALSE,FALSE,4,613,614
mol313,CC(=O)N(O)CCc1ccccc1,CC(=O)N([O-])CCc1ccccc1,"8,830",12,O,0,-1,1,0,SP3,FALSE,FALSE,2,615,616
mol314,CC(=O)N(O)c1ccccc1,CC(=O)N([O-])c1ccccc1,"8,360",10,O,0,-1,1,0,SP3,FALSE,FALSE,2,617,618
mol315,CC(=O)N(c1ccccc1)c1nnc(S([NH3+])(=O)=O)s1,CC(=O)N(c1ccccc1)c1nnc(S(N)(=O)=O)s1,"7,320",18,N,1,0,3,2,SP3,FALSE,FALSE,4,619,620
mol316,CC(=O)N1CCC[C@H]1C(=O)O,CC(=O)N1CCC[C@H]1C(=O)[O-],"3,210",10,O,0,-1,1,0,SP2,FALSE,FALSE,2,621,622
mol317,CC(=O)N1CCNc2nc[nH+]c(C)c21,CC(=O)N1CCNc2ncnc(C)c21,"5,260",6,N,1,0,1,0,SP2,TRUE,TRUE,4,623,624
mol318,CC(=O)N1CC[NH+](C)CC1,CC(=O)N1CCN(C)CC1,"7,100",6,N,1,0,1,0,SP3,FALSE,TRUE,4,626,625
mol319,CC(=O)N1CC[NH+](CCC[C@@]2(c3ccccc3)CC(c3cc(F)ccc3F)=NN2C(C)=O)CC1,CC(=O)N1CCN(CCC[C@@]2(c3ccccc3)CC(c3cc(F)ccc3F)=NN2C(C)=O)CC1,"6,700",6,N,1,0,1,0,SP3,FALSE,TRUE,4,628,627
mol320,CC(=O)N1CC[NH2+]CC1,CC(=O)N1CCNCC1,"7,940",6,N,1,0,2,1,SP3,FALSE,TRUE,4,629,630
mol321,CC(=O)N1CS(=O)(=O)C[C@H]1C(=O)O,CC(=O)N1CS(=O)(=O)C[C@H]1C(=O)[O-],"2,230",12,O,0,-1,1,0,SP2,FALSE,FALSE,2,631,632
mol322,CC(=O)N1CS(=O)C[C@H]1C(=O)O,CC(=O)N1CS(=O)C[C@H]1C(=O)[O-],"2,500",11,O,0,-1,1,0,SP2,FALSE,FALSE,2,633,634
mol323,CC(=O)N1CSC[C@H]1C(=O)O,CC(=O)N1CSC[C@H]1C(=O)[O-],"2,940",10,O,0,-1,1,0,SP2,FALSE,FALSE,2,635,636
mol324,CC(=O)N1C[C@@]2(C(C)C)OC(=O)C[C@H]2[C@@H]1C(=O)O,CC(=O)N1C[C@@]2(C(C)C)OC(=O)C[C@H]2[C@@H]1C(=O)[O-],"3,200",14,O,0,-1,1,0,SP2,FALSE,FALSE,2,637,638
mol325,CC(=O)N1N=C(c2cc(F)ccc2F)C[C@@]1(CCC[NH+]1CC(F)C1)c1ccccc1,CC(=O)N1N=C(c2cc(F)ccc2F)C[C@@]1(CCCN1CC(F)C1)c1ccccc1,"7,100",19,N,1,0,1,0,SP3,FALSE,TRUE,4,640,639
mol326,CC(=O)N1N=C(c2cc(F)ccc2F)C[C@@]1(CCC[NH+]1CC2CCC1C2)c1ccccc1,CC(=O)N1N=C(c2cc(F)ccc2F)C[C@@]1(CCCN1CC2CCC1C2)c1ccccc1,"10,100",19,N,1,0,1,0,SP3,FALSE,TRUE,4,641,642
mol327,CC(=O)N1N=C(c2cc(F)ccc2F)C[C@@]1(CCC[NH+]1CCCC1)c1ccccc1,CC(=O)N1N=C(c2cc(F)ccc2F)C[C@@]1(CCCN1CCCC1)c1ccccc1,"9,400",19,N,1,0,1,0,SP3,FALSE,TRUE,4,643,644
mol328,CC(=O)N1N=C(c2cc(F)ccc2F)C[C@@]1(CCC[NH+]1CCOCC1)c1ccccc1,CC(=O)N1N=C(c2cc(F)ccc2F)C[C@@]1(CCCN1CCOCC1)c1ccccc1,"7,100",19,N,1,0,1,0,SP3,FALSE,TRUE,4,646,645
mol329,CC(=O)N1N=C(c2cc(F)ccc2F)C[C@@]1(CCC[NH+]1C[C@H]2C[C@@H]1CO2)c1ccccc1,CC(=O)N1N=C(c2cc(F)ccc2F)C[C@@]1(CCCN1C[C@H]2C[C@@H]1CO2)c1ccccc1,"8,000",19,N,1,0,1,0,SP3,FALSE,TRUE,4,647,648
mol330,CC(=O)NBr,CC(=O)[N-]Br,"8,100",3,N,0,-1,1,0,SP2,FALSE,FALSE,3,649,650
mol331,CC(=O)NCC(=O)O,CC(=O)NCC(=O)[O-],"3,600",7,O,0,-1,1,0,SP2,FALSE,FALSE,2,651,652
mol332,CC(=O)NCCS,CC(=O)NCC[S-],"9,500",6,S,0,-1,1,0,SP3,FALSE,FALSE,2,653,654
mol333,CC(=O)NCC[NH3+],CC(=O)NCCN,"9,280",6,N,1,0,3,2,SP3,FALSE,FALSE,4,655,656
mol334,CC(=O)NCc1cc(C)cc(CNC(C)=O)c1O,CC(=O)NCc1cc(C)cc(CNC(C)=O)c1[O-],"9,000",12,O,0,-1,1,0,SP2,FALSE,FALSE,2,657,658
mol335,CC(=O)NCc1cccc(Cn2nc([NH2+]S(=O)(=O)c3ccc(Cl)s3)c3c(C#N)cccc32)c1,CC(=O)NCc1cccc(Cn2nc(NS(=O)(=O)c3ccc(Cl)s3)c3c(C#N)cccc32)c1,"5,400",21,N,1,0,2,1,SP3,FALSE,FALSE,4,659,660
mol336,CC(=O)NCc1cccc(Cn2nc([NH2+]S(=O)(=O)c3ccc(Cl)s3)c3c(C(C)(C)O)cccc32)c1,CC(=O)NCc1cccc(Cn2nc(NS(=O)(=O)c3ccc(Cl)s3)c3c(C(C)(C)O)cccc32)c1,"5,460",21,N,1,0,2,1,SP3,FALSE,FALSE,4,661,662
mol337,CC(=O)NCc1cccc(Cn2nc([NH2+]S(=O)(=O)c3ccc(Cl)s3)c3c(C(C)O)cccc32)c1,CC(=O)NCc1cccc(Cn2nc(NS(=O)(=O)c3ccc(Cl)s3)c3c(C(C)O)cccc32)c1,"5,620",23,N,1,0,2,1,SP3,FALSE,FALSE,4,663,664
mol338,CC(=O)NCc1cccc(Cn2nc([NH2+]S(=O)(=O)c3ccc(Cl)s3)c3c(CO)cccc32)c1,CC(=O)NCc1cccc(Cn2nc(NS(=O)(=O)c3ccc(Cl)s3)c3c(CO)cccc32)c1,"5,660",21,N,1,0,2,1,SP3,FALSE,FALSE,4,665,666
mol339,CC(=O)NCc1cccc(Cn2nc([NH2+]S(=O)(=O)c3ccc(Cl)s3)c3c(Cl)cccc32)c1,CC(=O)NCc1cccc(Cn2nc(NS(=O)(=O)c3ccc(Cl)s3)c3c(Cl)cccc32)c1,"6,030",21,N,1,0,2,1,SP3,FALSE,FALSE,4,667,668
mol340,CC(=O)NCc1cccc(Cn2nc([NH2+]S(=O)(=O)c3ccc(Cl)s3)c3c(F)cccc32)c1,CC(=O)NCc1cccc(Cn2nc(NS(=O)(=O)c3ccc(Cl)s3)c3c(F)cccc32)c1,"5,620",21,N,1,0,2,1,SP3,FALSE,FALSE,4,669,670
mol341,CC(=O)NCc1cccc(Cn2nc([NH2+]S(=O)(=O)c3ccc(Cl)s3)c3ccccc32)c1,CC(=O)NCc1cccc(Cn2nc(NS(=O)(=O)c3ccc(Cl)s3)c3ccccc32)c1,"5,930",21,N,1,0,2,1,SP3,FALSE,FALSE,4,671,672
mol342,CC(=O)NCc1cccc[nH+]1,CC(=O)NCc1ccccn1,"4,230",10,N,1,0,1,0,SP2,TRUE,TRUE,4,673,674
mol343,CC(=O)NO,CC(=O)N[O-],"9,070",4,O,0,-1,1,0,SP3,FALSE,FALSE,2,675,676
mol344,CC(=O)NOCCc1ccccc1,CC(=O)[N-]OCCc1ccccc1,"9,580",3,N,0,-1,1,0,SP2,FALSE,FALSE,3,677,678
mol345,CC(=O)[NH2+]S(=O)(=O)c1ccc(C)cc1,CC(=O)NS(=O)(=O)c1ccc(C)cc1,"4,800",10,N,1,0,2,1,SP3,FALSE,FALSE,4,679,680
mol346,CC(=O)N[C@@H](Cc1cc(F)cc(F)c1)[C@H](O)C[NH2+]C1(c2cc(C(C)(C)C)ncn2)CCCCC1,CC(=O)N[C@@H](Cc1cc(F)cc(F)c1)[C@H](O)CNC1(c2cc(C(C)(C)C)ncn2)CCCCC1,"6,700",16,N,1,0,2,1,SP3,FALSE,FALSE,4,682,681
mol347,CC(=O)N[C@@H](Cc1cc(F)cc(F)c1)[C@H](O)C[NH2+]C1(c2cc(CC(C)(C)C)no2)CCCCC1,CC(=O)N[C@@H](Cc1cc(F)cc(F)c1)[C@H](O)CNC1(c2cc(CC(C)(C)C)no2)CCCCC1,"6,400",16,N,1,0,2,1,SP3,FALSE,FALSE,4,684,683
mol348,CC(=O)N[C@@H](Cc1cc(F)cc(F)c1)[C@H](O)C[NH2+]C1(c2cccc(-n3cccn3)c2)CC1,CC(=O)N[C@@H](Cc1cc(F)cc(F)c1)[C@H](O)CNC1(c2cccc(-n3cccn3)c2)CC1,"6,700",16,N,1,0,2,1,SP3,FALSE,FALSE,4,686,685
mol349,CC(=O)N[C@@H](Cc1cc(F)cc(F)c1)[C@H](O)C[NH2+]C1(c2cccc(-n3cccn3)c2)CCCCC1,CC(=O)N[C@@H](Cc1cc(F)cc(F)c1)[C@H](O)CNC1(c2cccc(-n3cccn3)c2)CCCCC1,"7,850",16,N,1,0,2,1,SP3,FALSE,FALSE,4,687,688
mol350,CC(=O)N[C@@H](Cc1cc(F)cc(F)c1)[C@H](O)C[NH2+]C1(c2cccc(C(C)(C)C(F)F)c2)CC1,CC(=O)N[C@@H](Cc1cc(F)cc(F)c1)[C@H](O)CNC1(c2cccc(C(C)(C)C(F)F)c2)CC1,"6,700",16,N,1,0,2,1,SP3,FALSE,FALSE,4,690,689
mol351,CC(=O)N[C@@H](Cc1cc(F)cc(F)c1)[C@H](O)C[NH2+]C1(c2cccc(C(C)(C)C)c2)CC1,CC(=O)N[C@@H](Cc1cc(F)cc(F)c1)[C@H](O)CNC1(c2cccc(C(C)(C)C)c2)CC1,"6,600",16,N,1,0,2,1,SP3,FALSE,FALSE,4,692,691
mol352,CC(=O)N[C@@H](Cc1cc(F)cc(F)c1)[C@H](O)C[NH2+]C1(c2cccc(C(C)(C)C)c2)CCC1,CC(=O)N[C@@H](Cc1cc(F)cc(F)c1)[C@H](O)CNC1(c2cccc(C(C)(C)C)c2)CCC1,"7,800",16,N,1,0,2,1,SP3,FALSE,FALSE,4,693,694
mol353,CC(=O)N[C@@H](Cc1cc(F)cc(F)c1)[C@H](O)C[NH2+]C1(c2cccc(C(C)(C)C)c2)CCCCC1,CC(=O)N[C@@H](Cc1cc(F)cc(F)c1)[C@H](O)CNC1(c2cccc(C(C)(C)C)c2)CCCCC1,"8,133",16,N,1,0,2,1,SP3,FALSE,FALSE,4,695,696
mol354,CC(=O)N[C@@H](Cc1cc(F)cc(F)c1)[C@H](O)C[NH2+]C1(c2cccc(C(C)(C)C)c2)CCOCC1,CC(=O)N[C@@H](Cc1cc(F)cc(F)c1)[C@H](O)CNC1(c2cccc(C(C)(C)C)c2)CCOCC1,"7,200",16,N,1,0,2,1,SP3,FALSE,FALSE,4,698,697
mol355,CC(=O)N[C@@H](Cc1cc(F)cc(F)c1)[C@H](O)C[NH2+]C1(c2cccc(C3CCOC3)c2)CCCCC1,CC(=O)N[C@@H](Cc1cc(F)cc(F)c1)[C@H](O)CNC1(c2cccc(C3CCOC3)c2)CCCCC1,"8,100",16,N,1,0,2,1,SP3,FALSE,FALSE,4,699,700
mol356,CC(=O)N[C@@H](Cc1cc(F)cc(F)c1)[C@H](O)C[NH2+]C1(c2cnn(CC(C)(C)C)c2)CC1,CC(=O)N[C@@H](Cc1cc(F)cc(F)c1)[C@H](O)CNC1(c2cnn(CC(C)(C)C)c2)CC1,"7,050",16,N,1,0,2,1,SP3,FALSE,FALSE,4,702,701
mol357,CC(=O)N[C@@H](Cc1cc(F)cc(F)c1)[C@H](O)C[NH2+][C@H]1CCCc2ccc(CC(C)(C)C)cc21,CC(=O)N[C@@H](Cc1cc(F)cc(F)c1)[C@H](O)CN[C@H]1CCCc2ccc(CC(C)(C)C)cc21,"8,900",16,N,1,0,2,1,SP3,FALSE,FALSE,4,703,704
mol358,CC(=O)N[C@@H](Cc1cc(F)cc(F)c1)[C@H](O)[C@H]1CC[C@@H](OCC2CCCCC2)C[NH2+]1,CC(=O)N[C@@H](Cc1cc(F)cc(F)c1)[C@H](O)[C@H]1CC[C@@H](OCC2CCCCC2)CN1,"8,600",20,N,1,0,2,1,SP3,FALSE,TRUE,4,705,706
mol359,CC(=O)N[C@@H](Cc1cc(F)cc(F)c1)[C@H](O)[C@H]1CO[C@@H](OCC(C)(C)C)[C@H](C)[NH2+]1,CC(=O)N[C@@H](Cc1cc(F)cc(F)c1)[C@H](O)[C@H]1CO[C@@H](OCC(C)(C)C)[C@H](C)N1,"6,900",6,N,1,0,2,1,SP3,FALSE,TRUE,4,708,707
mol360,CC(=O)N[C@@H](Cc1cc(F)cc(F)c1)[C@H](O)[C@H]1CO[C@@H](OCC2CCCCC2)C[NH2+]1,CC(=O)N[C@@H](Cc1cc(F)cc(F)c1)[C@H](O)[C@H]1CO[C@@H](OCC2CCCCC2)CN1,"6,700",20,N,1,0,2,1,SP3,FALSE,TRUE,4,710,709
mol361,CC(=O)N[C@@H](Cc1cc(F)cc(F)c1)[C@H](O)[C@H]1CO[C@@H](OCC2CCCCC2)[C@H](C)[NH2+]1,CC(=O)N[C@@H](Cc1cc(F)cc(F)c1)[C@H](O)[C@H]1CO[C@@H](OCC2CCCCC2)[C@H](C)N1,"6,700",6,N,1,0,2,1,SP3,FALSE,TRUE,4,712,711
mol362,CC(=O)N[C@@H](Cc1cc(F)cc(F)c1)[C@H](O)[C@H]1C[C@@H](OCC2CCCCC2)C[NH2+]1,CC(=O)N[C@@H](Cc1cc(F)cc(F)c1)[C@H](O)[C@H]1C[C@@H](OCC2CCCCC2)CN1,"8,200",19,N,1,0,2,1,SP3,FALSE,TRUE,4,713,714
mol363,CC(=O)N[C@H]1[C@H]([C@H](O)[C@H](O)CCP(=O)([O-])[O-])O[C@](O)(C(=O)O)C[C@@H]1O,CC(=O)N[C@H]1[C@H]([C@H](O)[C@H](O)CCP(=O)([O-])[O-])O[C@](O)(C(=O)[O-])C[C@@H]1O,"3,500",22,O,0,-1,1,0,SP2,FALSE,FALSE,2,715,716
mol364,CC(=O)N[C@H]1[C@H]([C@H](O)[C@H](O)COP(=O)([O-])[O-])O[C@](O)(C(=O)O)C[C@@H]1O,CC(=O)N[C@H]1[C@H]([C@H](O)[C@H](O)COP(=O)([O-])[O-])O[C@](O)(C(=O)[O-])C[C@@H]1O,"3,600",22,O,0,-1,1,0,SP2,FALSE,FALSE,2,717,718
mol365,CC(=O)N[C@H]1CC(=O)NC1=O,CC(=O)N[C@H]1CC(=O)[N-]C1=O,"8,850",8,N,0,-1,1,0,SP2,FALSE,TRUE,3,719,720
mol366,CC(=O)N[C@H]1CO[NH2+]C1=O,CC(=O)N[C@H]1CONC1=O,"5,800",7,N,1,0,2,1,SP3,FALSE,TRUE,4,721,722
mol368,CC(=O)Nc1ccc([NH3+])cc1,CC(=O)Nc1ccc(N)cc1,"4,460",10,N,1,0,3,2,SP3,FALSE,FALSE,4,723,724
mol370,CC(=O)Nc1ccc(O)cc1,CC(=O)Nc1ccc([O-])cc1,"9,543",10,O,0,-1,1,0,SP2,FALSE,FALSE,2,725,726
mol371,CC(=O)Nc1ccc(OC(=O)Nc2cc(C(=O)c3ccccc3)ccc2O)cc1,CC(=O)Nc1ccc(OC(=O)Nc2cc(C(=O)c3ccccc3)ccc2[O-])cc1,"9,490",20,O,0,-1,1,0,SP2,FALSE,FALSE,2,727,728
mol372,CC(=O)Nc1ccc(OC(=O)Nc2cc(Cl)ccc2O)cc1,CC(=O)Nc1ccc(OC(=O)Nc2cc(Cl)ccc2[O-])cc1,"9,490",20,O,0,-1,1,0,SP2,FALSE,FALSE,2,729,730
mol373,CC(=O)Nc1ccc(OC(=O)Nc2ccc(C(=O)c3ccccc3)cc2O)cc1,CC(=O)Nc1ccc(OC(=O)Nc2ccc(C(=O)c3ccccc3)cc2[O-])cc1,"9,490",20,O,0,-1,1,0,SP2,FALSE,FALSE,2,731,732
mol374,CC(=O)Nc1ccc(S(=O)(=O)[NH2+]c2nccs2)cc1,CC(=O)Nc1ccc(S(=O)(=O)Nc2nccs2)cc1,"5,870",13,N,1,0,2,1,SP3,FALSE,FALSE,4,733,734
mol375,CC(=O)Nc1ccc(S(=O)(=O)Nc2nccc(C)n2)cc1,CC(=O)Nc1ccc(S(=O)(=O)[N-]c2nccc(C)n2)cc1,"5,460",7,N,0,-1,1,0,SP2,FALSE,FALSE,3,735,736
mol376,CC(=O)Nc1ccc(S(N)(=O)=O)cc1,CC(=O)Nc1ccc(S([NH-])(=O)=O)cc1,"10,020",13,N,0,-1,2,1,SP3,FALSE,FALSE,3,737,738
mol377,CC(=O)Nc1ccc(S)cc1,CC(=O)Nc1ccc([S-])cc1,"6,080",10,S,0,-1,1,0,SP3,FALSE,FALSE,2,739,740
mol378,CC(=O)Nc1ccc2cc3ccccc3[nH+]c2c1,CC(=O)Nc1ccc2cc3ccccc3nc2c1,"5,600",15,N,1,0,1,0,SP2,TRUE,TRUE,4,741,742
mol380,CC(=O)Nc1ccc2nc(OCC[NH+](C)C)ccc2c1,CC(=O)Nc1ccc2nc(OCCN(C)C)ccc2c1,"9,940",17,N,1,0,1,0,SP3,FALSE,FALSE,4,743,744
mol381,CC(=O)Nc1ccc2nc(SCC[NH+](C)C)ccc2c1,CC(=O)Nc1ccc2nc(SCCN(C)C)ccc2c1,"11,550",17,N,1,0,1,0,SP3,FALSE,FALSE,4,745,746
mol382,CC(=O)Nc1ccc2[nH+]c3ccccc3cc2c1,CC(=O)Nc1ccc2nc3ccccc3cc2c1,"4,700",17,N,1,0,1,0,SP2,TRUE,TRUE,4,747,748
mol383,CC(=O)Nc1ccc2[nH+]cccc2c1,CC(=O)Nc1ccc2ncccc2c1,"5,510",13,N,1,0,1,0,SP2,TRUE,TRUE,4,749,750
mol384,CC(=O)Nc1cccc(Nc2c3ccccc3[nH+]c3ccccc23)c1,CC(=O)Nc1cccc(Nc2c3ccccc3nc3ccccc23)c1,"7,160",18,N,1,0,1,0,SP2,TRUE,TRUE,4,751,752
mol385,CC(=O)Nc1cccc(O)c1,CC(=O)Nc1cccc([O-])c1,"9,380",10,O,0,-1,1,0,SP2,FALSE,FALSE,2,753,754
mol386,CC(=O)Nc1cccc(OC(=O)Nc2cc(Cl)ccc2O)c1,CC(=O)Nc1cccc(OC(=O)Nc2cc(Cl)ccc2[O-])c1,"9,380",20,O,0,-1,1,0,SP2,FALSE,FALSE,2,755,756
mol387,CC(=O)Nc1cccc2cc3ccccc3[nH+]c12,CC(=O)Nc1cccc2cc3ccccc3nc12,"3,000",10,N,1,0,1,0,SP2,TRUE,TRUE,4,757,758
mol388,CC(=O)Nc1cccc2[nH+]c3ccccc3cc12,CC(=O)Nc1cccc2nc3ccccc3cc12,"4,400",17,N,1,0,1,0,SP2,TRUE,TRUE,4,759,760
mol389,CC(=O)Nc1ccccc1Nc1c2ccccc2[nH+]c2ccccc12,CC(=O)Nc1ccccc1Nc1c2ccccc2nc2ccccc12,"7,240",18,N,1,0,1,0,SP2,TRUE,TRUE,4,761,762
mol390,CC(=O)Nc1cccc[nH+]1,CC(=O)Nc1ccccn1,"4,090",9,N,1,0,1,0,SP2,TRUE,TRUE,4,763,764
mol391,CC(=O)Nc1ccc[nH+]c1,CC(=O)Nc1cccnc1,"4,440",8,N,1,0,1,0,SP2,TRUE,TRUE,4,765,766
mol392,CC(=O)Nc1cc[nH+]c(N2CCc3ccccc3C2)c1,CC(=O)Nc1ccnc(N2CCc3ccccc3C2)c1,"6,500",7,N,1,0,1,0,SP2,TRUE,TRUE,4,767,768
mol393,CC(=O)Nc1cc[nH+]cc1,CC(=O)Nc1ccncc1,"5,870",7,N,1,0,1,0,SP2,TRUE,TRUE,4,769,770
mol394,CC(=O)Nc1nnc(-c2ccccc2)s1,CC(=O)[N-]c1nnc(-c2ccccc2)s1,"8,900",3,N,0,-1,1,0,SP2,FALSE,FALSE,3,771,772
mol395,CC(=O)OC(C)C[NH+](C)C,CC(=O)OC(C)CN(C)C,"8,310",3,N,1,0,1,0,SP3,FALSE,FALSE,4,773,774
mol396,CC(=O)OC1C[NH+]2CCC1CC2,CC(=O)OC1CN2CCC1CC2,"9,270",6,N,1,0,1,0,SP3,FALSE,TRUE,4,775,776
mol397,CC(=O)OCC1CC2CC[NH+]1CC2,CC(=O)OCC1CC2CCN1CC2,"9,880",10,N,1,0,1,0,SP3,FALSE,TRUE,4,777,778
mol398,CC(=O)OCC1C[NH+]2CCC1CC2,CC(=O)OCC1CN2CCC1CC2,"10,290",7,N,1,0,1,0,SP3,FALSE,TRUE,4,779,780
mol399,CC(=O)OCCCCCc1ccc(S(N)(=O)=O)cc1,CC(=O)OCCCCCc1ccc(S([NH-])(=O)=O)cc1,"10,300",18,N,0,-1,2,1,SP3,FALSE,FALSE,3,781,782
mol400,CC(=O)OCCCCc1ccc(S(N)(=O)=O)cc1,CC(=O)OCCCCc1ccc(S([NH-])(=O)=O)cc1,"10,480",17,N,0,-1,2,1,SP3,FALSE,FALSE,3,783,784
mol401,CC(=O)OCCCS(=O)(=O)c1ccc(S(N)(=O)=O)s1,CC(=O)OCCCS(=O)(=O)c1ccc(S([NH-])(=O)=O)s1,"8,050",18,N,0,-1,2,1,SP3,FALSE,FALSE,3,785,786
mol402,CC(=O)OCCCc1ccc(S(N)(=O)=O)cc1,CC(=O)OCCCc1ccc(S([NH-])(=O)=O)cc1,"10,220",16,N,0,-1,2,1,SP3,FALSE,FALSE,3,787,788
mol403,CC(=O)OCCS(=O)(=O)c1ccc(S(N)(=O)=O)s1,CC(=O)OCCS(=O)(=O)c1ccc(S([NH-])(=O)=O)s1,"8,650",17,N,0,-1,2,1,SP3,FALSE,FALSE,3,789,790
mol404,CC(=O)OCC[NH+](C)C,CC(=O)OCCN(C)C,"8,300",6,N,1,0,1,0,SP3,FALSE,FALSE,4,791,792
mol405,CC(=O)OCCc1c[nH+]c[nH]1,CC(=O)OCCc1cnc[nH]1,"6,970",8,N,1,0,1,0,SP2,TRUE,TRUE,4,793,794
mol406,CC(=O)OO,CC(=O)O[O-],"8,190",4,O,0,-1,1,0,SP3,FALSE,FALSE,2,795,796
mol407,CC(=O)O[C@@H]([C@H]1C[C@@H](C)[C@H]2[C@H](O1)[C@H](O)[C@@]1(C)[C@@H]3CC[C@H]4C(C)(C)[C@@H](O[C@H]5C[NH+](C6COC6)CCO5)CC[C@@]45C[C@@]35CC[C@]21C)C(C)(C)O,CC(=O)O[C@@H]([C@H]1C[C@@H](C)[C@H]2[C@H](O1)[C@H](O)[C@@]1(C)[C@@H]3CC[C@H]4C(C)(C)[C@@H](O[C@H]5CN(C6COC6)CCO5)CC[C@@]45C[C@@]35CC[C@]21C)C(C)(C)O,"4,600",30,N,1,0,1,0,SP3,FALSE,TRUE,4,798,797
mol408,CC(=O)O[C@@H]([C@H]1C[C@@H](C)[C@H]2[C@H](O1)[C@H](O)[C@@]1(C)[C@@H]3CC[C@H]4C(C)(C)[C@@H](O[C@H]5C[NH2+]CCO5)CC[C@@]45C[C@@]35CC[C@]21C)C(C)(C)O,CC(=O)O[C@@H]([C@H]1C[C@@H](C)[C@H]2[C@H](O1)[C@H](O)[C@@]1(C)[C@@H]3CC[C@H]4C(C)(C)[C@@H](O[C@H]5CNCCO5)CC[C@@]45C[C@@]35CC[C@]21C)C(C)(C)O,"7,700",30,N,1,0,2,1,SP3,FALSE,TRUE,4,799,800
mol409,CC(=O)Oc1c(C)cc(OCC(O)C[NH2+]C(C)C)c(C)c1C,CC(=O)Oc1c(C)cc(OCC(O)CNC(C)C)c(C)c1C,"9,540",17,N,1,0,2,1,SP3,FALSE,FALSE,4,801,802
mol410,CC(=O)Oc1cc(C(C)C)c(OCC[NH+](C)C)cc1C,CC(=O)Oc1cc(C(C)C)c(OCCN(C)C)cc1C,"8,720",17,N,1,0,1,0,SP3,FALSE,FALSE,4,803,804
mol411,CC(=O)Oc1ccc2c3c1O[C@H]1[C@@H](OC(C)=O)C=C[C@H]4[C@@H](C2)[NH+](C)CC[C@@]341,CC(=O)Oc1ccc2c3c1O[C@H]1[C@@H](OC(C)=O)C=C[C@H]4[C@@H](C2)N(C)CC[C@@]341,"7,950",15,N,1,0,1,0,SP3,FALSE,TRUE,4,805,806
mol412,CC(=O)Oc1cccc2cccc(O)c12,CC(=O)Oc1cccc2cccc([O-])c12,"9,690",14,O,0,-1,1,0,SP2,FALSE,FALSE,2,807,808
mol413,CC(=O)Oc1cccc2ccc[nH+]c12,CC(=O)Oc1cccc2cccnc12,"3,300",10,N,1,0,1,0,SP2,TRUE,TRUE,4,809,810
mol414,CC(=O)Oc1ccccc1C(=O)NCC(=O)O,CC(=O)Oc1ccccc1C(=O)NCC(=O)[O-],"3,770",16,O,0,-1,1,0,SP2,FALSE,FALSE,2,811,812
mol415,CC(=O)Oc1ccccc1C(=O)O,CC(=O)Oc1ccccc1C(=O)[O-],"3,500",12,O,0,-1,1,0,SP2,FALSE,FALSE,2,813,814
mol416,CC(=O)SCC[NH+](C)C,CC(=O)SCCN(C)C,"8,270",6,N,1,0,1,0,SP3,FALSE,FALSE,4,815,816
mol417,CC(=O)Sc1ccc(O)cc1,CC(=O)Sc1ccc([O-])cc1,"8,880",10,O,0,-1,1,0,SP2,FALSE,FALSE,2,817,818
mol418,CC(=O)[C@@H]1C[C@@H]1C(=O)O,CC(=O)[C@@H]1C[C@@H]1C(=O)[O-],"4,190",8,O,0,-1,1,0,SP2,FALSE,FALSE,2,819,820
mol419,CC(=O)[C@@H]1C[C@H](C(=O)O)C1(C)C,CC(=O)[C@@H]1C[C@H](C(=O)[O-])C1(C)C,"4,630",11,O,0,-1,1,0,SP2,FALSE,FALSE,2,821,822
mol420,CC(=O)[C@H]1CC=CC[C@@H]1C(=O)O,CC(=O)[C@H]1CC=CC[C@@H]1C(=O)[O-],"4,400",11,O,0,-1,1,0,SP2,FALSE,FALSE,2,823,824
mol421,CC(=O)[C@H]1C[C@@H](CC(=O)O)C1(C)C,CC(=O)[C@H]1C[C@@H](CC(=O)[O-])C1(C)C,"4,820",12,O,0,-1,1,0,SP2,FALSE,FALSE,2,825,826
mol422,CC(=O)[NH+]=C(N(C)C)N(C)C,CC(=O)N=C(N(C)C)N(C)C,"7,500",3,N,1,0,1,0,SP2,FALSE,FALSE,4,827,828
mol423,CC(=O)c1cc(C(=O)C(C)(C)C)n[nH]1,CC(=O)c1cc(C(=O)C(C)(C)C)n[n-]1,"9,700",7,N,0,-1,1,0,SP2,TRUE,TRUE,3,829,830
mol424,CC(=O)c1cc(C(=O)c2ccccc2)[nH]n1,CC(=O)c1cc(C(=O)c2ccccc2)[n-]n1,"9,010",6,N,0,-1,1,0,SP2,TRUE,TRUE,3,831,832
mol425,CC(=O)c1cc(C(C)=O)[nH]n1,CC(=O)c1cc(C(C)=O)[n-]n1,"8,980",7,N,0,-1,1,0,SP2,TRUE,TRUE,3,833,834
mol426,CC(=O)c1cc(C)c(C)cc1O,CC(=O)c1cc(C)c(C)cc1[O-],"11,560",8,O,0,-1,1,0,SP2,FALSE,FALSE,2,835,836
mol427,CC(=O)c1ccc(/N=N/c2c(N)[nH][nH+]c2N)cc1,CC(=O)c1ccc(/N=N/c2c(N)n[nH]c2N)cc1,"3,320",14,N,1,0,1,0,SP2,TRUE,TRUE,4,837,838
mol428,CC(=O)c1ccc(C(=O)O)cc1,CC(=O)c1ccc(C(=O)[O-])cc1,"3,720",11,O,0,-1,1,0,SP2,FALSE,FALSE,2,839,840
mol429,CC(=O)c1ccc(C(=O)O)s1,CC(=O)c1ccc(C(=O)[O-])s1,"3,000",10,O,0,-1,1,0,SP2,FALSE,FALSE,2,841,842
mol430,CC(=O)c1ccc(CC(=O)O)s1,CC(=O)c1ccc(CC(=O)[O-])s1,"3,800",11,O,0,-1,1,0,SP2,FALSE,FALSE,2,843,844
mol431,CC(=O)c1ccc(Cc2c3ccccc3[nH+]c3ccccc23)cc1,CC(=O)c1ccc(Cc2c3ccccc3nc3ccccc23)cc1,"6,120",17,N,1,0,1,0,SP2,TRUE,TRUE,4,845,846
mol432,CC(=O)c1ccc([NH3+])cc1,CC(=O)c1ccc(N)cc1,"2,385",9,N,1,0,3,2,SP3,FALSE,FALSE,4,847,848
mol433,CC(=O)c1ccc(Nc2c3ccccc3[nH+]c3ccccc23)cc1,CC(=O)c1ccc(Nc2c3ccccc3nc3ccccc23)cc1,"6,120",17,N,1,0,1,0,SP2,TRUE,TRUE,4,849,850
mol434,CC(=O)c1ccc([OH2+])c2ncccc12,CC(=O)c1ccc(O)c2ncccc12,"5,860",13,O,1,0,2,1,SP2,FALSE,FALSE,3,851,852
mol435,CC(=O)c1ccc(O)cc1,CC(=O)c1ccc([O-])cc1,"7,900",9,O,0,-1,1,0,SP2,FALSE,FALSE,2,853,854
mol436,CC(=O)c1ccc(NS(=O)(=O)c2ccccc2)cc1,CC(=O)c1ccc([N-]S(=O)(=O)c2ccccc2)cc1,"6,940",9,N,0,-1,1,0,SP2,FALSE,FALSE,3,855,856
mol437,CC(=O)c1ccc(S)cc1,CC(=O)c1ccc([S-])cc1,"5,330",9,S,0,-1,1,0,SP3,FALSE,FALSE,2,857,858
mol438,CC(=O)c1cccc(C(=O)O)c1,CC(=O)c1cccc(C(=O)[O-])c1,"3,840",11,O,0,-1,1,0,SP2,FALSE,FALSE,2,859,860
mol439,CC(=O)c1cccc([NH3+])c1,CC(=O)c1cccc(N)c1,"3,610",9,N,1,0,3,2,SP3,FALSE,FALSE,4,861,862
mol440,CC(=O)c1cccc([NH2+]S(=O)(=O)C(F)(F)F)c1,CC(=O)c1cccc(NS(=O)(=O)C(F)(F)F)c1,"3,750",9,N,1,0,2,1,SP3,FALSE,FALSE,4,863,864
mol441,CC(=O)c1cccc(O)c1,CC(=O)c1cccc([O-])c1,"9,120",9,O,0,-1,1,0,SP2,FALSE,FALSE,2,865,866
mol442,CC(=O)c1ccccc1C(=O)O,CC(=O)c1ccccc1C(=O)[O-],"4,150",11,O,0,-1,1,0,SP2,FALSE,FALSE,2,867,868
mol443,CC(=O)c1ccccc1[NH3+],CC(=O)c1ccccc1N,"2,310",9,N,1,0,3,2,SP3,FALSE,FALSE,4,869,870
mol444,CC(=O)c1ccccc1N=NC(C(=O)c1ccccc1)=C(O)c1ccccc1,CC(=O)c1ccccc1N=NC(C(=O)c1ccccc1)=C([O-])c1ccccc1,"9,200",19,O,0,-1,1,0,SP2,FALSE,FALSE,2,871,872
mol445,CC(=O)c1ccccc1O,CC(=O)c1ccccc1[O-],"10,370",9,O,0,-1,1,0,SP2,FALSE,FALSE,2,873,874
mol446,CC(=O)c1ccc[nH+]c1,CC(=O)c1cccnc1,"3,320",7,N,1,0,1,0,SP2,TRUE,TRUE,4,875,876
mol447,CC(=O)c1ccn[nH]1,CC(=O)c1ccn[n-]1,"11,850",7,N,0,-1,1,0,SP2,TRUE,TRUE,3,877,878
mol448,CC(=O)c1cc[nH+]cc1,CC(=O)c1ccncc1,"3,600",6,N,1,0,1,0,SP2,TRUE,TRUE,4,879,880
mol449,CC(=O)n1cc[nH+]c1,CC(=O)n1ccnc1,"3,600",6,N,1,0,1,0,SP2,TRUE,TRUE,4,881,882
mol450,CC(=O)n1cc[nH+]c1C,CC(=O)n1ccnc1C,"5,030",2,N,1,0,1,0,SP2,TRUE,TRUE,4,883,884
mol451,CC(=S)Nc1ccc(Cl)cc1,CC(=S)[N-]c1ccc(Cl)cc1,"11,060",3,N,0,-1,1,0,SP2,FALSE,FALSE,3,885,886
mol452,CC(=S)Nc1ccccc1,CC(=S)[N-]c1ccccc1,"11,560",3,N,0,-1,1,0,SP2,FALSE,FALSE,3,887,888
mol453,CC(=[NH2+])N1C2CC(OC(=O)C(CO)c3ccccc3)CC1C1OC12,CC(=N)N1C2CC(OC(=O)C(CO)c3ccccc3)CC1C1OC12,"10,740",2,N,1,0,2,1,SP2,FALSE,FALSE,4,889,890
mol454,CC(=[NH2+])N1C2CCC1CC(OC(=O)C(CO)c1ccccc1)C2,CC(=N)N1C2CCC1CC(OC(=O)C(CO)c1ccccc1)C2,"10,920",2,N,1,0,2,1,SP2,FALSE,FALSE,4,891,892
mol455,CC(Br)C(=O)O,CC(Br)C(=O)[O-],"2,970",4,O,0,-1,1,0,SP2,FALSE,FALSE,2,893,894
mol456,CC(C#N)(CC(=O)O)c1ccccc1,CC(C#N)(CC(=O)[O-])c1ccccc1,"3,990",5,O,0,-1,1,0,SP2,FALSE,FALSE,2,895,896
mol457,CC(C#N)(Cc1ccccc1)C(=O)O,CC(C#N)(Cc1ccccc1)C(=O)[O-],"2,290",13,O,0,-1,1,0,SP2,FALSE,FALSE,2,897,898
mol458,CC(C#N)C(=O)O,CC(C#N)C(=O)[O-],"2,370",6,O,0,-1,1,0,SP2,FALSE,FALSE,2,899,900
mol459,CC(C#N)C(C)(C)C(=O)O,CC(C#N)C(C)(C)C(=O)[O-],"3,970",9,O,0,-1,1,0,SP2,FALSE,FALSE,2,901,902
mol460,CC(C#N)CC(=O)O,CC(C#N)CC(=O)[O-],"3,950",5,O,0,-1,1,0,SP2,FALSE,FALSE,2,903,904
mol461,CC(C#N)CN,CC(C#N)C[NH-],"7,750",3,N,0,-1,2,1,SP3,FALSE,FALSE,3,905,906
mol462,CC(C(=O)O)C(C#N)c1ccccc1,CC(C(=O)[O-])C(C#N)c1ccccc1,"3,700",13,O,0,-1,1,0,SP2,FALSE,FALSE,2,907,908
mol463,CC(C(=O)O)c1ccc(-c2ccccc2)c(F)c1,CC(C(=O)[O-])c1ccc(-c2ccccc2)c(F)c1,"4,387",17,O,0,-1,1,0,SP2,FALSE,FALSE,2,909,910
mol464,CC(C(=O)O)c1ccc(C(=O)c2cccs2)cc1,CC(C(=O)[O-])c1ccc(C(=O)c2cccs2)cc1,"4,000",17,O,0,-1,1,0,SP2,FALSE,FALSE,2,911,912
mol465,CC(C(=O)O)c1ccc(N2Cc3ccccc3C2=O)cc1,CC(C(=O)[O-])c1ccc(N2Cc3ccccc3C2=O)cc1,"4,600",20,O,0,-1,1,0,SP2,FALSE,FALSE,2,913,914
mol466,CC(C(=O)O)c1ccc2c(c1)[nH]c1ccc(Cl)cc12,CC(C(=O)[O-])c1ccc2c(c1)[nH]c1ccc(Cl)cc12,"4,700",18,O,0,-1,1,0,SP2,FALSE,FALSE,2,915,916
mol467,CC(C(=O)O)c1ccc2oc(-c3ccc(Cl)cc3)nc2c1,CC(C(=O)[O-])c1ccc2oc(-c3ccc(Cl)cc3)nc2c1,"6,900",20,O,0,-1,1,0,SP2,FALSE,FALSE,2,917,918
mol468,CC(C(=O)O)c1cccc(C(=O)c2ccccc2)c1,CC(C(=O)[O-])c1cccc(C(=O)c2ccccc2)c1,"4,353",18,O,0,-1,1,0,SP2,FALSE,FALSE,2,919,920
mol469,CC(C(=O)O)c1cccc(Oc2ccccc2)c1,CC(C(=O)[O-])c1cccc(Oc2ccccc2)c1,"4,500",17,O,0,-1,1,0,SP2,FALSE,FALSE,2,921,922
mol470,CC(C(=O)O)c1cccc2nc(-c3ccc(Cl)cc3)oc12,CC(C(=O)[O-])c1cccc2nc(-c3ccc(Cl)cc3)oc12,"6,250",20,O,0,-1,1,0,SP2,FALSE,FALSE,2,923,924
mol471,CC(C(=O)O)c1cccc2nc(-c3ccccc3)oc12,CC(C(=O)[O-])c1cccc2nc(-c3ccccc3)oc12,"6,200",19,O,0,-1,1,0,SP2,FALSE,FALSE,2,925,926
mol472,CC(C(N)=O)S(=O)(=O)[NH2+]C(N)=O,CC(C(N)=O)S(=O)(=O)NC(N)=O,"5,210",8,N,1,0,2,1,SP3,FALSE,FALSE,4,927,928
mol473,CC(C(N)=O)S(N)(=O)=O,CC(C(N)=O)S([NH-])(=O)=O,"9,860",8,N,0,-1,2,1,SP3,FALSE,FALSE,3,929,930
mol474,CC(C(O)c1ccccc1)[NH+](C)C,CC(C(O)c1ccccc1)N(C)C,"9,300",10,N,1,0,1,0,SP3,FALSE,FALSE,4,931,932
mol475,CC(C)(C#N)CC(=O)O,CC(C)(C#N)CC(=O)[O-],"4,040",6,O,0,-1,1,0,SP2,FALSE,FALSE,2,933,934
mol476,CC(C)(C(=O)O)C(C#N)c1ccccc1,CC(C)(C(=O)[O-])C(C#N)c1ccccc1,"3,950",14,O,0,-1,1,0,SP2,FALSE,FALSE,2,935,936
mol477,CC(C)(C(=O)O)C(C(N)=O)c1ccccc1,CC(C)(C(=O)[O-])C(C(N)=O)c1ccccc1,"4,800",15,O,0,-1,1,0,SP2,FALSE,FALSE,2,937,938
mol478,CC(C)(C(=O)O)c1nnnn1C1CCCCC1,CC(C)(C(=O)[O-])c1nnnn1C1CCCCC1,"3,700",16,O,0,-1,1,0,SP2,FALSE,FALSE,2,939,940
mol479,CC(C)(C(N)=O)S(=O)(=O)[NH2+]C(N)=O,CC(C)(C(N)=O)S(=O)(=O)NC(N)=O,"5,150",9,N,1,0,2,1,SP3,FALSE,FALSE,4,941,942
mol480,CC(C)(C(N)=O)S(N)(=O)=O,CC(C)(C(N)=O)S([NH-])(=O)=O,"9,920",9,N,0,-1,2,1,SP3,FALSE,FALSE,3,943,944
mol481,CC(C)(C)/C(N)=[NH+]/O,CC(C)(C)/C(N)=N/O,"5,800",5,N,1,0,1,0,SP2,FALSE,FALSE,4,946,945
mol482,CC(C)(C)C#CC(=O)O,CC(C)(C)C#CC(=O)[O-],"2,660",8,O,0,-1,1,0,SP2,FALSE,FALSE,2,947,948
mol483,CC(C)(C)C(=O)C(=O)O,CC(C)(C)C(=O)C(=O)[O-],"2,300",8,O,0,-1,1,0,SP2,FALSE,FALSE,2,949,950
mol484,CC(C)(C)C(=O)C=C(O)C(C)(C)C,CC(C)(C)C(=O)C=C([O-])C(C)(C)C,"11,770",12,O,0,-1,1,0,SP2,FALSE,FALSE,2,951,952
mol485,CC(C)(C)C(=O)C[NH+]1CCC(CNC(=O)c2cc(Cl)cc(Cl)c2)CC1,CC(C)(C)C(=O)CN1CCC(CNC(=O)c2cc(Cl)cc(Cl)c2)CC1,"8,000",7,N,1,0,1,0,SP3,FALSE,TRUE,4,953,954
mol486,CC(C)(C)C(=O)NO,CC(C)(C)C(=O)N[O-],"9,590",7,O,0,-1,1,0,SP3,FALSE,FALSE,2,955,956
mol487,CC(C)(C)C(=O)O,CC(C)(C)C(=O)[O-],"5,040",6,O,0,-1,1,0,SP2,FALSE,FALSE,2,957,958
mol488,CC(C)(C)C(=O)c1ccc2n1CCC2C(=O)O,CC(C)(C)C(=O)c1ccc2n1CCC2C(=O)[O-],"3,570",16,O,0,-1,1,0,SP2,FALSE,FALSE,2,959,960
mol489,CC(C)(C)C(O)C[NH+]1CCC(CNC(=O)c2cc(Cl)cc(Cl)c2)CC1,CC(C)(C)C(O)CN1CCC(CNC(=O)c2cc(Cl)cc(Cl)c2)CC1,"9,200",6,N,1,0,1,0,SP3,FALSE,TRUE,4,961,962
mol490,CC(C)(C)C1CCC(CC2=C(OCOP(=O)([O-])O)C(=O)c3ccccc3C2=O)CC1,CC(C)(C)C1CCC(CC2=C(OCOP(=O)([O-])[O-])C(=O)c3ccccc3C2=O)CC1,"2,280",28,O,0,-1,1,0,SP3,FALSE,FALSE,2,963,964
mol491,CC(C)(C)C1CCC(CC2=C(OP(=O)([O-])O)C(=O)c3ccccc3C2=O)CC1,CC(C)(C)C1CCC(CC2=C(OP(=O)([O-])[O-])C(=O)c3ccccc3C2=O)CC1,"2,680",26,O,0,-1,1,0,SP3,FALSE,FALSE,2,965,966
mol492,CC(C)(C)C1CCn2nnnc2C(C(=O)O)C1,CC(C)(C)C1CCn2nnnc2C(C(=O)[O-])C1,"4,400",16,O,0,-1,1,0,SP2,FALSE,FALSE,2,967,968
mol493,CC(C)(C)CC#CC(=O)O,CC(C)(C)CC#CC(=O)[O-],"2,540",9,O,0,-1,1,0,SP2,FALSE,FALSE,2,969,970
mol494,CC(C)(C)CC(=O)O,CC(C)(C)CC(=O)[O-],"5,010",7,O,0,-1,1,0,SP2,FALSE,FALSE,2,971,972
mol495,CC(C)(C)CC(=O)n1cc[nH+]c1,CC(C)(C)CC(=O)n1ccnc1,"3,800",10,N,1,0,1,0,SP2,TRUE,TRUE,4,973,974
mol496,CC(C)(C)CC(C)(C)[NH3+],CC(C)(C)CC(C)(C)N,"10,840",8,N,1,0,3,2,SP3,FALSE,FALSE,4,975,976
mol497,CC(C)(C)CCC(=O)O,CC(C)(C)CCC(=O)[O-],"4,830",8,O,0,-1,1,0,SP2,FALSE,FALSE,2,977,978
mol498,CC(C)(C)CCCC(=O)O,CC(C)(C)CCCC(=O)[O-],"4,880",9,O,0,-1,1,0,SP2,FALSE,FALSE,2,979,980
mol499,CC(C)(C)CCCCc1ccc(O)cc1,CC(C)(C)CCCCc1ccc([O-])cc1,"11,220",14,O,0,-1,1,0,SP2,FALSE,FALSE,2,981,982
mol500,CC(C)(C)CC[NH+]1CCC(CNC(=O)c2cc(Cl)cc(Cl)c2)CC1,CC(C)(C)CCN1CCC(CNC(=O)c2cc(Cl)cc(Cl)c2)CC1,"8,700",6,N,1,0,1,0,SP3,FALSE,TRUE,4,983,984
mol501,CC(C)(C)CC[NH+]1CC[C@@H](CNC(=O)c2cc(Cl)cc(Cl)c2)[C@H](F)C1,CC(C)(C)CCN1CC[C@@H](CNC(=O)c2cc(Cl)cc(Cl)c2)[C@H](F)C1,"6,700",6,N,1,0,1,0,SP3,FALSE,TRUE,4,986,985
mol502,CC(C)(C)CC[NH+]1CC[C@H](CNC(=O)c2cc(Cl)cc(Cl)c2)[C@H](F)C1,CC(C)(C)CCN1CC[C@H](CNC(=O)c2cc(Cl)cc(Cl)c2)[C@H](F)C1,"7,900",6,N,1,0,1,0,SP3,FALSE,TRUE,4,987,988
mol503,CC(C)(C)C[NH2+]c1ccccc1,CC(C)(C)CNc1ccccc1,"4,170",5,N,1,0,2,1,SP3,FALSE,FALSE,4,989,990
mol504,CC(C)(C)COCC(O)C[NH2+]C(C)(C)C,CC(C)(C)COCC(O)CNC(C)(C)C,"9,680",9,N,1,0,2,1,SP3,FALSE,FALSE,4,991,992
mol505,CC(C)(C)C[NH3+],CC(C)(C)CN,"10,170",5,N,1,0,3,2,SP3,FALSE,FALSE,4,993,994
mol506,CC(C)(C)Cc1ccc(O)cc1,CC(C)(C)Cc1ccc([O-])cc1,"10,710",11,O,0,-1,1,0,SP2,FALSE,FALSE,2,995,996
mol507,CC(C)(C)Cc1ccccc1O,CC(C)(C)Cc1ccccc1[O-],"10,690",11,O,0,-1,1,0,SP2,FALSE,FALSE,2,997,998
mol508,CC(C)(C)N(O)C(=O)c1ccccc1,CC(C)(C)N([O-])C(=O)c1ccccc1,"10,100",13,O,0,-1,1,0,SP3,FALSE,FALSE,2,999,1000
mol509,CC(C)(C)N1NC2CCC1C2,CC(C)(C)N1[N-]C2CCC1C2,"9,120",10,N,0,-1,1,0,SP3,FALSE,TRUE,3,1001,1002
mol510,CC(C)(C)N1NC2CCC1C21CC1,CC(C)(C)N1[N-]C2CCC1C21CC1,"9,330",12,N,0,-1,1,0,SP3,FALSE,TRUE,3,1003,1004
mol511,CC(C)(C)N1NC2CCC1CC2,CC(C)(C)N1[N-]C2CCC1CC2,"9,540",9,N,0,-1,1,0,SP3,FALSE,TRUE,3,1005,1006
mol512,CC(C)(C)NC(=O)C[NH+]1CCC(CNC(=O)c2cc(Cl)cc(Cl)c2)CC1,CC(C)(C)NC(=O)CN1CCC(CNC(=O)c2cc(Cl)cc(Cl)c2)CC1,"7,600",8,N,1,0,1,0,SP3,FALSE,TRUE,4,1007,1008
mol513,CC(C)(C)NC(=O)[C@@H]1C[C@@H]2CCCC[C@@H]2C[NH+]1C[C@@H](O)[C@H](Cc1ccccc1)NC(=O)[C@H](CC(N)=O)NC(=O)c1ccc2ccccc2n1,CC(C)(C)NC(=O)[C@@H]1C[C@@H]2CCCC[C@@H]2CN1C[C@@H](O)[C@H](Cc1ccccc1)NC(=O)[C@H](CC(N)=O)NC(=O)c1ccc2ccccc2n1,"6,800",16,N,1,0,1,0,SP3,FALSE,TRUE,4,1010,1009
mol514,CC(C)(C)NNC(C)(C)C,CC(C)(C)[N-]NC(C)(C)C,"8,310",5,N,0,-1,1,0,SP3,FALSE,FALSE,3,1011,1012
mol515,CC(C)(C)[NH2+]c1ccccc1,CC(C)(C)Nc1ccccc1,"7,150",4,N,1,0,2,1,SP3,FALSE,FALSE,4,1013,1014
mol516,CC(C)(C)OC(=O)NC(CCC(N)=O)C(=O)O,CC(C)(C)OC(=O)NC(CCC(N)=O)C(=O)[O-],"3,660",16,O,0,-1,1,0,SP2,FALSE,FALSE,2,1015,1016
mol517,CC(C)(C)OC(=O)N[C@@H](C(=O)N1CCC[C@H]1C(=O)NCc1ccc(N)[nH+]c1)C(C1CCCCC1)C1CCCCC1,CC(C)(C)OC(=O)N[C@@H](C(=O)N1CCC[C@H]1C(=O)NCc1ccc(N)nc1)C(C1CCCCC1)C1CCCCC1,"6,500",37,N,1,0,1,0,SP2,TRUE,TRUE,4,1017,1018
mol518,CC(C)(C)OC(=O)Nc1ccc(OC(=O)Nc2cc(Cl)ccc2O)cc1,CC(C)(C)OC(=O)Nc1ccc(OC(=O)Nc2cc(Cl)ccc2[O-])cc1,"9,800",24,O,0,-1,1,0,SP2,FALSE,FALSE,2,1019,1020
mol519,CC(C)(C)OC(=O)NS(=O)(=O)c1ccc(S(C)(=O)=O)cc1,CC(C)(C)OC(=O)[N-]S(=O)(=O)c1ccc(S(C)(=O)=O)cc1,"3,760",7,N,0,-1,1,0,SP2,FALSE,FALSE,3,1021,1022
mol520,CC(C)(C)OOCC(=O)O,CC(C)(C)OOCC(=O)[O-],"3,490",9,O,0,-1,1,0,SP2,FALSE,FALSE,2,1023,1024
mol521,CC(C)(C)OOCCC(=O)O,CC(C)(C)OOCCC(=O)[O-],"4,360",10,O,0,-1,1,0,SP2,FALSE,FALSE,2,1025,1026
mol522,CC(C)(C)S,CC(C)(C)[S-],"11,140",4,S,0,-1,1,0,SP3,FALSE,FALSE,2,1027,1028
mol523,CC(C)(C)SC(=N)c1ccccc1,CC(C)(C)SC(=[N-])c1ccccc1,"9,240",6,N,0,-1,1,0,SP2,FALSE,FALSE,3,1029,1030
mol524,CC(C)(C)[C@@]1(O)CC[NH+]2C[C@@H]3c4ccccc4CCc4cccc(c43)[C@H]2C1,CC(C)(C)[C@@]1(O)CCN2C[C@@H]3c4ccccc4CCc4cccc(c43)[C@H]2C1,"5,900",7,N,1,0,1,0,SP3,FALSE,TRUE,4,1032,1031
mol525,CC(C)(C)[C@H]1CC[C@H](CC2=C(O)c3ccccc3C(=O)C2=O)CC1,CC(C)(C)[C@H]1CC[C@H](CC2=C([O-])c3ccccc3C(=O)C2=O)CC1,"5,700",21,O,0,-1,1,0,SP2,FALSE,FALSE,2,1033,1034
mol526,CC(C)(C)[C@]1(O)CC[NH+]2C[C@@H](c3ccccc3)c3ccccc3[C@@H]2C1,CC(C)(C)[C@]1(O)CCN2C[C@@H](c3ccccc3)c3ccccc3[C@@H]2C1,"7,030",7,N,1,0,1,0,SP3,FALSE,TRUE,4,1036,1035
mol527,CC(C)(C)[C@]1(O)CC[NH+]2C[C@H]3c4ccccc4CCc4cccc(c43)[C@@H]2C1,CC(C)(C)[C@]1(O)CCN2C[C@H]3c4ccccc4CCc4cccc(c43)[C@@H]2C1,"7,150",7,N,1,0,1,0,SP3,FALSE,TRUE,4,1038,1037
mol528,CC(C)(C)[NH+]1C2CCCC21,CC(C)(C)N1C2CCCC21,"9,220",4,N,1,0,1,0,SP3,FALSE,TRUE,4,1039,1040
mol529,CC(C)(C)[NH+]1CCC(Oc2ccc3[nH]c(C(=O)N4CCOCC4)cc3c2)CC1,CC(C)(C)N1CCC(Oc2ccc3[nH]c(C(=O)N4CCOCC4)cc3c2)CC1,"10,000",4,N,1,0,1,0,SP3,FALSE,TRUE,4,1041,1042
mol530,CC(C)(C)[NH+]1CCCC(=O)C(O)CCC1,CC(C)(C)N1CCCC(=O)C(O)CCC1,"7,600",4,N,1,0,1,0,SP3,FALSE,TRUE,4,1043,1044
mol531,CC(C)(C)[NH2+]C1CCCCC1,CC(C)(C)NC1CCCCC1,"11,340",4,N,1,0,2,1,SP3,FALSE,FALSE,4,1045,1046
mol532,CC(C)(C)[NH2+]CC(O)COC(C1CC1)C1CC1,CC(C)(C)NCC(O)COC(C1CC1)C1CC1,"9,630",4,N,1,0,2,1,SP3,FALSE,FALSE,4,1047,1048
mol533,CC(C)(C)[NH2+]CC(O)COCC1CC1,CC(C)(C)NCC(O)COCC1CC1,"9,730",4,N,1,0,2,1,SP3,FALSE,FALSE,4,1049,1050
mol534,CC(C)(C)[NH2+]CC(O)COc1cccc2c1CCC(=O)N2,CC(C)(C)NCC(O)COc1cccc2c1CCC(=O)N2,"9,200",4,N,1,0,2,1,SP3,FALSE,FALSE,4,1051,1052
mol535,CC(C)(C)[NH2+]CC(O)COc1cccc2c1C[C@H](O)[C@H](O)C2,CC(C)(C)NCC(O)COc1cccc2c1C[C@H](O)[C@H](O)C2,"9,735",4,N,1,0,2,1,SP3,FALSE,FALSE,4,1053,1054
mol536,CC(C)(C)[NH2+]CC(O)c1cc(Cl)c(N)c(C(F)(F)F)c1,CC(C)(C)NCC(O)c1cc(Cl)c(N)c(C(F)(F)F)c1,"9,700",4,N,1,0,2,1,SP3,FALSE,FALSE,4,1055,1056
mol537,CC(C)(C)[NH2+]CCO,CC(C)(C)NCCO,"10,110",4,N,1,0,2,1,SP3,FALSE,FALSE,4,1057,1058
mol538,CC(C)(C)[NH2+]C[C@@H](O)COc1cccc2c1CCCC2=O,CC(C)(C)NC[C@@H](O)COc1cccc2c1CCCC2=O,"9,300",4,N,1,0,2,1,SP3,FALSE,FALSE,4,1059,1060
mol539,CC(C)(C)[NH2+]C[C@@H](O)COc1ccccc1C1CCCC1,CC(C)(C)NC[C@@H](O)COc1ccccc1C1CCCC1,"9,300",4,N,1,0,2,1,SP3,FALSE,FALSE,4,1061,1062
mol540,CC(C)(C)[NH2+]C[C@H](O)COc1ccccc1C1CCCC1,CC(C)(C)NC[C@H](O)COc1ccccc1C1CCCC1,"9,920",4,N,1,0,2,1,SP3,FALSE,FALSE,4,1063,1064
mol541,CC(C)(C)[NH2+]C[C@H](O)COc1nsnc1N1CCOCC1,CC(C)(C)NC[C@H](O)COc1nsnc1N1CCOCC1,"9,226",4,N,1,0,2,1,SP3,FALSE,FALSE,4,1065,1066
mol542,CC(C)(C)[NH3+],CC(C)(C)N,"10,765",4,N,1,0,3,2,SP3,FALSE,FALSE,4,1067,1068
mol543,CC(C)(C)c1[nH]c2ccccc2c1C1CCC[NH+](Cc2ccc(CCC(=O)N=O)cc2)C1,CC(C)(C)c1[nH]c2ccccc2c1C1CCCN(Cc2ccc(CCC(=O)N=O)cc2)C1,"7,800",17,N,1,0,1,0,SP3,FALSE,TRUE,4,1069,1070
mol544,CC(C)(C)c1[nH]c2ccccc2c1C1CCC[NH+](Cc2ccc(CCC(=O)N=O)cc2Cl)C1,CC(C)(C)c1[nH]c2ccccc2c1C1CCCN(Cc2ccc(CCC(=O)N=O)cc2Cl)C1,"7,400",17,N,1,0,1,0,SP3,FALSE,TRUE,4,1072,1071
mol545,CC(C)(C)c1[nH]c2ccccc2c1C1CCC[NH+](Cc2ccc(CCC(=O)N=O)cc2F)C1,CC(C)(C)c1[nH]c2ccccc2c1C1CCCN(Cc2ccc(CCC(=O)N=O)cc2F)C1,"7,300",17,N,1,0,1,0,SP3,FALSE,TRUE,4,1074,1073
mol546,CC(C)(C)c1cc(/C=C/Cl)cc(C(C)(C)C)c1O,CC(C)(C)c1cc(/C=C/Cl)cc(C(C)(C)C)c1[O-],"11,820",10,O,0,-1,1,0,SP2,FALSE,FALSE,2,1075,1076
mol547,CC(C)(C)c1cc([NH3+])cc(C(C)(C)C)c1,CC(C)(C)c1cc(N)cc(C(C)(C)C)c1,"4,970",10,N,1,0,3,2,SP3,FALSE,FALSE,4,1077,1078
mol548,CC(C)(C)c1ccc(-c2c(O)c2=O)cc1,CC(C)(C)c1ccc(-c2c([O-])c2=O)cc1,"2,210",14,O,0,-1,1,0,SP2,FALSE,FALSE,2,1079,1080
mol549,CC(C)(C)c1ccc(C(=O)/C=C/C(=O)O)cc1,CC(C)(C)c1ccc(C(=O)/C=C/C(=O)[O-])cc1,"3,420",16,O,0,-1,1,0,SP2,FALSE,FALSE,2,1081,1082
mol550,CC(C)(C)c1ccc(C(=O)O)cc1,CC(C)(C)c1ccc(C(=O)[O-])cc1,"4,360",12,O,0,-1,1,0,SP2,FALSE,FALSE,2,1083,1084
mol551,CC(C)(C)c1ccc(C(O)CCC[NH+]2CCC(C(O)(c3ccccc3)c3ccccc3)CC2)cc1,CC(C)(C)c1ccc(C(O)CCCN2CCC(C(O)(c3ccccc3)c3ccccc3)CC2)cc1,"8,600",14,N,1,0,1,0,SP3,FALSE,TRUE,4,1085,1086
mol552,CC(C)(C)c1ccc([NH3+])cc1,CC(C)(C)c1ccc(N)cc1,"4,950",10,N,1,0,3,2,SP3,FALSE,FALSE,4,1087,1088
mol553,CC(C)(C)c1ccc(O)cc1,CC(C)(C)c1ccc([O-])cc1,"10,303",10,O,0,-1,1,0,SP2,FALSE,FALSE,2,1089,1090
mol554,CC(C)(C)c1ccc(SCC(=O)O)cc1,CC(C)(C)c1ccc(SCC(=O)[O-])cc1,"3,760",14,O,0,-1,1,0,SP2,FALSE,FALSE,2,1091,1092
mol555,CC(C)(C)c1ccc2c(c1)C(=O)NC2=O,CC(C)(C)c1ccc2c(c1)C(=O)[N-]C2=O,"10,210",12,N,0,-1,1,0,SP2,FALSE,TRUE,3,1093,1094
mol556,CC(C)(C)c1cccc(C(C)(C)C)[nH+]1,CC(C)(C)c1cccc(C(C)(C)C)n1,"4,950",9,N,1,0,1,0,SP2,TRUE,TRUE,4,1095,1096
mol557,CC(C)(C)c1cccc(C[NH2+][C@H]2CS(=O)(=O)C[C@@H](Cc3cc(F)c(N)c(OC(C(F)(F)F)C(F)(F)F)c3)[C@@H]2O)c1,CC(C)(C)c1cccc(CN[C@H]2CS(=O)(=O)C[C@@H](Cc3cc(F)c(N)c(OC(C(F)(F)F)C(F)(F)F)c3)[C@@H]2O)c1,"5,700",11,N,1,0,2,1,SP3,FALSE,FALSE,4,1097,1098
mol558,CC(C)(C)c1ccccc1C(=O)O,CC(C)(C)c1ccccc1C(=O)[O-],"3,530",12,O,0,-1,1,0,SP2,FALSE,FALSE,2,1099,1100
mol559,CC(C)(C)c1ccccc1[NH3+],CC(C)(C)c1ccccc1N,"3,780",10,N,1,0,3,2,SP3,FALSE,FALSE,4,1101,1102
mol561,CC(C)(C)c1ccccc1O,CC(C)(C)c1ccccc1[O-],"11,300",10,O,0,-1,1,0,SP2,FALSE,FALSE,2,1103,1104
mol562,CC(C)(C)c1cccc[nH+]1,CC(C)(C)c1ccccn1,"5,720",9,N,1,0,1,0,SP2,TRUE,TRUE,4,1105,1106
mol563,CC(C)(C)c1ccc[nH+]c1,CC(C)(C)c1cccnc1,"5,820",8,N,1,0,1,0,SP2,TRUE,TRUE,4,1107,1108
mol564,CC(C)(C)c1cc[nH+]c(C(C)(C)C)c1,CC(C)(C)c1ccnc(C(C)(C)C)c1,"6,700",7,N,1,0,1,0,SP2,TRUE,TRUE,4,1109,1110
mol565,CC(C)(C)c1cc[nH+]cc1,CC(C)(C)c1ccncc1,"5,950",7,N,1,0,1,0,SP2,TRUE,TRUE,4,1111,1112
mol566,CC(C)(C)c1cn2nc(S([NH3+])(=O)=O)sc2[nH+]1,CC(C)(C)c1cn2nc(S(N)(=O)=O)sc2[nH+]1,"6,940",15,N,1,0,3,2,SP3,FALSE,FALSE,4,1113,1114
mol567,CC(C)(C)n1cc[nH+]c1,CC(C)(C)n1ccnc1,"7,350",7,N,1,0,1,0,SP2,TRUE,TRUE,4,1115,1116
mol568,CC(C)(CCC(CO[N+](=O)[O-])O[N+](=O)[O-])C(=O)Oc1ccccc1C(=O)O,CC(C)(CCC(CO[N+](=O)[O-])O[N+](=O)[O-])C(=O)Oc1ccccc1C(=O)[O-],"3,690",26,O,0,-1,1,0,SP2,FALSE,FALSE,2,1117,1118
mol569,CC(C)(CO[N+](=O)[O-])C(=O)Oc1ccccc1C(=O)O,CC(C)(CO[N+](=O)[O-])C(=O)Oc1ccccc1C(=O)[O-],"3,690",19,O,0,-1,1,0,SP2,FALSE,FALSE,2,1119,1120
mol570,CC(C)(Cl)C(=O)O,CC(C)(Cl)C(=O)[O-],"2,970",5,O,0,-1,1,0,SP2,FALSE,FALSE,2,1121,1122
mol571,CC(C)([NH3+])C#N,CC(C)(N)C#N,"5,300",5,N,1,0,3,2,SP3,FALSE,FALSE,4,1123,1124
mol572,CC(C)(O)C(=O)O,CC(C)(O)C(=O)[O-],"4,040",5,O,0,-1,1,0,SP2,FALSE,FALSE,2,1125,1126
mol573,CC(C)(O)C(C(=O)O)c1ccc(-c2ccccc2)cc1,CC(C)(O)C(C(=O)[O-])c1ccc(-c2ccccc2)cc1,"3,760",18,O,0,-1,1,0,SP2,FALSE,FALSE,2,1127,1128
mol574,CC(C)(O)C(C(=O)O)c1ccc(C2CCCCC2)cc1,CC(C)(O)C(C(=O)[O-])c1ccc(C2CCCCC2)cc1,"3,760",18,O,0,-1,1,0,SP2,FALSE,FALSE,2,1129,1130
mol575,CC(C)(O)CCS(=O)(=O)c1ccc(S(N)(=O)=O)cc1,CC(C)(O)CCS(=O)(=O)c1ccc(S([NH-])(=O)=O)cc1,"9,280",17,N,0,-1,2,1,SP3,FALSE,FALSE,3,1131,1132
mol576,CC(C)(O)CCSc1ccc(S(N)(=O)=O)cc1,CC(C)(O)CCSc1ccc(S([NH-])(=O)=O)cc1,"10,000",15,N,0,-1,2,1,SP3,FALSE,FALSE,3,1133,1134
mol577,CC(C)(O)c1ccn2cc[nH+]c2c1,CC(C)(O)c1ccn2ccnc2c1,"7,200",9,N,1,0,1,0,SP2,TRUE,TRUE,4,1135,1136
mol578,CC(C)(O)c1ccn2cc[nH+]c2c1F,CC(C)(O)c1ccn2ccnc2c1F,"5,400",9,N,1,0,1,0,SP2,TRUE,TRUE,4,1137,1138
mol579,CC(C)(Oc1cc2c(c(Cl)c1Cl)C(=O)C(C)(C1CCCC1)C2)C(=O)O,CC(C)(Oc1cc2c(c(Cl)c1Cl)C(=O)C(C)(C1CCCC1)C2)C(=O)[O-],"3,700",19,O,0,-1,1,0,SP2,FALSE,FALSE,2,1139,1140
mol580,CC(C)([NH3+])C(=O)N[C@H](Cc1c[nH]c2ccccc12)C(=O)N1CCC2(CCc3ccccc32)CC1,CC(C)(N)C(=O)N[C@H](Cc1c[nH]c2ccccc12)C(=O)N1CCC2(CCc3ccccc32)CC1,"7,900",33,N,1,0,3,2,SP3,FALSE,FALSE,4,1141,1142
mol581,CC(C)([NH3+])CNC(=O)CC1CCC2(CC1)COC1(OO2)C2CC3CC(C2)CC1C3,CC(C)(N)CNC(=O)CC1CCC2(CC1)COC1(OO2)C2CC3CC(C2)CC1C3,"9,050",28,N,1,0,3,2,SP3,FALSE,FALSE,4,1143,1144
mol582,CC(C)([NH3+])CNC(=O)CC1CCC2(CC1)OOC1(OO2)C2CC3CC(C2)CC1C3,CC(C)(N)CNC(=O)CC1CCC2(CC1)OOC1(OO2)C2CC3CC(C2)CC1C3,"9,050",28,N,1,0,3,2,SP3,FALSE,FALSE,4,1145,1146
mol583,CC(C)([NH3+])CNC(=O)C[C@H]1CC[C@@]2(CC1)C[C@@]1(OO2)C2CC3CC(C2)CC1C3,CC(C)(N)CNC(=O)C[C@H]1CC[C@@]2(CC1)C[C@@]1(OO2)C2CC3CC(C2)CC1C3,"9,050",2,N,1,0,3,2,SP3,FALSE,FALSE,4,1147,1148
mol584,CC(C)([NH3+])CNC(=O)C[C@H]1CC[C@]2(CC1)OO[C@]1(O2)C2CC3CC(C2)CC1C3,CC(C)(N)CNC(=O)C[C@H]1CC[C@]2(CC1)OO[C@]1(O2)C2CC3CC(C2)CC1C3,"9,050",2,N,1,0,3,2,SP3,FALSE,FALSE,4,1149,1150
mol585,CC(C)([NH3+])CO,CC(C)(N)CO,"9,740",5,N,1,0,3,2,SP3,FALSE,FALSE,4,1151,1152
mol586,CC(C)([NH3+])Cc1ccccc1,CC(C)(N)Cc1ccccc1,"10,130",10,N,1,0,3,2,SP3,FALSE,FALSE,4,1153,1154
mol587,CC(C)([NH3+])c1ccccc1,CC(C)(N)c1ccccc1,"10,380",9,N,1,0,3,2,SP3,FALSE,FALSE,4,1155,1156
mol588,CC(C)/C=C/C(=O)O,CC(C)/C=C/C(=O)[O-],"4,700",7,O,0,-1,1,0,SP2,FALSE,FALSE,2,1157,1158
mol589,CC(C)=C(C#N)C(=O)O,CC(C)=C(C#N)C(=O)[O-],"3,040",7,O,0,-1,1,0,SP2,FALSE,FALSE,2,1159,1160
mol590,CC(C)=C(C(N)=O)C(=O)O,CC(C)=C(C(N)=O)C(=O)[O-],"3,950",8,O,0,-1,1,0,SP2,FALSE,FALSE,2,1161,1162
mol591,CC(C)=CC(=O)O,CC(C)=CC(=O)[O-],"5,120",5,O,0,-1,1,0,SP2,FALSE,FALSE,2,1163,1164
mol592,CC(C)=CCC(=O)O,CC(C)=CCC(=O)[O-],"4,600",6,O,0,-1,1,0,SP2,FALSE,FALSE,2,1165,1166
mol593,CC(C)=CCC1C(=O)C(CC=C(C)C)(CC=C(C)C)C(=O)C(C(=O)CC(C)C)=C1O,CC(C)=CCC1C(=O)C(CC=C(C)C)(CC=C(C)C)C(=O)C(C(=O)CC(C)C)=C1[O-],"6,180",29,O,0,-1,1,0,SP2,FALSE,FALSE,2,1167,1168
mol594,CC(C)=CCN(C1=[NH+]CCN1)c1c(Br)cccc1Br,CC(C)=CCN(C1=NCCN1)c1c(Br)cccc1Br,"10,750",14,N,1,0,1,0,SP2,FALSE,TRUE,4,1169,1170
mol595,CC(C)=CC[C@@H]1C(O)=C(C(=O)CC(C)C)C(=O)[C@H]1O,CC(C)=CC[C@@H]1C([O-])=C(C(=O)CC(C)C)C(=O)[C@H]1O,"2,350",18,O,0,-1,1,0,SP2,FALSE,FALSE,2,1171,1172
mol596,CC(C)C(=O)C(C)(C)C[NH+](C)C,CC(C)C(=O)C(C)(C)CN(C)C,"9,300",9,N,1,0,1,0,SP3,FALSE,FALSE,4,1173,1174
mol597,CC(C)C(=O)C=C(O)C(C)C,CC(C)C(=O)C=C([O-])C(C)C,"9,860",10,O,0,-1,1,0,SP2,FALSE,FALSE,2,1175,1176
mol598,CC(C)C(=O)C=C[OH2+],CC(C)C(=O)C=CO,"6,680",7,O,1,0,2,1,SP2,FALSE,FALSE,3,1177,1178
mol599,CC(C)C(=O)N(Cc1cccc(Cl)c1Cl)[C@H]1CC[NH2+]C1,CC(C)C(=O)N(Cc1cccc(Cl)c1Cl)[C@H]1CCNC1,"9,400",18,N,1,0,2,1,SP3,FALSE,TRUE,4,1179,1180
mol600,CC(C)C(=O)N(Cc1ccccc1-c1ccccc1)[C@H]1CC[NH2+]C1,CC(C)C(=O)N(Cc1ccccc1-c1ccccc1)[C@H]1CCNC1,"9,400",22,N,1,0,2,1,SP3,FALSE,TRUE,4,1181,1182
mol601,CC(C)C(=O)O,CC(C)C(=O)[O-],"4,760",5,O,0,-1,1,0,SP2,FALSE,FALSE,2,1183,1184
mol602,CC(C)C(Br)C(=O)O,CC(C)C(Br)C(=O)[O-],"2,820",6,O,0,-1,1,0,SP2,FALSE,FALSE,2,1185,1186
mol603,CC(C)C(C(C)C)[NH+](C)C,CC(C)C(C(C)C)N(C)C,"10,060",7,N,1,0,1,0,SP3,FALSE,FALSE,4,1187,1188
mol604,CC(C)C(Nc1ccccc1)C(=O)O,CC(C)C(Nc1ccccc1)C(=O)[O-],"4,400",6,O,0,-1,1,0,SP2,FALSE,FALSE,2,1189,1190
mol605,CC(C)C(O)C(C(=O)O)c1ccc(-c2ccccc2)cc1,CC(C)C(O)C(C(=O)[O-])c1ccc(-c2ccccc2)cc1,"4,130",19,O,0,-1,1,0,SP2,FALSE,FALSE,2,1191,1192
mol606,CC(C)C(O[C@H]1O[C@@H](C(=O)O)[C@H](O)[C@@H](O)[C@@H]1O)C(C)C,CC(C)C(O[C@H]1O[C@@H](C(=O)[O-])[C@H](O)[C@@H](O)[C@@H]1O)C(C)C,"3,890",16,O,0,-1,1,0,SP2,FALSE,FALSE,2,1193,1194
mol607,CC(C)C([NH3+])C(C)C,CC(C)C(N)C(C)C,"10,400",7,N,1,0,3,2,SP3,FALSE,FALSE,4,1195,1196
mol608,CC(C)C([NH3+])C(N)=O,CC(C)C(N)C(N)=O,"8,000",7,N,1,0,3,2,SP3,FALSE,FALSE,4,1197,1198
mol609,CC(C)C12CCC(=O)C=C1c1c(cc(OCC(=O)O)c(Cl)c1Cl)C2,CC(C)C12CCC(=O)C=C1c1c(cc(OCC(=O)[O-])c(Cl)c1Cl)C2,"3,830",22,O,0,-1,1,0,SP2,FALSE,FALSE,2,1199,1200
mol610,CC(C)C1=C(O)c2ccccc2C1=O,CC(C)C1=C([O-])c2ccccc2C1=O,"7,400",13,O,0,-1,1,0,SP2,FALSE,FALSE,2,1201,1202
mol611,CC(C)C1=CC2=CC[C@H]3[C@@](C)(CCC[C@]3(C)C(=O)O)[C@@H]2CC1,CC(C)C1=CC2=CC[C@H]3[C@@](C)(CCC[C@]3(C)C(=O)[O-])[C@@H]2CC1,"6,400",20,O,0,-1,1,0,SP2,FALSE,FALSE,2,1203,1204
mol612,CC(C)C1=NC(c2ccccc2)(c2cccc(-c3cncnc3)c2)[NH+]=C1N,CC(C)C1=NC(c2ccccc2)(c2cccc(-c3cncnc3)c2)N=C1N,"5,200",6,N,1,0,1,0,SP2,FALSE,TRUE,4,1206,1205
mol613,CC(C)C1CC(CC(=O)O)[NH2+]C1C(=O)[O-],CC(C)C1CC(CC(=O)[O-])[NH2+]C1C(=O)[O-],"3,050",14,O,0,-1,1,0,SP2,FALSE,FALSE,2,1207,1208
mol614,CC(C)C1NC(=S)NC1=O,CC(C)C1NC(=S)[N-]C1=O,"8,700",6,N,0,-1,1,0,SP2,FALSE,TRUE,3,1209,1210
mol615,CC(C)CC(=O)O,CC(C)CC(=O)[O-],"4,790",6,O,0,-1,1,0,SP2,FALSE,FALSE,2,1211,1212
mol616,CC(C)CC([OH2+])=CC(=O)C(F)(F)F,CC(C)CC(O)=CC(=O)C(F)(F)F,"6,520",12,O,1,0,2,1,SP2,FALSE,FALSE,3,1213,1214
mol617,CC(C)CC([NH3+])C(N)=O,CC(C)CC(N)C(N)=O,"8,000",8,N,1,0,3,2,SP3,FALSE,FALSE,4,1215,1216
mol618,CC(C)CC1(C)[NH+]=C(N)N(Cc2cccc(Cl)c2)C1=O,CC(C)CC1(C)N=C(N)N(Cc2cccc(Cl)c2)C1=O,"7,200",9,N,1,0,1,0,SP2,FALSE,TRUE,4,1218,1217
mol619,CC(C)CC1CC(O)=C(C(=O)Nc2ccc(C3CCCCC3)cc2)C(=O)N1,CC(C)CC1CC([O-])=C(C(=O)Nc2ccc(C3CCCCC3)cc2)C(=O)N1,"6,500",26,O,0,-1,1,0,SP2,FALSE,FALSE,2,1219,1220
mol620,CC(C)CCC(=O)O,CC(C)CCC(=O)[O-],"4,840",7,O,0,-1,1,0,SP2,FALSE,FALSE,2,1221,1222
mol621,CC(C)CCC1=C(O)C(O)C(CCC(C)C)(CCC(C)C)C1=O,CC(C)CCC1=C([O-])C(O)C(CCC(C)C)(CCC(C)C)C1=O,"6,300",22,O,0,-1,1,0,SP2,FALSE,FALSE,2,1223,1224
mol622,CC(C)CCC1=C(O)c2ccccc2C(=O)C1=O,CC(C)CCC1=C([O-])c2ccccc2C(=O)C1=O,"5,130",17,O,0,-1,1,0,SP2,FALSE,FALSE,2,1225,1226
mol623,CC(C)CCCC(C)[NH3+],CC(C)CCCC(C)N,"10,280",8,N,1,0,3,2,SP3,FALSE,FALSE,4,1227,1228
mol624,CC(C)CCC[NH+](C)CCCNC(=O)CN=O,CC(C)CCCN(C)CCCNC(=O)CN=O,"9,435",6,N,1,0,1,0,SP3,FALSE,FALSE,4,1229,1230
mol625,CC(C)CCN(C1=[NH+]CCN1)c1c(Br)cccc1Br,CC(C)CCN(C1=NCCN1)c1c(Br)cccc1Br,"10,900",15,N,1,0,1,0,SP2,FALSE,TRUE,4,1231,1232
mol626,CC(C)CCOc1ccc2c(c1)[C@H]1OCCC[C@H]1[C@@H](C1CCOCC1)[NH2+]2,CC(C)CCOc1ccc2c(c1)[C@H]1OCCC[C@H]1[C@@H](C1CCOCC1)N2,"3,800",19,N,1,0,2,1,SP3,FALSE,TRUE,4,1233,1234
mol627,CC(C)CCOc1ccccc1/C=C/C(=O)O,CC(C)CCOc1ccccc1/C=C/C(=O)[O-],"4,850",16,O,0,-1,1,0,SP2,FALSE,FALSE,2,1235,1236
mol628,CC(C)CCOc1ccccc1/C=C\C(=O)O,CC(C)CCOc1ccccc1/C=C\C(=O)[O-],"4,380",16,O,0,-1,1,0,SP2,FALSE,FALSE,2,1237,1238
mol629,CC(C)CCSC(=N)c1ccccc1,CC(C)CCSC(=[N-])c1ccccc1,"8,430",7,N,0,-1,1,0,SP2,FALSE,FALSE,3,1239,1240
mol630,CC(C)CC[NH2+]CCC(C)C,CC(C)CCNCCC(C)C,"10,900",5,N,1,0,2,1,SP3,FALSE,FALSE,4,1241,1242
mol631,CC(C)CC[NH3+],CC(C)CCN,"10,930",5,N,1,0,3,2,SP3,FALSE,FALSE,4,1243,1244
mol632,CC(C)CN(C(=O)c1cccc(Cl)c1Cl)[C@H]1CC[NH2+]C1,CC(C)CN(C(=O)c1cccc(Cl)c1Cl)[C@H]1CCNC1,"10,000",8,N,1,0,2,1,SP3,FALSE,TRUE,4,1245,1246
mol633,CC(C)C[NH+](C)c1ccccc1,CC(C)CN(C)c1ccccc1,"5,200",4,N,1,0,1,0,SP3,FALSE,FALSE,4,1247,1248
mol634,CC(C)CN(C1=[NH+]CCN1)c1c(Br)cccc1Br,CC(C)CN(C1=NCCN1)c1c(Br)cccc1Br,"11,020",14,N,1,0,1,0,SP2,FALSE,TRUE,4,1249,1250
mol635,CC(C)CN(CC(C)C)C(=S)[SH2+],CC(C)CN(CC(C)C)C(=S)S,"3,400",11,S,1,0,2,1,SP3,FALSE,FALSE,3,1251,1252
mol636,CC(C)CNC(=O)CNC(=O)C1=C([O-])C(=O)C=C[NH2+]1,CC(C)CNC(=O)CNC(=O)c1[nH]ccc(=O)c1[O-],"6,200",17,N,1,0,2,1,SP3,FALSE,TRUE,4,1253,1254
mol637,CC(C)CNC(=O)[C@H](C)NC(=O)C1=C([O-])C(=O)C=C[NH2+]1,CC(C)CNC(=O)[C@H](C)NC(=O)c1[nH]ccc(=O)c1[O-],"6,000",18,N,1,0,2,1,SP3,FALSE,TRUE,4,1255,1256
mol638,CC(C)CNC(=O)[C@H](Cc1ccccc1)NC(=O)C1=C([O-])C(=O)C=C[NH2+]1,CC(C)CNC(=O)[C@H](Cc1ccccc1)NC(=O)c1[nH]ccc(=O)c1[O-],"6,000",24,N,1,0,2,1,SP3,FALSE,TRUE,4,1257,1258
mol639,CC(C)CNC(=O)[C@H]1C[C@@](F)(c2ccc(C[NH+]3CCCC3)c(F)c2)C1,CC(C)CNC(=O)[C@H]1C[C@@](F)(c2ccc(CN3CCCC3)c(F)c2)C1,"9,200",18,N,1,0,1,0,SP3,FALSE,TRUE,4,1259,1260
mol640,CC(C)CNC(=O)c1c[nH+]c(Nc2cccc(Cl)c2)cc1C(C)C,CC(C)CNC(=O)c1cnc(Nc2cccc(Cl)c2)cc1C(C)C,"6,020",9,N,1,0,1,0,SP2,TRUE,TRUE,4,1261,1262
mol641,CC(C)C[NH2+]c1ccccc1,CC(C)CNc1ccccc1,"4,840",4,N,1,0,2,1,SP3,FALSE,FALSE,4,1263,1264
mol642,CC(C)COCC(CN(Cc1ccccc1)c1ccccc1)[NH+]1CCCC1,CC(C)COCC(CN(Cc1ccccc1)c1ccccc1)N1CCCC1,"9,300",22,N,1,0,1,0,SP3,FALSE,TRUE,4,1265,1266
mol643,CC(C)COCC(O)C[NH2+]C(C)(C)C,CC(C)COCC(O)CNC(C)(C)C,"9,730",8,N,1,0,2,1,SP3,FALSE,FALSE,4,1267,1268
mol644,CC(C)COc1ccc(C(=O)O)cc1,CC(C)COc1ccc(C(=O)[O-])cc1,"4,480",13,O,0,-1,1,0,SP2,FALSE,FALSE,2,1269,1270
mol645,CC(C)COc1noc2c1C[NH2+]CC2,CC(C)COc1noc2c1CNCC2,"7,700",12,N,1,0,2,1,SP3,FALSE,TRUE,4,1271,1272
mol646,CC(C)CS(=O)O,CC(C)CS(=O)[O-],"2,750",6,O,0,-1,1,0,SP3,FALSE,FALSE,2,1273,1274
mol647,CC(C)CSC(=N)c1ccccc1,CC(C)CSC(=[N-])c1ccccc1,"8,220",6,N,0,-1,1,0,SP2,FALSE,FALSE,3,1275,1276
mol648,CC(C)CSCC[NH3+],CC(C)CSCCN,"8,730",7,N,1,0,3,2,SP3,FALSE,FALSE,4,1277,1278
mol649,CC(C)C[C@@H](C(=O)NCC#N)c1cccc(-c2ccc(N3CC[NH2+]CC3)cc2)c1,CC(C)C[C@@H](C(=O)NCC#N)c1cccc(-c2ccc(N3CCNCC3)cc2)c1,"8,770",20,N,1,0,2,1,SP3,FALSE,TRUE,4,1279,1280
mol650,CC(C)C[C@H](O)[C@H](O)[C@@H]([NH3+])CC1CCCCC1,CC(C)C[C@H](O)[C@H](O)[C@@H](N)CC1CCCCC1,"9,300",14,N,1,0,3,2,SP3,FALSE,FALSE,4,1281,1282
mol651,CC(C)C[C@H]([NH3+])C(=O)NCCCS(=O)(=O)Oc1ccc(C(F)(F)F)cc1,CC(C)C[C@H](N)C(=O)NCCCS(=O)(=O)Oc1ccc(C(F)(F)F)cc1,"8,900",25,N,1,0,3,2,SP3,FALSE,FALSE,4,1283,1284
mol652,CC(C)C[C@H]([NH3+])C(=O)NCCCS(=O)(=O)Oc1ccc(Cl)cc1,CC(C)C[C@H](N)C(=O)NCCCS(=O)(=O)Oc1ccc(Cl)cc1,"9,600",22,N,1,0,3,2,SP3,FALSE,FALSE,4,1285,1286
mol653,CC(C)C[C@H]([NH3+])C(N)=O,CC(C)C[C@H](N)C(N)=O,"7,840",8,N,1,0,3,2,SP3,FALSE,FALSE,4,1287,1288
mol654,CC(C)C[NH+](C)C,CC(C)CN(C)C,"9,910",4,N,1,0,1,0,SP3,FALSE,FALSE,4,1289,1290
mol655,CC(C)C[NH+](CC(C)O)CC(C)O,CC(C)CN(CC(C)O)CC(C)O,"8,800",4,N,1,0,1,0,SP3,FALSE,FALSE,4,1291,1292
mol656,CC(C)C[NH+]1CCC(Oc2ccc3cc(C(=O)N4CCC(C)CC4)ccc3c2)CC1,CC(C)CN1CCC(Oc2ccc3cc(C(=O)N4CCC(C)CC4)ccc3c2)CC1,"9,800",23,N,1,0,1,0,SP3,FALSE,TRUE,4,1293,1294
mol657,CC(C)C[NH2+]C(C)C,CC(C)CNC(C)C,"10,550",4,N,1,0,2,1,SP3,FALSE,FALSE,4,1295,1296
mol658,CC(C)C[NH2+]CC(C)C,CC(C)CNCC(C)C,"10,590",4,N,1,0,2,1,SP3,FALSE,FALSE,4,1297,1298
mol659,CC(C)C[NH2+][C@H](c1ccccc1)[C@H](O)c1ccccc1,CC(C)CN[C@H](c1ccccc1)[C@H](O)c1ccccc1,"11,340",4,N,1,0,2,1,SP3,FALSE,FALSE,4,1299,1300
mol660,CC(C)C[NH3+],CC(C)CN,"10,360",4,N,1,0,3,2,SP3,FALSE,FALSE,4,1301,1302
mol661,CC(C)Cc1ccc(C(C)C(=O)O)cc1,CC(C)Cc1ccc(C(C)C(=O)[O-])cc1,"5,206",14,O,0,-1,1,0,SP2,FALSE,FALSE,2,1303,1304
mol662,CC(C)Cc1ccc(O)cc1,CC(C)Cc1ccc([O-])cc1,"10,200",10,O,0,-1,1,0,SP2,FALSE,FALSE,2,1305,1306
mol663,CC(C)Cc1ccc([C@H](C)C(=O)O)cc1,CC(C)Cc1ccc([C@H](C)C(=O)[O-])cc1,"5,200",14,O,0,-1,1,0,SP2,FALSE,FALSE,2,1307,1308
mol664,CC(C)Cc1ccccc1O,CC(C)Cc1ccccc1[O-],"10,500",10,O,0,-1,1,0,SP2,FALSE,FALSE,2,1309,1310
mol665,CC(C)N(/C=[NH+]\c1ccn(C2CC(F)C(CO)O2)c(=O)n1)C(C)C,CC(C)N(/C=N\c1ccn(C2CC(F)C(CO)O2)c(=O)n1)C(C)C,"5,130",5,N,1,0,1,0,SP2,FALSE,FALSE,4,1312,1311
mol666,CC(C)N(/C=[NH+]\c1ccn(C2CCC(CO)O2)c(=O)n1)C(C)C,CC(C)N(/C=N\c1ccn(C2CCC(CO)O2)c(=O)n1)C(C)C,"5,280",5,N,1,0,1,0,SP2,FALSE,FALSE,4,1314,1313
mol667,CC(C)N(C1=[NH+]CCN1)c1c(Br)cccc1Br,CC(C)N(C1=NCCN1)c1c(Br)cccc1Br,"11,200",13,N,1,0,1,0,SP2,FALSE,TRUE,4,1315,1316
mol668,CC(C)N(Cc1c[nH+]c[nH]1)c1ccc(Cl)cc1,CC(C)N(Cc1cnc[nH]1)c1ccc(Cl)cc1,"3,500",7,N,1,0,1,0,SP2,TRUE,TRUE,4,1317,1318
mol669,CC(C)N(c1ccc(Oc2ccccc2C(F)(F)F)cc1C(=O)O)C(=O)[C@H]1CC[C@H](C)CC1,CC(C)N(c1ccc(Oc2ccccc2C(F)(F)F)cc1C(=O)[O-])C(=O)[C@H]1CC[C@H](C)CC1,"5,500",32,O,0,-1,1,0,SP2,FALSE,FALSE,2,1319,1320
mol670,CC(C)[NH+](c1ccccc1)C(C)C,CC(C)N(c1ccccc1)C(C)C,"6,190",3,N,1,0,1,0,SP3,FALSE,FALSE,4,1321,1322
mol671,CC(C)N=C1NS(=O)(=O)c2cc(Cl)ccc2S1,CC(C)N=C1[N-]S(=O)(=O)c2cc(Cl)ccc2S1,"9,760",5,N,0,-1,1,0,SP2,FALSE,TRUE,3,1323,1324
mol672,CC(C)N=C1Nc2c(Cl)cccc2S(=O)(=O)N1,CC(C)N=C1[N-]S(=O)(=O)c2cccc(Cl)c2N1,"9,110",16,N,0,-1,1,0,SP2,FALSE,TRUE,3,1325,1326
mol673,CC(C)N=C1Nc2cc(Cl)ccc2S(=O)(=O)N1,CC(C)N=C1[N-]S(=O)(=O)c2ccc(Cl)cc2N1,"9,350",15,N,0,-1,1,0,SP2,FALSE,TRUE,3,1327,1328
mol674,CC(C)N=C1Nc2ccc(Br)cc2S(=O)(=O)N1,CC(C)N=C1[N-]S(=O)(=O)c2cc(Br)ccc2N1,"9,410",15,N,0,-1,1,0,SP2,FALSE,TRUE,3,1329,1330
mol675,CC(C)N=C1Nc2ccc(Cl)cc2S(=O)(=O)N1,CC(C)N=C1[N-]S(=O)(=O)c2cc(Cl)ccc2N1,"9,510",15,N,0,-1,1,0,SP2,FALSE,TRUE,3,1331,1332
mol676,CC(C)N=C1Nc2ccc(F)cc2S(=O)(=O)N1,CC(C)N=C1[N-]S(=O)(=O)c2cc(F)ccc2N1,"9,630",15,N,0,-1,1,0,SP2,FALSE,TRUE,3,1333,1334
mol677,CC(C)N=C1Nc2ccc(I)cc2S(=O)(=O)N1,CC(C)N=C1[N-]S(=O)(=O)c2cc(I)ccc2N1,"9,280",15,N,0,-1,1,0,SP2,FALSE,TRUE,3,1335,1336
mol678,CC(C)N=NC1CC[NH+](C)CC1,CC(C)N=NC1CCN(C)CC1,"8,900",8,N,1,0,1,0,SP3,FALSE,TRUE,4,1337,1338
mol679,CC(C)NC(=O)NCCc1ccc(OCC(O)C[NH2+]C(C)C)cc1,CC(C)NCC(O)COc1ccc(CCNC(=O)NC(C)C)cc1,"9,180",3,N,1,0,2,1,SP3,FALSE,FALSE,4,1339,1340
mol680,CC(C)NC(=O)c1ccc(-c2ccc(-c3ccccc3)n2Cc2cccc(N)[nH+]2)cc1,CC(C)NC(=O)c1ccc(-c2ccc(-c3ccccc3)n2Cc2cccc(N)n2)cc1,"6,860",23,N,1,0,1,0,SP2,TRUE,TRUE,4,1341,1342
mol681,CC(C)NC(=S)[SH2+],CC(C)NC(=S)S,"3,100",6,S,1,0,2,1,SP3,FALSE,FALSE,3,1343,1344
mol682,CC(C)NCCC#N,CC(C)[N-]CCC#N,"8,000",3,N,0,-1,1,0,SP3,FALSE,FALSE,3,1345,1346
mol683,CC(C)[NH2+]c1ccccc1,CC(C)Nc1ccccc1,"5,670",3,N,1,0,2,1,SP3,FALSE,FALSE,4,1347,1348
mol684,CC(C)Nc1ncc(-c2nc(-c3ccc4c(c3)CC[NH+](C(CO)CO)CC4)no2)cc1C#N,CC(C)Nc1ncc(-c2nc(-c3ccc4c(c3)CCN(C(CO)CO)CC4)no2)cc1C#N,"8,100",23,N,1,0,1,0,SP3,FALSE,TRUE,4,1349,1350
mol685,CC(C)Nc1[nH+]cnc2c1cnn2C,CC(C)Nc1ncnc2c1cnn2C,"4,220",12,N,1,0,1,0,SP2,TRUE,TRUE,4,1351,1352
mol686,CC(C)OCC(O)C[NH2+]C(C)(C)C,CC(C)OCC(O)CNC(C)(C)C,"9,900",7,N,1,0,2,1,SP3,FALSE,FALSE,4,1353,1354
mol687,CC(C)Oc1ccc(-c2nc(-c3ccc4c(c3)CC[NH+](C(CO)CO)C4)no2)cc1C#N,CC(C)Oc1ccc(-c2nc(-c3ccc4c(c3)CCN(C(CO)CO)C4)no2)cc1C#N,"7,280",25,N,1,0,1,0,SP3,FALSE,TRUE,4,1356,1355
mol688,CC(C)Oc1ccc(-c2nc(-c3ccc4c(c3)CC[NH+](C(CO)CO)CC4)no2)cc1C#N,CC(C)Oc1ccc(-c2nc(-c3ccc4c(c3)CCN(C(CO)CO)CC4)no2)cc1C#N,"7,805",25,N,1,0,1,0,SP3,FALSE,TRUE,4,1357,1358
mol689,CC(C)Oc1ccc(-c2nc(-c3cccc4c3CC[NH+](C(CO)CO)C4)no2)cc1C#N,CC(C)Oc1ccc(-c2nc(-c3cccc4c3CCN(C(CO)CO)C4)no2)cc1C#N,"7,300",25,N,1,0,1,0,SP3,FALSE,TRUE,4,1360,1359
mol690,CC(C)Oc1ccc(-c2nc(-c3cccc4c3OCC[NH+](C(CO)CO)C4)no2)cc1C#N,CC(C)Oc1ccc(-c2nc(-c3cccc4c3OCCN(C(CO)CO)C4)no2)cc1C#N,"6,030",26,N,1,0,1,0,SP3,FALSE,TRUE,4,1362,1361
mol691,CC(C)Oc1ccc(C(=O)O)cc1,CC(C)Oc1ccc(C(=O)[O-])cc1,"4,570",12,O,0,-1,1,0,SP2,FALSE,FALSE,2,1363,1364
mol692,CC(C)Oc1ccc(C(=O)c2ccc3n2CCC3C(=O)O)cc1,CC(C)Oc1ccc(C(=O)c2ccc3n2CCC3C(=O)[O-])cc1,"3,430",22,O,0,-1,1,0,SP2,FALSE,FALSE,2,1365,1366
mol693,CC(C)Oc1cccc(C(=O)O)c1,CC(C)Oc1cccc(C(=O)[O-])c1,"4,150",12,O,0,-1,1,0,SP2,FALSE,FALSE,2,1367,1368
mol694,CC(C)Oc1cccc2c1NC(=[NH+]CC(F)F)NC2C,CC(C)Oc1cccc2c1NC(=NCC(F)F)NC2C,"10,200",10,N,1,0,1,0,SP2,FALSE,FALSE,4,1369,1370
mol695,CC(C)Oc1ccccc1C(=O)O,CC(C)Oc1ccccc1C(=O)[O-],"4,240",12,O,0,-1,1,0,SP2,FALSE,FALSE,2,1371,1372
mol696,CC(C)Oc1ncc(-c2nc(-c3ccc4c(c3)CC[NH2+]CC4)no2)cc1C#N,CC(C)Oc1ncc(-c2nc(-c3ccc4c(c3)CCNCC4)no2)cc1C#N,"9,690",23,N,1,0,2,1,SP3,FALSE,TRUE,4,1373,1374
mol697,CC(C)Oc1noc2c1C[NH2+]CC2,CC(C)Oc1noc2c1CNCC2,"7,500",11,N,1,0,2,1,SP3,FALSE,TRUE,4,1375,1376
mol698,CC(C)S(=O)(=O)n1c(N)[nH+]c2ccc(/C(=C/C(N)=O)c3cc(F)ccc3F)cc21,CC(C)S(=O)(=O)n1c(N)nc2ccc(/C(=C/C(N)=O)c3cc(F)ccc3F)cc21,"3,400",13,N,1,0,1,0,SP2,TRUE,TRUE,4,1377,1378
mol699,CC(C)S(=O)(=O)n1c(N)[nH+]c2ccc(/C(=C/C(N)=O)c3cccc(F)c3)cc21,CC(C)S(=O)(=O)n1c(N)nc2ccc(/C(=C/C(N)=O)c3cccc(F)c3)cc21,"3,410",13,N,1,0,1,0,SP2,TRUE,TRUE,4,1379,1380
mol700,CC(C)S(=O)O,CC(C)S(=O)[O-],"2,300",5,O,0,-1,1,0,SP3,FALSE,FALSE,2,1381,1382
mol701,CC(C)SC(=N)c1ccccc1,CC(C)SC(=[N-])c1ccccc1,"8,040",5,N,0,-1,1,0,SP2,FALSE,FALSE,3,1383,1384
mol702,CC(C)SC(C)C(=O)O,CC(C)SC(C)C(=O)[O-],"3,780",8,O,0,-1,1,0,SP2,FALSE,FALSE,2,1385,1386
mol703,CC(C)SCC(=O)O,CC(C)SCC(=O)[O-],"3,720",7,O,0,-1,1,0,SP2,FALSE,FALSE,2,1387,1388
mol704,CC(C)SCC[NH3+],CC(C)SCCN,"9,230",6,N,1,0,3,2,SP3,FALSE,FALSE,4,1389,1390
mol705,CC(C)[C@@H]1C(=O)N(S(C)(=O)=O)[C@@H]2CN(C(=O)/C=C/C[NH+]3CCCCC3)C[C@H]21,CC(C)[C@@H]1C(=O)N(S(C)(=O)=O)[C@@H]2CN(C(=O)/C=C/CN3CCCCC3)C[C@H]21,"8,440",21,N,1,0,1,0,SP3,FALSE,TRUE,4,1391,1392
mol706,CC(C)[C@@H]1CC[C@@H](C)C[C@@H]1[NH3+],CC(C)[C@@H]1CC[C@@H](C)C[C@@H]1N,"10,520",7,N,1,0,3,2,SP3,FALSE,FALSE,4,1393,1394
mol707,CC(C)[C@@]12C[NH2+][C@@H](C(=O)[O-])[C@@H]1CC(=O)O2,CC(C)[C@@]12CN[C@@H](C(=O)[O-])[C@@H]1CC(=O)O2,"7,800",5,N,1,0,2,1,SP3,FALSE,TRUE,4,1395,1396
mol708,CC(C)[C@H](C(=O)O)N1C[C@H](NC(=O)Cc2ccccc2)C1=O,CC(C)[C@H](C(=O)[O-])N1C[C@H](NC(=O)Cc2ccccc2)C1=O,"3,480",6,O,0,-1,1,0,SP2,FALSE,FALSE,2,1397,1398
mol709,CC(C)[C@H]1CC[C@H](C(=O)N[C@H](Cc2ccccc2)C(=O)O)CC1,CC(C)[C@H]1CC[C@H](C(=O)N[C@H](Cc2ccccc2)C(=O)[O-])CC1,"3,100",14,O,0,-1,1,0,SP2,FALSE,FALSE,2,1399,1400
mol710,CC(C)[C@H]1CC[C@H](C)C[C@@H]1[NH3+],CC(C)[C@H]1CC[C@H](C)C[C@@H]1N,"10,630",7,N,1,0,3,2,SP3,FALSE,FALSE,4,1401,1402
mol711,CC(C)[NH+](C(C)C)C(C)C,CC(C)N(C(C)C)C(C)C,"11,860",3,N,1,0,1,0,SP3,FALSE,FALSE,4,1403,1404
mol712,CC(C)[NH+](C)C,CC(C)N(C)C,"10,300",3,N,1,0,1,0,SP3,FALSE,FALSE,4,1405,1406
mol713,CC(C)[NH+](CC1CO1)CC1CO1,CC(C)N(CC1CO1)CC1CO1,"7,070",3,N,1,0,1,0,SP3,FALSE,FALSE,4,1408,1407
mol714,CC(C)[NH+](CCCl)CCCl,CC(C)N(CCCl)CCCl,"7,000",3,N,1,0,1,0,SP3,FALSE,FALSE,4,1410,1409
mol715,CC(C)[NH+](CCNC(=O)[C@H]1C[C@@H]1c1ccccc1)C(C)C,CC(C)N(CCNC(=O)[C@H]1C[C@@H]1c1ccccc1)C(C)C,"9,700",3,N,1,0,1,0,SP3,FALSE,FALSE,4,1411,1412
mol716,CC(C)[NH+](CCO)C(C)C,CC(C)N(CCO)C(C)C,"10,080",3,N,1,0,1,0,SP3,FALSE,FALSE,4,1413,1414
mol717,CC(C)[NH+](CCc1ccccc1)CCc1ccccc1,CC(C)N(CCc1ccccc1)CCc1ccccc1,"10,020",3,N,1,0,1,0,SP3,FALSE,FALSE,4,1415,1416
mol718,CC(C)[NH+](Cc1no[n+]([O-])c1C#N)C(C)C,CC(C)N(Cc1no[n+]([O-])c1C#N)C(C)C,"5,350",3,N,1,0,1,0,SP3,FALSE,FALSE,4,1418,1417
mol719,CC(C)[NH+]1C2CCCC21,CC(C)N1C2CCCC21,"8,310",3,N,1,0,1,0,SP3,FALSE,TRUE,4,1419,1420
mol720,CC(C)[NH+]1CCC(C(=O)Nc2cccc(OCc3ccc(F)cc3)c2)CC1,CC(C)N1CCC(C(=O)Nc2cccc(OCc3ccc(F)cc3)c2)CC1,"9,400",3,N,1,0,1,0,SP3,FALSE,TRUE,4,1421,1422
mol721,CC(C)[NH+]1CCC(N(C(=O)Cc2ccccc2)c2ccc(Cl)cc2)CC1,CC(C)N1CCC(N(C(=O)Cc2ccccc2)c2ccc(Cl)cc2)CC1,"8,700",3,N,1,0,1,0,SP3,FALSE,TRUE,4,1423,1424
mol722,CC(C)[NH+]1CCC(Oc2cc3[nH]c(C(=O)N4CCOCC4)cc3cc2F)CC1,CC(C)N1CCC(Oc2cc3[nH]c(C(=O)N4CCOCC4)cc3cc2F)CC1,"9,500",3,N,1,0,1,0,SP3,FALSE,TRUE,4,1425,1426
mol723,CC(C)[NH+]1CCC(Oc2ccc(C3(C(N)=O)CCOCC3)cc2)CC1,CC(C)N1CCC(Oc2ccc(C3(C(N)=O)CCOCC3)cc2)CC1,"9,780",3,N,1,0,1,0,SP3,FALSE,TRUE,4,1427,1428
mol724,CC(C)[NH+]1CCC(Oc2ccc3[nH]c(C(=O)N4CCC(F)(F)CC4)cc3c2)CC1,CC(C)N1CCC(Oc2ccc3[nH]c(C(=O)N4CCC(F)(F)CC4)cc3c2)CC1,"9,700",3,N,1,0,1,0,SP3,FALSE,TRUE,4,1429,1430
mol725,CC(C)[NH+]1CCC(Oc2ccc3[nH]c(C(=O)N4CCC(O)C4)cc3c2)CC1,CC(C)N1CCC(Oc2ccc3[nH]c(C(=O)N4CCC(O)C4)cc3c2)CC1,"9,800",3,N,1,0,1,0,SP3,FALSE,TRUE,4,1431,1432
mol726,CC(C)[NH+]1CCC(Oc2ccc3[nH]c(C(=O)N4CCCC(F)(F)C4)cc3c2)CC1,CC(C)N1CCC(Oc2ccc3[nH]c(C(=O)N4CCCC(F)(F)C4)cc3c2)CC1,"10,000",3,N,1,0,1,0,SP3,FALSE,TRUE,4,1433,1434
mol727,CC(C)[NH+]1CCC(Oc2ccc3[nH]c(C(=O)N4CCCCCC4)cc3c2)CC1,CC(C)N1CCC(Oc2ccc3[nH]c(C(=O)N4CCCCCC4)cc3c2)CC1,"9,700",3,N,1,0,1,0,SP3,FALSE,TRUE,4,1435,1436
mol728,CC(C)[NH+]1CCC(Oc2ccc3[nH]c(C(=O)N4CCOCC4)cc3c2)CC1,CC(C)N1CCC(Oc2ccc3[nH]c(C(=O)N4CCOCC4)cc3c2)CC1,"10,000",3,N,1,0,1,0,SP3,FALSE,TRUE,4,1437,1438
mol729,CC(C)[NH+]1CCC(Oc2ccc3c(c2)cc(C(=O)N2CCC(F)(F)CC2)n3CC#N)CC1,CC(C)N1CCC(Oc2ccc3c(c2)cc(C(=O)N2CCC(F)(F)CC2)n3CC#N)CC1,"9,800",3,N,1,0,1,0,SP3,FALSE,TRUE,4,1439,1440
mol730,CC(C)[NH+]1CCC(Oc2ccc3c(c2)cc(C(=O)N2CCC(F)(F)CC2)n3CC(F)(F)F)CC1,CC(C)N1CCC(Oc2ccc3c(c2)cc(C(=O)N2CCC(F)(F)CC2)n3CC(F)(F)F)CC1,"9,700",3,N,1,0,1,0,SP3,FALSE,TRUE,4,1441,1442
mol731,CC(C)[NH+]1CCC(Oc2ccc3c(c2)cc(C(=O)N2CCC(F)(F)CC2)n3S(C)(=O)=O)CC1,CC(C)N1CCC(Oc2ccc3c(c2)cc(C(=O)N2CCC(F)(F)CC2)n3S(C)(=O)=O)CC1,"9,600",3,N,1,0,1,0,SP3,FALSE,TRUE,4,1443,1444
mol732,CC(C)[NH+]1CCC(Oc2ccc3c(c2)cc(C(=O)N2CCOCC2)n3CC(F)(F)F)CC1,CC(C)N1CCC(Oc2ccc3c(c2)cc(C(=O)N2CCOCC2)n3CC(F)(F)F)CC1,"9,700",3,N,1,0,1,0,SP3,FALSE,TRUE,4,1445,1446
mol733,CC(C)[NH+]1CCC(Oc2ccc3c(c2)cc(C(=O)N2CCS(=O)(=O)CC2)n3CC(F)(F)F)CC1,CC(C)N1CCC(Oc2ccc3c(c2)cc(C(=O)N2CCS(=O)(=O)CC2)n3CC(F)(F)F)CC1,"9,600",3,N,1,0,1,0,SP3,FALSE,TRUE,4,1447,1448
mol734,CC(C)[NH+]1CCC(Oc2ccc3cc(C(=O)N4CCC(CO)CC4)ccc3c2)CC1,CC(C)N1CCC(Oc2ccc3cc(C(=O)N4CCC(CO)CC4)ccc3c2)CC1,"9,600",3,N,1,0,1,0,SP3,FALSE,TRUE,4,1449,1450
mol735,CC(C)[NH+]1CCC(Oc2ccc3cc(C(=O)N4CCOCC4)[nH]c3c2)CC1,CC(C)N1CCC(Oc2ccc3cc(C(=O)N4CCOCC4)[nH]c3c2)CC1,"9,700",3,N,1,0,1,0,SP3,FALSE,TRUE,4,1451,1452
mol736,CC(C)[NH+]1CCC(Oc2ccc3cc(C(=O)N4CCOCC4)ccc3c2)CC1,CC(C)N1CCC(Oc2ccc3cc(C(=O)N4CCOCC4)ccc3c2)CC1,"9,300",3,N,1,0,1,0,SP3,FALSE,TRUE,4,1453,1454
mol737,CC(C)[NH+]1CCC(Oc2ccc3nc(C(=O)N4CCC4)ccc3c2)CC1,CC(C)N1CCC(Oc2ccc3nc(C(=O)N4CCC4)ccc3c2)CC1,"9,500",3,N,1,0,1,0,SP3,FALSE,TRUE,4,1455,1456
mol738,CC(C)[NH+]1CCC(Oc2ccc3nc(C(=O)N4CCC[C@H]4C#N)ccc3c2)CC1,CC(C)N1CCC(Oc2ccc3nc(C(=O)N4CCC[C@H]4C#N)ccc3c2)CC1,"9,500",3,N,1,0,1,0,SP3,FALSE,TRUE,4,1457,1458
mol739,CC(C)[NH+]1CCC(Oc2ccc3nc(C(=O)N4CCOCC4)ccc3c2)CC1,CC(C)N1CCC(Oc2ccc3nc(C(=O)N4CCOCC4)ccc3c2)CC1,"9,500",3,N,1,0,1,0,SP3,FALSE,TRUE,4,1459,1460
mol740,CC(C)[NH+]1CCCC1,CC(C)N1CCCC1,"11,220",3,N,1,0,1,0,SP3,FALSE,TRUE,4,1461,1462
mol741,CC(C)[NH+]1CCCCC1,CC(C)N1CCCCC1,"10,960",3,N,1,0,1,0,SP3,FALSE,TRUE,4,1463,1464
mol742,CC(C)[NH+]1[C@@H]2CC(Oc3ccc4nc(C(=O)N5CCOCC5)ccc4c3)CC[C@H]1C2,CC(C)N1[C@@H]2CC(Oc3ccc4nc(C(=O)N5CCOCC5)ccc4c3)CC[C@H]1C2,"8,970",3,N,1,0,1,0,SP3,FALSE,TRUE,4,1465,1466
mol743,CC(C)[NH2+]C(C)C,CC(C)NC(C)C,"11,040",3,N,1,0,2,1,SP3,FALSE,FALSE,4,1467,1468
mol744,CC(C)[NH2+]CC(O)COc1ccc(CC(N)=O)cc1,CC(C)NCC(O)COc1ccc(CC(N)=O)cc1,"9,555",3,N,1,0,2,1,SP3,FALSE,FALSE,4,1469,1470
mol745,CC(C)[NH2+]CC(O)COc1ccc(CCOCC2CC2)cc1,CC(C)NCC(O)COc1ccc(CCOCC2CC2)cc1,"9,305",3,N,1,0,2,1,SP3,FALSE,FALSE,4,1471,1472
mol746,CC(C)[NH2+]CC(O)COc1ccc(COCCOC(C)C)cc1,CC(C)NCC(O)COc1ccc(COCCOC(C)C)cc1,"9,447",3,N,1,0,2,1,SP3,FALSE,FALSE,4,1473,1474
mol747,CC(C)[NH2+]CC(O)COc1cccc2[nH]c3ccccc3c12,CC(C)NCC(O)COc1cccc2[nH]c3ccccc3c12,"9,520",3,N,1,0,2,1,SP3,FALSE,FALSE,4,1475,1476
mol748,CC(C)[NH2+]CC(O)COc1cccc2[nH]ccc12,CC(C)NCC(O)COc1cccc2[nH]ccc12,"9,395",3,N,1,0,2,1,SP3,FALSE,FALSE,4,1477,1478
mol749,CC(C)[NH2+]CC(O)COc1cccc2ccccc12,CC(C)NCC(O)COc1cccc2ccccc12,"9,519",3,N,1,0,2,1,SP3,FALSE,FALSE,4,1479,1480
mol750,CC(C)[NH2+]CC(O)COc1ccccc1,CC(C)NCC(O)COc1ccccc1,"9,450",3,N,1,0,2,1,SP3,FALSE,FALSE,4,1481,1482
mol751,CC(C)[NH2+]CC(O)c1cccc(F)c1,CC(C)NCC(O)c1cccc(F)c1,"9,480",3,N,1,0,2,1,SP3,FALSE,FALSE,4,1483,1484
mol752,CC(C)[NH2+]C[C@H](O)COc1ccc(CC(N)=O)cc1,CC(C)NC[C@H](O)COc1ccc(CC(N)=O)cc1,"9,570",3,N,1,0,2,1,SP3,FALSE,FALSE,4,1485,1486
mol753,CC(C)[NH2+]C[C@H](O)COc1cccc2ccccc12,CC(C)NC[C@H](O)COc1cccc2ccccc12,"9,500",3,N,1,0,2,1,SP3,FALSE,FALSE,4,1487,1488
mol754,CC(C)[NH2+][C@H](c1ccccc1)[C@H](O)c1ccccc1,CC(C)N[C@H](c1ccccc1)[C@H](O)c1ccccc1,"11,790",3,N,1,0,2,1,SP3,FALSE,FALSE,4,1489,1490
mol755,CC(C)[NH3+],CC(C)N,"10,640",3,N,1,0,3,2,SP3,FALSE,FALSE,4,1491,1492
mol756,CC(C)c1cc(=O)c(O)ccc1Br,CC(C)c1cc(=O)c([O-])ccc1Br,"6,530",12,O,0,-1,1,0,SP2,FALSE,FALSE,2,1493,1494
mol757,CC(C)c1cc(Nc2ccc(C#N)c(Cl)c2)[nH+]cc1C(=O)NCC1CCOCC1,CC(C)c1cc(Nc2ccc(C#N)c(Cl)c2)ncc1C(=O)NCC1CCOCC1,"6,020",6,N,1,0,1,0,SP2,TRUE,TRUE,4,1495,1496
mol758,CC(C)c1cc(Nc2ccc(Cl)cc2Cl)[nH+]cc1C(=O)NCC1CCOCC1,CC(C)c1cc(Nc2ccc(Cl)cc2Cl)ncc1C(=O)NCC1CCOCC1,"6,020",6,N,1,0,1,0,SP2,TRUE,TRUE,4,1497,1498
mol759,CC(C)c1cc(Nc2cccc(Br)c2)[nH+]cc1C(=O)NCC1CCOCC1,CC(C)c1cc(Nc2cccc(Br)c2)ncc1C(=O)NCC1CCOCC1,"6,020",6,N,1,0,1,0,SP2,TRUE,TRUE,4,1499,1500
mol760,CC(C)c1cc(Nc2cccc(C#N)c2)[nH+]cc1C(=O)NCC1CCOCC1,CC(C)c1cc(Nc2cccc(C#N)c2)ncc1C(=O)NCC1CCOCC1,"6,020",6,N,1,0,1,0,SP2,TRUE,TRUE,4,1501,1502
mol761,CC(C)c1cc(Nc2cccc(C(F)(F)F)c2F)[nH+]cc1C(=O)NCC1CCOCC1,CC(C)c1cc(Nc2cccc(C(F)(F)F)c2F)ncc1C(=O)NCC1CCOCC1,"6,020",6,N,1,0,1,0,SP2,TRUE,TRUE,4,1503,1504
mol762,CC(C)c1cc(Nc2cccc(Cl)c2)[nH+]cc1C(=O)NC1CCOCC1,CC(C)c1cc(Nc2cccc(Cl)c2)ncc1C(=O)NC1CCOCC1,"6,020",6,N,1,0,1,0,SP2,TRUE,TRUE,4,1505,1506
mol763,CC(C)c1cc(Nc2cccc(Cl)c2)[nH+]cc1C(=O)NCC(C)(C)C,CC(C)c1cc(Nc2cccc(Cl)c2)ncc1C(=O)NCC(C)(C)C,"6,020",6,N,1,0,1,0,SP2,TRUE,TRUE,4,1507,1508
mol764,CC(C)c1cc(Nc2cccc(Cl)c2)[nH+]cc1C(=O)NCC1CCCC1,CC(C)c1cc(Nc2cccc(Cl)c2)ncc1C(=O)NCC1CCCC1,"6,020",6,N,1,0,1,0,SP2,TRUE,TRUE,4,1509,1510
mol765,CC(C)c1cc(Nc2cccc(Cl)c2)[nH+]cc1C(=O)NCC1CCOCC1,CC(C)c1cc(Nc2cccc(Cl)c2)ncc1C(=O)NCC1CCOCC1,"6,020",6,N,1,0,1,0,SP2,TRUE,TRUE,4,1511,1512
mol766,CC(C)c1cc(Nc2cccc(Cl)c2)[nH+]cc1C(=O)NCc1ccc(F)cc1,CC(C)c1cc(Nc2cccc(Cl)c2)ncc1C(=O)NCc1ccc(F)cc1,"6,020",6,N,1,0,1,0,SP2,TRUE,TRUE,4,1513,1514
mol767,CC(C)c1ccc(Br)c(O)c(=O)c1,CC(C)c1ccc(Br)c([O-])c(=O)c1,"6,280",11,O,0,-1,1,0,SP2,FALSE,FALSE,2,1515,1516
mol768,CC(C)c1ccc(C(=O)/C=C/C(=O)O)cc1,CC(C)c1ccc(C(=O)/C=C/C(=O)[O-])cc1,"3,400",15,O,0,-1,1,0,SP2,FALSE,FALSE,2,1517,1518
mol769,CC(C)c1ccc(C(=O)O)cc1,CC(C)c1ccc(C(=O)[O-])cc1,"4,310",11,O,0,-1,1,0,SP2,FALSE,FALSE,2,1519,1520
mol770,CC(C)c1ccc(CCC[NH+](C)C)cc1,CC(C)c1ccc(CCCN(C)C)cc1,"10,490",12,N,1,0,1,0,SP3,FALSE,FALSE,4,1521,1522
mol771,CC(C)c1ccc(O)cc1,CC(C)c1ccc([O-])cc1,"10,100",9,O,0,-1,1,0,SP2,FALSE,FALSE,2,1523,1524
mol772,CC(C)c1ccc2c(c1)CC[C@H]1[C@](C)(C(=O)O)CCC[C@]21C,CC(C)c1ccc2c(c1)CC[C@H]1[C@](C)(C(=O)[O-])CCC[C@]21C,"5,700",20,O,0,-1,1,0,SP2,FALSE,FALSE,2,1525,1526
mol773,CC(C)c1cccc(=O)c(O)c1Br,CC(C)c1cccc(=O)c([O-])c1Br,"6,680",12,O,0,-1,1,0,SP2,FALSE,FALSE,2,1527,1528
mol774,CC(C)c1cccc(C(=O)O)c1,CC(C)c1cccc(C(=O)[O-])c1,"4,270",11,O,0,-1,1,0,SP2,FALSE,FALSE,2,1529,1530
mol775,CC(C)c1cccc(C(C)C)c1NC1=[NH+]CCN1,CC(C)c1cccc(C(C)C)c1NC1=NCCN1,"10,650",11,N,1,0,1,0,SP2,FALSE,TRUE,4,1531,1532
mol776,CC(C)c1cccc2ccc(O)cc12,CC(C)c1cccc2ccc([O-])cc12,"9,520",13,O,0,-1,1,0,SP2,FALSE,FALSE,2,1533,1534
mol777,CC(C)c1ccccc1C(=O)O,CC(C)c1ccccc1C(=O)[O-],"3,640",11,O,0,-1,1,0,SP2,FALSE,FALSE,2,1535,1536
mol778,CC(C)c1ccccc1[NH3+],CC(C)c1ccccc1N,"4,420",9,N,1,0,3,2,SP3,FALSE,FALSE,4,1537,1538
mol780,CC(C)c1ccccc1O,CC(C)c1ccccc1[O-],"10,400",9,O,0,-1,1,0,SP2,FALSE,FALSE,2,1539,1540
mol781,CC(C)c1cccc[nH+]1,CC(C)c1ccccn1,"5,830",8,N,1,0,1,0,SP2,TRUE,TRUE,4,1541,1542
mol782,CC(C)c1ccc[nH+]c1,CC(C)c1cccnc1,"5,720",7,N,1,0,1,0,SP2,TRUE,TRUE,4,1543,1544
mol783,CC(C)c1cc[nH+]cc1,CC(C)c1ccncc1,"6,020",6,N,1,0,1,0,SP2,TRUE,TRUE,4,1545,1546
mol784,CC(C)c1csc(C(=O)O)c1,CC(C)c1csc(C(=O)[O-])c1,"3,640",10,O,0,-1,1,0,SP2,FALSE,FALSE,2,1547,1548
mol785,CC(C)c1[nH]c2ccccc2[nH+]1,CC(C)c1nc2ccccc2[nH]1,"6,230",11,N,1,0,1,0,SP2,TRUE,TRUE,4,1549,1550
mol786,CC(C)c1nn[nH]n1,CC(C)c1nn[n-]n1,"5,550",5,N,0,-1,1,0,SP2,TRUE,TRUE,3,1551,1552
mol787,CC(C)c1[nH+]nc2ccc(-c3ocnc3-c3ccc(F)cc3)cn12,CC(C)c1nnc2ccc(-c3ocnc3-c3ccc(F)cc3)cn12,"2,860",4,N,1,0,1,0,SP2,TRUE,TRUE,4,1553,1554
mol788,CC(C)n1c(/C=C/C(O)CC(O)CC(=O)O)c(-c2ccc(F)cc2)c2ccccc21,CC(C)n1c(/C=C/C(O)CC(O)CC(=O)[O-])c(-c2ccc(F)cc2)c2ccccc21,"4,405",20,O,0,-1,1,0,SP2,FALSE,FALSE,2,1555,1556
mol789,CC(C)n1c(/C=C/[C@@H](O)C[C@@H](O)CC(=O)O)c(-c2ccc(F)cc2)c2ccccc21,CC(C)n1c(/C=C/[C@@H](O)C[C@@H](O)CC(=O)[O-])c(-c2ccc(F)cc2)c2ccccc21,"4,310",20,O,0,-1,1,0,SP2,FALSE,FALSE,2,1557,1558
mol790,CC(C)n1c(C(=O)N2CCC(F)(F)CC2)cc2cc(OC3CC[NH+](C(C)C)CC3)ccc21,CC(C)N1CCC(Oc2ccc3c(c2)cc(C(=O)N2CCC(F)(F)CC2)n3C(C)C)CC1,"9,900",26,N,1,0,1,0,SP3,FALSE,TRUE,4,1559,1560
mol791,CC(C)n1c(N)[nH+]c2ccc(/C(=C\C(N)=O)c3cccc(F)c3F)cc21,CC(C)n1c(N)nc2ccc(/C(=C\C(N)=O)c3cccc(F)c3F)cc21,"6,700",10,N,1,0,1,0,SP2,TRUE,TRUE,4,1561,1562
mol792,CC(C)n1c[nH+]c2ccccc21,CC(C)n1cnc2ccccc21,"5,740",5,N,1,0,1,0,SP2,TRUE,TRUE,4,1563,1564
mol793,CC(C1CC1C(=O)O)C1CC[C@H]2[C@@H]3[C@@H](O)CC4C[C@H](O)CCC4(C)[C@H]3CCC12C,CC(C1CC1C(=O)[O-])C1CC[C@H]2[C@@H]3[C@@H](O)CC4C[C@H](O)CCC4(C)[C@H]3CCC12C,"5,010",28,O,0,-1,1,0,SP2,FALSE,FALSE,2,1565,1566
mol794,CC(C1CC[C@H]2[C@@H]3[C@@H](O)CC4C[C@H](O)CCC4(C)[C@H]3CCC12C)[C@@H]1C[C@@H]1C(=O)O,CC(C1CC[C@H]2[C@@H]3[C@@H](O)CC4C[C@H](O)CCC4(C)[C@H]3CCC12C)[C@@H]1C[C@@H]1C(=O)[O-],"5,040",7,O,0,-1,1,0,SP2,FALSE,FALSE,2,1567,1568
mol795,CC(C1CC[C@H]2[C@@H]3[C@@H](O)CC4C[C@H](O)CCC4(C)[C@H]3CCC12C)[C@H]1C[C@H]1C(=O)O,CC(C1CC[C@H]2[C@@H]3[C@@H](O)CC4C[C@H](O)CCC4(C)[C@H]3CCC12C)[C@H]1C[C@H]1C(=O)[O-],"5,050",7,O,0,-1,1,0,SP2,FALSE,FALSE,2,1569,1570
mol796,CC(C=C(c1cccs1)c1cccs1)[NH+](C)C,CC(C=C(c1cccs1)c1cccs1)N(C)C,"8,950",14,N,1,0,1,0,SP3,FALSE,FALSE,4,1571,1572
mol797,CC(C=C(c1cccs1)c1cccs1)[NH+]1CCCCC1,CC(C=C(c1cccs1)c1cccs1)N1CCCCC1,"8,460",14,N,1,0,1,0,SP3,FALSE,TRUE,4,1573,1574
mol798,CC(C=C(c1cccs1)c1cccs1)[NH+]1CCCCC1C,CC(C=C(c1cccs1)c1cccs1)N1CCCCC1C,"7,460",6,N,1,0,1,0,SP3,FALSE,TRUE,4,1575,1576
mol799,CC(C=C(c1cccs1)c1cccs1)[NH+]1CCCCCC1,CC(C=C(c1cccs1)c1cccs1)N1CCCCCC1,"7,960",14,N,1,0,1,0,SP3,FALSE,TRUE,4,1577,1578
mol800,CC(C=C(c1cccs1)c1cccs1)[NH+]1CCCCCCC1,CC(C=C(c1cccs1)c1cccs1)N1CCCCCCC1,"7,520",14,N,1,0,1,0,SP3,FALSE,TRUE,4,1579,1580
mol801,CC(CC(=O)O)C(N)=O,CC(CC(=O)[O-])C(N)=O,"4,590",5,O,0,-1,1,0,SP2,FALSE,FALSE,2,1581,1582
mol802,CC(CC(C#N)(c1ccccc1)c1ccccc1)[NH+]1CCCCC1,CC(CC(C#N)(c1ccccc1)c1ccccc1)N1CCCCC1,"7,730",18,N,1,0,1,0,SP3,FALSE,TRUE,4,1583,1584
mol803,CC(CC(C#N)(c1ccccc1)c1ccccc1)[NH+]1CCOCC1,CC(CC(C#N)(c1ccccc1)c1ccccc1)N1CCOCC1,"6,100",18,N,1,0,1,0,SP3,FALSE,TRUE,4,1586,1585
mol804,CC(CC(O)(c1ccccc1)c1ccccc1)[NH+]1CCCCC1,CC(CC(O)(c1ccccc1)c1ccccc1)N1CCCCC1,"8,620",17,N,1,0,1,0,SP3,FALSE,TRUE,4,1587,1588
mol805,CC(CC(c1ccccc1)c1ccccc1)[NH+]1CCCCC1,CC(CC(c1ccccc1)c1ccccc1)N1CCCCC1,"8,800",16,N,1,0,1,0,SP3,FALSE,TRUE,4,1589,1590
mol806,CC(CC(c1ccccc1)c1ccccc1)[NH+]1CCOCC1,CC(CC(c1ccccc1)c1ccccc1)N1CCOCC1,"6,900",16,N,1,0,1,0,SP3,FALSE,TRUE,4,1592,1591
mol807,CC(CC[NH+](C)C)N=O,CC(CCN(C)C)N=O,"11,200",4,N,1,0,1,0,SP3,FALSE,FALSE,4,1593,1594
mol808,CC(CN1c2ccccc2CCc2ccccc21)C[NH+](C)C,CC(CN(C)C)CN1c2ccccc2CCc2ccccc21,"8,720",19,N,1,0,1,0,SP3,FALSE,FALSE,4,1595,1596
mol809,CC(CN1c2ccccc2Sc2ccccc21)C[NH+](C)C,CC(CN(C)C)CN1c2ccccc2Sc2ccccc21,"9,235",18,N,1,0,1,0,SP3,FALSE,FALSE,4,1597,1598
mol810,CC(CN1c2ccccc2Sc2ccccc21)[NH+](C)C,CC(CN1c2ccccc2Sc2ccccc21)N(C)C,"9,070",17,N,1,0,1,0,SP3,FALSE,FALSE,4,1599,1600
mol811,CC(CO)C[NH+](C)C,CC(CO)CN(C)C,"9,750",3,N,1,0,1,0,SP3,FALSE,FALSE,4,1601,1602
mol812,CC(C[NH+](C)C)C(C#N)(c1ccccc1)c1ccccc1,CC(CN(C)C)C(C#N)(c1ccccc1)c1ccccc1,"7,900",3,N,1,0,1,0,SP3,FALSE,FALSE,4,1603,1604
mol813,CC(C[NH+](C)C)N=O,CC(CN(C)C)N=O,"10,900",3,N,1,0,1,0,SP3,FALSE,FALSE,4,1605,1606
mol814,CC(C[NH+]1CCCCC1)C(C#N)(c1ccccc1)c1ccccc1,CC(CN1CCCCC1)C(C#N)(c1ccccc1)c1ccccc1,"7,540",3,N,1,0,1,0,SP3,FALSE,TRUE,4,1607,1608
mol815,CC(Cc1ccccc1)[NH+](C)CCC#N,CC(Cc1ccccc1)N(C)CCC#N,"6,950",9,N,1,0,1,0,SP3,FALSE,FALSE,4,1609,1610
mol816,CC(Cc1ccccc1)[NH2+]CCC#N,CC(Cc1ccccc1)NCCC#N,"7,230",9,N,1,0,2,1,SP3,FALSE,FALSE,4,1611,1612
mol817,CC(Cc1ccccc1)[NH2+]CCC(c1ccccc1)c1ccccc1,CC(Cc1ccccc1)NCCC(c1ccccc1)c1ccccc1,"8,920",9,N,1,0,2,1,SP3,FALSE,FALSE,4,1613,1614
mol818,CC(Cl)C(=O)O,CC(Cl)C(=O)[O-],"2,880",4,O,0,-1,1,0,SP2,FALSE,FALSE,2,1615,1616
mol819,CC(Cl)C[NH+](C)C,CC(Cl)CN(C)C,"8,120",3,N,1,0,1,0,SP3,FALSE,FALSE,4,1617,1618
mol820,CC(Cl)C[NH3+],CC(Cl)CN,"8,540",3,N,1,0,3,2,SP3,FALSE,FALSE,4,1619,1620
mol821,CC(I)C(=O)O,CC(I)C(=O)[O-],"3,210",4,O,0,-1,1,0,SP2,FALSE,FALSE,2,1621,1622
mol822,CC(N)=[NH+]c1nsc2ccccc12,CC(N)=Nc1nsc2ccccc12,"6,990",2,N,1,0,1,0,SP2,FALSE,FALSE,4,1624,1623
mol823,CC(N)CC#N,CC([NH-])CC#N,"7,850",5,N,0,-1,2,1,SP3,FALSE,FALSE,3,1625,1626
mol824,CC(N=O)C(C[NH+](C)C)N=O,CC(N=O)C(CN(C)C)N=O,"9,500",4,N,1,0,1,0,SP3,FALSE,FALSE,4,1627,1628
mol825,CC(Nc1ccc2c(c1)[C@@H](NC(=O)c1ccc(Br)cc1)[C@H](O)C2)=[NH+]Cc1ccc(F)cc1,CC(=NCc1ccc(F)cc1)Nc1ccc2c(c1)[C@@H](NC(=O)c1ccc(Br)cc1)[C@H](O)C2,"8,490",2,N,1,0,1,0,SP2,FALSE,FALSE,4,1629,1630
mol826,CC(Nc1ccc2c(c1)[C@@H](NC(=O)c1ccc(Br)cc1)[C@H](O)C2)=[NH+]c1ccc(F)cc1,CC(=Nc1ccc(F)cc1)Nc1ccc2c(c1)[C@@H](NC(=O)c1ccc(Br)cc1)[C@H](O)C2,"8,200",2,N,1,0,1,0,SP2,FALSE,FALSE,4,1631,1632
mol827,CC(Nc1ccccc1)=[NH+]c1ccccc1,CC(=Nc1ccccc1)Nc1ccccc1,"8,300",2,N,1,0,1,0,SP2,FALSE,FALSE,4,1633,1634
mol828,CC(O)(C(=O)O)c1ccccc1,CC(O)(C(=O)[O-])c1ccccc1,"3,530",10,O,0,-1,1,0,SP2,FALSE,FALSE,2,1635,1636
mol829,CC(O)(c1ccccc1)C(C(=O)O)c1ccc(-c2ccccc2)cc1,CC(O)(c1ccccc1)C(C(=O)[O-])c1ccc(-c2ccccc2)cc1,"3,380",23,O,0,-1,1,0,SP2,FALSE,FALSE,2,1637,1638
mol830,CC(O)=CC(=O)C(C)(C)C,CC([O-])=CC(=O)C(C)(C)C,"9,940",9,O,0,-1,1,0,SP2,FALSE,FALSE,2,1639,1640
mol831,CC([OH2+])=CC(=O)C(F)(F)F,CC(O)=CC(=O)C(F)(F)F,"6,090",9,O,1,0,2,1,SP2,FALSE,FALSE,3,1641,1642
mol832,CC(O)=CC(=O)Nc1ccc(C)cc1,CC([O-])=CC(=O)Nc1ccc(C)cc1,"10,150",13,O,0,-1,1,0,SP2,FALSE,FALSE,2,1643,1644
mol833,CC(O)=CC(=O)Nc1cccc(C)c1,CC([O-])=CC(=O)Nc1cccc(C)c1,"10,000",13,O,0,-1,1,0,SP2,FALSE,FALSE,2,1645,1646
mol834,CC(O)=CC(=O)Nc1ccccc1,CC([O-])=CC(=O)Nc1ccccc1,"9,940",12,O,0,-1,1,0,SP2,FALSE,FALSE,2,1647,1648
mol835,CC(O)=CC(N)=O,CC([O-])=CC(N)=O,"10,410",6,O,0,-1,1,0,SP2,FALSE,FALSE,2,1649,1650
mol836,CC(O)C(=O)O,CC(O)C(=O)[O-],"3,760",4,O,0,-1,1,0,SP2,FALSE,FALSE,2,1651,1652
mol837,CC(O)C(C(=O)O)c1ccc(-c2ccccc2)cc1,CC(O)C(C(=O)[O-])c1ccc(-c2ccccc2)cc1,"4,300",17,O,0,-1,1,0,SP2,FALSE,FALSE,2,1653,1654
mol838,CC(O)C(C(=O)O)c1ccc(C2CCCCC2)cc1,CC(O)C(C(=O)[O-])c1ccc(C2CCCCC2)cc1,"4,210",17,O,0,-1,1,0,SP2,FALSE,FALSE,2,1655,1656
mol839,CC(O)CC(=O)O,CC(O)CC(=O)[O-],"4,500",5,O,0,-1,1,0,SP2,FALSE,FALSE,2,1657,1658
mol840,CC(O)C[NH+](C)CC(C)O,CC(O)CN(C)CC(C)O,"8,700",3,N,1,0,1,0,SP3,FALSE,FALSE,4,1659,1660
mol841,CC(O)C[NH+](C)CCO,CC(O)CN(C)CCO,"8,690",3,N,1,0,1,0,SP3,FALSE,FALSE,4,1661,1662
mol842,CC(O)C[NH+](CC(C)O)C(C)(C)C,CC(O)CN(CC(C)O)C(C)(C)C,"9,360",3,N,1,0,1,0,SP3,FALSE,FALSE,4,1663,1664
mol843,CC(O)C[NH+](CC(C)O)C(C)C,CC(O)CN(CC(C)O)C(C)C,"9,330",3,N,1,0,1,0,SP3,FALSE,FALSE,4,1665,1666
mol844,CC(O)C[NH+](CCO)C(C)(C)C,CC(O)CN(CCO)C(C)(C)C,"9,200",3,N,1,0,1,0,SP3,FALSE,FALSE,4,1667,1668
mol845,CC(O)C[NH+](Cc1ccccc1)CC(C)O,CC(O)CN(Cc1ccccc1)CC(C)O,"7,500",3,N,1,0,1,0,SP3,FALSE,FALSE,4,1669,1670
mol846,CC(O)C[NH2+]C(C)(C)C,CC(O)CNC(C)(C)C,"10,000",3,N,1,0,2,1,SP3,FALSE,FALSE,4,1671,1672
mol847,CC(O)C[NH2+]CC(C)O,CC(O)CNCC(C)O,"8,880",3,N,1,0,2,1,SP3,FALSE,FALSE,4,1673,1674
mol848,CC(O)C[NH2+]CCO,CC(O)CNCCO,"8,810",3,N,1,0,2,1,SP3,FALSE,FALSE,4,1675,1676
mol849,CC(O)[C@@H]1C[C@H](CC(=O)O)C1(C)C,CC(O)[C@@H]1C[C@H](CC(=O)[O-])C1(C)C,"4,830",11,O,0,-1,1,0,SP2,FALSE,FALSE,2,1677,1678
mol850,CC(O)c1cccc(O)c1CO,CC(O)c1cccc([O-])c1CO,"9,900",10,O,0,-1,1,0,SP2,FALSE,FALSE,2,1679,1680
mol851,CC(OCC(O)C[NH2+]C(C)(C)C)C1CC1,CC(OCC(O)CNC(C)(C)C)C1CC1,"9,760",9,N,1,0,2,1,SP3,FALSE,FALSE,4,1681,1682
mol852,CC(P)C(=O)O,CC(P)C(=O)[O-],"4,150",4,O,0,-1,1,0,SP2,FALSE,FALSE,2,1683,1684
mol853,CC([C@H](O)c1ccccc1)[NH+](C)C,CC([C@H](O)c1ccccc1)N(C)C,"9,000",10,N,1,0,1,0,SP3,FALSE,FALSE,4,1685,1686
mol854,CC([NH2+]C(C)(C)C)C(=O)c1cccc(Cl)c1,CC(NC(C)(C)C)C(=O)c1cccc(Cl)c1,"8,600",11,N,1,0,2,1,SP3,FALSE,FALSE,4,1687,1688
mol855,CC([NH2+]CCC(c1ccccc1)c1ccccc1)c1ccccc1,CC(NCCC(c1ccccc1)c1ccccc1)c1ccccc1,"9,040",8,N,1,0,2,1,SP3,FALSE,FALSE,4,1689,1690
mol856,CC([NH3+])(CO)CO,CC(N)(CO)CO,"8,800",6,N,1,0,3,2,SP3,FALSE,FALSE,4,1691,1692
mol857,CC([NH3+])C(N)=O,CC(N)C(N)=O,"8,020",5,N,1,0,3,2,SP3,FALSE,FALSE,4,1693,1694
mol858,CC([NH3+])CC1CCCCC1,CC(N)CC1CCCCC1,"10,140",9,N,1,0,3,2,SP3,FALSE,FALSE,4,1695,1696
mol859,CC([NH3+])CCCc1ccccc1,CC(N)CCCc1ccccc1,"9,990",11,N,1,0,3,2,SP3,FALSE,FALSE,4,1697,1698
mol860,CC([NH3+])CCc1ccccc1,CC(N)CCc1ccccc1,"9,780",10,N,1,0,3,2,SP3,FALSE,FALSE,4,1699,1700
mol861,CC([NH3+])CO,CC(N)CO,"9,430",4,N,1,0,3,2,SP3,FALSE,FALSE,4,1701,1702
mol862,CC([NH3+])Cc1ccc2c(c1)OCO2,CC(N)Cc1ccc2c(c1)OCO2,"9,670",12,N,1,0,3,2,SP3,FALSE,FALSE,4,1703,1704
mol863,CC([NH3+])Cc1ccccc1,CC(N)Cc1ccccc1,"9,900",9,N,1,0,3,2,SP3,FALSE,FALSE,4,1705,1706
mol864,CC([NH3+])c1ccccc1,CC(N)c1ccccc1,"9,360",8,N,1,0,3,2,SP3,FALSE,FALSE,4,1707,1708
mol865,CC/C(=C(\c1ccccc1)c1ccc(OCC[NH+](C)C)cc1)c1ccccc1,CC/C(=C(\c1ccccc1)c1ccc(OCCN(C)C)cc1)c1ccccc1,"9,203",19,N,1,0,1,0,SP3,FALSE,FALSE,4,1709,1710
mol866,CC/C(C)=C/C(=O)O,CC/C(C)=C/C(=O)[O-],"5,140",6,O,0,-1,1,0,SP2,FALSE,FALSE,2,1711,1712
mol867,CC/C(C)=C\C(=O)O,CC/C(C)=C\C(=O)[O-],"5,150",6,O,0,-1,1,0,SP2,FALSE,FALSE,2,1713,1714
mol868,CC/C(N)=[NH+]/O,CC/C(N)=N/O,"5,950",3,N,1,0,1,0,SP2,FALSE,FALSE,4,1716,1715
mol869,CC/C=C/C(=O)O,CC/C=C/C(=O)[O-],"4,690",6,O,0,-1,1,0,SP2,FALSE,FALSE,2,1717,1718
mol870,CC/C=C/CC(=O)N[C@H]1C(=O)N2[C@H]1SC(C)(C)[C@H]2C(=O)O,CC/C=C/CC(=O)N[C@H]1C(=O)N2[C@H]1SC(C)(C)[C@H]2C(=O)[O-],"2,840",20,O,0,-1,1,0,SP2,FALSE,FALSE,2,1719,1720
mol871,CC/C=C/CC(=O)O,CC/C=C/CC(=O)[O-],"4,520",7,O,0,-1,1,0,SP2,FALSE,FALSE,2,1721,1722
mol872,CC/[NH+]=c1\sc(-c2ccccc2)nn1CC,CC/N=c1\sc(-c2ccccc2)nn1CC,"6,700",2,N,1,0,1,0,SP2,FALSE,FALSE,4,1723,1724
mol873,CC/[NH+]=C(\N=[N+]=[N-])c1ccccc1O,CC/[NH+]=C(\N=[N+]=[N-])c1ccccc1[O-],"9,400",10,O,0,-1,1,0,SP2,FALSE,FALSE,2,1725,1726
mol874,CC1(C(=O)O)CCC=[N+]1[O-],CC1(C(=O)[O-])CCC=[N+]1[O-],"2,950",9,O,0,-1,1,0,SP2,FALSE,FALSE,2,1727,1728
mol875,CC1(C(=O)O)CCCCC1,CC1(C(=O)[O-])CCCCC1,"5,130",9,O,0,-1,1,0,SP2,FALSE,FALSE,2,1729,1730
mol876,CC1(C(F)(F)F)[NH2+]CCc2c1oc1cc(S(=O)(=O)c3cccc(F)c3)ccc21,CC1(C(F)(F)F)NCCc2c1oc1cc(S(=O)(=O)c3cccc(F)c3)ccc21,"5,700",23,N,1,0,2,1,SP3,FALSE,TRUE,4,1731,1732
mol877,CC1(C(F)F)[NH2+]CCc2c1oc1cc(S(=O)(=O)c3cccc(F)c3)ccc21,CC1(C(F)F)NCCc2c1oc1cc(S(=O)(=O)c3cccc(F)c3)ccc21,"6,200",23,N,1,0,2,1,SP3,FALSE,TRUE,4,1733,1734
mol878,CC1(C)C(=O)C=C(O)CC1=O,CC1(C)C(=O)C=C([O-])CC1=O,"4,200",9,O,0,-1,1,0,SP2,FALSE,FALSE,2,1735,1736
mol879,CC1(C)C(=O)NC(=O)C1(C)C,CC1(C)C(=O)[N-]C(=O)C1(C)C,"9,700",4,N,0,-1,1,0,SP2,FALSE,TRUE,3,1737,1738
mol880,CC1(C)C=C2[NH+]=C3CC(C)(C)CC(=O)C3CC2C(=O)C1,CC1(C)C=C2N=C3CC(C)(C)CC(=O)C3CC2C(=O)C1,"3,600",4,N,1,0,1,0,SP2,FALSE,TRUE,4,1739,1740
mol881,CC1(C)C=CC(C)(c2cc3ccc(=O)oc3cc2O)CC1,CC1(C)C=CC(C)(c2cc3ccc(=O)oc3cc2[O-])CC1,"8,120",19,O,0,-1,1,0,SP2,FALSE,FALSE,2,1741,1742
mol882,CC1(C)CC(=O)C(=CO)C(=O)C1,CC1(C)CC(=O)C(=C[O-])C(=O)C1,"3,650",7,O,0,-1,1,0,SP2,FALSE,FALSE,2,1743,1744
mol883,CC1(C)CC(=O)C(Br)=C(O)C1,CC1(C)CC(=O)C(Br)=C([O-])C1,"3,100",9,O,0,-1,1,0,SP2,FALSE,FALSE,2,1745,1746
mol884,CC1(C)CC(=O)C(C)(C)[NH2+]1,CC1(C)CC(=O)C(C)(C)N1,"7,100",6,N,1,0,2,1,SP3,FALSE,TRUE,4,1748,1747
mol885,CC1(C)CC(=O)C(N=O)=C(O)C1,CC1(C)CC(=O)C(N=O)=C([O-])C1,"5,400",10,O,0,-1,1,0,SP2,FALSE,FALSE,2,1749,1750
mol886,CC1(C)CC(=O)C=C(O)C1,CC1(C)CC(=O)C=C([O-])C1,"5,210",8,O,0,-1,1,0,SP2,FALSE,FALSE,2,1751,1752
mol887,CC1(C)CC(O)=CC1=O,CC1(C)CC([O-])=CC1=O,"4,200",7,O,0,-1,1,0,SP2,FALSE,FALSE,2,1753,1754
mol888,CC1(C)CCC(=O)N1O,CC1(C)CCC(=O)N1[O-],"8,700",7,O,0,-1,1,0,SP3,FALSE,FALSE,2,1755,1756
mol889,CC1(C)CCC(C(=O)O)=[N+]1[O-],CC1(C)CCC(C(=O)[O-])=[N+]1[O-],"2,800",9,O,0,-1,1,0,SP2,FALSE,FALSE,2,1757,1758
mol890,CC1(C)CCCC(C)(C)[NH2+]1,CC1(C)CCCC(C)(C)N1,"11,170",6,N,1,0,2,1,SP3,FALSE,TRUE,4,1759,1760
mol891,CC1(C)CCCC[NH+]1Cc1ccc2c(c1)OCO2,CC1(C)CCCCN1Cc1ccc2c(c1)OCO2,"10,200",6,N,1,0,1,0,SP3,FALSE,TRUE,4,1761,1762
mol892,CC1(C)CCC[NH+](Cc2ccc3c(c2)OCO3)C1,CC1(C)CCCN(Cc2ccc3c(c2)OCO3)C1,"9,400",5,N,1,0,1,0,SP3,FALSE,TRUE,4,1763,1764
mol893,CC1(C)CCC[NH+]1Cc1ccc2c(c1)OCO2,CC1(C)CCCN1Cc1ccc2c(c1)OCO2,"10,000",5,N,1,0,1,0,SP3,FALSE,TRUE,4,1765,1766
mol894,CC1(C)CC[NH+](Cc2ccc3c(c2)OCO3)C1,CC1(C)CCN(Cc2ccc3c(c2)OCO3)C1,"9,700",4,N,1,0,1,0,SP3,FALSE,TRUE,4,1767,1768
mol895,CC1(C)CC[NH+](Cc2ccc3c(c2)OCO3)CC1,CC1(C)CCN(Cc2ccc3c(c2)OCO3)CC1,"9,500",4,N,1,0,1,0,SP3,FALSE,TRUE,4,1769,1770
mol896,CC1(C)CC[NH+]1Cc1ccc2c(c1)OCO2,CC1(C)CCN1Cc1ccc2c(c1)OCO2,"10,100",4,N,1,0,1,0,SP3,FALSE,TRUE,4,1771,1772
mol897,CC1(C)CCc2c(Cl)c(O)c(Cl)c(Cl)c2O1,CC1(C)CCc2c(Cl)c([O-])c(Cl)c(Cl)c2O1,"7,100",11,O,0,-1,1,0,SP2,FALSE,FALSE,2,1773,1774
mol899,CC1(C)CCc2c(ccc(O)c2Cl)O1,CC1(C)CCc2c(ccc([O-])c2Cl)O1,"8,600",11,O,0,-1,1,0,SP2,FALSE,FALSE,2,1775,1776
mol900,CC1(C)CCc2cc(O)c(Cl)cc2O1,CC1(C)CCc2cc([O-])c(Cl)cc2O1,"9,100",12,O,0,-1,1,0,SP2,FALSE,FALSE,2,1777,1778
mol901,CC1(C)CCc2cc(O)cc(Cl)c2O1,CC1(C)CCc2cc([O-])cc(Cl)c2O1,"9,800",12,O,0,-1,1,0,SP2,FALSE,FALSE,2,1779,1780
mol902,CC1(C)CCc2cc(O)ccc2O1,CC1(C)CCc2cc([O-])ccc2O1,"10,300",11,O,0,-1,1,0,SP2,FALSE,FALSE,2,1781,1782
mol903,CC1(C)CCc2cc(S(=O)(=O)N(CC(=O)O)Cc3cccc(-c4ccccc4)c3)ccc2O1,CC1(C)CCc2cc(S(=O)(=O)N(CC(=O)[O-])Cc3cccc(-c4ccccc4)c3)ccc2O1,"3,400",31,O,0,-1,1,0,SP2,FALSE,FALSE,2,1783,1784
mol904,CC1(C)C[C@@H](C[NH+]2CCC(F)(CNC(=O)c3cc(Cl)cc(Cl)c3)CC2)CCO1,CC1(C)C[C@@H](CN2CCC(F)(CNC(=O)c3cc(Cl)cc(Cl)c3)CC2)CCO1,"7,900",8,N,1,0,1,0,SP3,FALSE,TRUE,4,1785,1786
mol905,CC1(C)C[NH+](Cc2ccc3c(c2)OCO3)C1,CC1(C)CN(Cc2ccc3c(c2)OCO3)C1,"9,600",3,N,1,0,1,0,SP3,FALSE,TRUE,4,1787,1788
mol906,CC1(C)C[NH2+]1,CC1(C)CN1,"5,370",3,N,1,0,2,1,SP3,FALSE,TRUE,4,1790,1789
mol907,CC1(C)N=C(C([OH2+])=CC(=O)C(F)(F)F)C(C)(C)N1[O-],CC1(C)N=C(C(O)=CC(=O)C(F)(F)F)C(C)(C)N1[O-],"4,660",17,O,1,0,2,1,SP2,FALSE,FALSE,3,1791,1792
mol908,CC1(C)NC(=O)NC1=O,CC1(C)NC(=O)[N-]C1=O,"9,190",4,N,0,-1,1,0,SP2,FALSE,TRUE,3,1793,1794
mol909,CC1(C)NC(=S)NC1=O,CC1(C)NC(=S)[N-]C1=O,"8,710",4,N,0,-1,1,0,SP2,FALSE,TRUE,3,1795,1796
mol910,CC1(C)NC(=S)NC1=S,CC1(C)NC(=S)[N-]C1=S,"7,650",4,N,0,-1,1,0,SP2,FALSE,TRUE,3,1797,1798
mol911,CC1(C)OC(=O)C=C(O)O1,CC1(C)OC(=O)C=C([O-])O1,"5,150",8,O,0,-1,1,0,SP2,FALSE,FALSE,2,1799,1800
mol912,CC1(C)OC(=O)C[C@H]2[C@@H](C(=O)[O-])[NH2+]C[C@H]21,CC1(C)OC(=O)C[C@H]2[C@@H](C(=O)[O-])NC[C@H]21,"9,000",4,N,1,0,2,1,SP3,FALSE,TRUE,4,1801,1802
mol913,CC1(C)OC(=O)NC1=O,CC1(C)OC(=O)[N-]C1=O,"6,150",4,N,0,-1,1,0,SP2,FALSE,TRUE,3,1803,1804
mol914,CC1(C)O[C@@H]2CC(=O)OC[C@]23[C@@H]1CC(=O)[C@@]1(C)[C@H]3C[C@](C)(CC2CCOC2)C[C@]12O[C@H]2C(=O)O,CC1(C)O[C@@H]2CC(=O)OC[C@]23[C@@H]1CC(=O)[C@@]1(C)[C@H]3C[C@](C)(CC2CCOC2)C[C@]12O[C@H]2C(=O)[O-],"2,700",26,O,0,-1,1,0,SP2,FALSE,FALSE,2,1805,1806
mol915,CC1(C)O[C@@H]2[C@@H](CO[C@@]3(CNS(N)(=O)=O)OC(C)(C)O[C@@H]23)O1,CC1(C)O[C@@H]2[C@@H](CO[C@@]3(C[N-]S(N)(=O)=O)OC(C)(C)O[C@@H]23)O1,"10,700",16,N,0,-1,1,0,SP3,FALSE,FALSE,3,1807,1808
mol916,CC1(C)O[C@@H]2[C@@H](CO[C@@]3(COS(N)(=O)=O)OC(C)(C)O[C@@H]23)O1,CC1(C)O[C@@H]2[C@@H](CO[C@@]3(COS([NH-])(=O)=O)OC(C)(C)O[C@@H]23)O1,"8,700",20,N,0,-1,2,1,SP3,FALSE,FALSE,3,1809,1810
mol917,CC1(C)O[C@H]2CC(=O)OC[C@]23[C@H]2CC[C@@]4(C)[C@H](c5ccoc5)OC(=O)[C@H]5O[C@]54[C@]2(C)/C(=N\OCC[NH+]2CCCCC2)C[C@@H]13,CC1(C)O[C@H]2CC(=O)OC[C@]23[C@H]2CC[C@@]4(C)[C@H](c5ccoc5)OC(=O)[C@H]5O[C@]54[C@]2(C)/C(=N\OCCN2CCCCC2)C[C@@H]13,"8,870",23,N,1,0,1,0,SP3,FALSE,TRUE,4,1811,1812
mol918,CC1(C)O[C@H]2CC(=O)OC[C@]23[C@H]2CC[C@]4(C)C(=CC(=O)O[C@H]4c4ccoc4)[C@]2(C)/C(=N\OCC[NH+]2CCOCC2)C[C@@H]13,CC1(C)O[C@H]2CC(=O)OC[C@]23[C@H]2CC[C@]4(C)C(=CC(=O)O[C@H]4c4ccoc4)[C@]2(C)/C(=N\OCCN2CCOCC2)C[C@@H]13,"6,840",22,N,1,0,1,0,SP3,FALSE,TRUE,4,1814,1813
mol919,CC1(C)SC(=O)NC1=O,CC1(C)SC(=O)[N-]C1=O,"6,640",4,N,0,-1,1,0,SP2,FALSE,TRUE,3,1815,1816
mol920,CC1(C)SC(=S)NC1=O,CC1(C)SC(=S)[N-]C1=O,"5,380",4,N,0,-1,1,0,SP2,FALSE,TRUE,3,1817,1818
mol921,CC1(C)S[C@@H]2[C@H](NC(=O)Cc3ccccc3)C(=O)N2[C@H]1C(=O)O,CC1(C)S[C@@H]2[C@H](NC(=O)Cc3ccccc3)C(=O)N2[C@H]1C(=O)[O-],"2,800",21,O,0,-1,1,0,SP2,FALSE,FALSE,2,1819,1820
mol922,CC1(C)S[C@H]2[C@@H](NC(=O)Cc3ccccc3)C(=O)N2[C@@H]1C(=O)O,CC1(C)S[C@H]2[C@@H](NC(=O)Cc3ccccc3)C(=O)N2[C@@H]1C(=O)[O-],"2,760",21,O,0,-1,1,0,SP2,FALSE,FALSE,2,1821,1822
mol923,CC1(C)[C@@H]2CC[C@](C(=O)O)(C2)[C@@H]1O,CC1(C)[C@@H]2CC[C@](C(=O)[O-])(C2)[C@@H]1O,"4,830",11,O,0,-1,1,0,SP2,FALSE,FALSE,2,1823,1824
mol924,CC1(C)[C@@H]2CC[C@](C(=O)O)(C2)[C@H]1O,CC1(C)[C@@H]2CC[C@](C(=O)[O-])(C2)[C@H]1O,"5,050",11,O,0,-1,1,0,SP2,FALSE,FALSE,2,1825,1826
mol925,CC1(C)[C@H]2CC[C@@]1(C)[C@@H](O)[C@@H]2C(=O)O,CC1(C)[C@H]2CC[C@@]1(C)[C@@H](O)[C@@H]2C(=O)[O-],"2,740",13,O,0,-1,1,0,SP2,FALSE,FALSE,2,1827,1828
mol926,CC1(C)[C@H]2CC[C@@]1(C)[C@@H](O)[C@H]2C(=O)O,CC1(C)[C@H]2CC[C@@]1(C)[C@@H](O)[C@H]2C(=O)[O-],"2,050",13,O,0,-1,1,0,SP2,FALSE,FALSE,2,1829,1830
mol927,CC1(C2CCCC2)Cc2cc(OC/C=C/CC(=O)O)c(Cl)c(Cl)c2C1=O,CC1(C2CCCC2)Cc2cc(OC/C=C/CC(=O)[O-])c(Cl)c(Cl)c2C1=O,"5,100",20,O,0,-1,1,0,SP2,FALSE,FALSE,2,1831,1832
mol928,CC1(C2CCCC2)Cc2cc(OC3(C(=O)O)CCC3)c(Cl)c(Cl)c2C1=O,CC1(C2CCCC2)Cc2cc(OC3(C(=O)[O-])CCC3)c(Cl)c(Cl)c2C1=O,"3,800",20,O,0,-1,1,0,SP2,FALSE,FALSE,2,1833,1834
mol929,CC1(C2CCCC2)Cc2cc(OCC(=O)O)c(Cl)c(Cl)c2C1=O,CC1(C2CCCC2)Cc2cc(OCC(=O)[O-])c(Cl)c(Cl)c2C1=O,"3,900",17,O,0,-1,1,0,SP2,FALSE,FALSE,2,1835,1836
mol930,CC1(C2CCCC2)Cc2cc(OCCCC(=O)O)c(Cl)c(Cl)c2C1=O,CC1(C2CCCC2)Cc2cc(OCCCC(=O)[O-])c(Cl)c(Cl)c2C1=O,"5,700",19,O,0,-1,1,0,SP2,FALSE,FALSE,2,1837,1838
mol931,CC1(C2CCCC2)Cc2cc(OCc3ccc(C(=O)O)cc3)c(Cl)c(Cl)c2C1=O,CC1(C2CCCC2)Cc2cc(OCc3ccc(C(=O)[O-])cc3)c(Cl)c(Cl)c2C1=O,"6,200",23,O,0,-1,1,0,SP2,FALSE,FALSE,2,1839,1840
mol932,CC1(Cc2ccccc2)Cc2cc(OCC(=O)O)c(Cl)c(Cl)c2C1=O,CC1(Cc2ccccc2)Cc2cc(OCC(=O)[O-])c(Cl)c(Cl)c2C1=O,"3,800",17,O,0,-1,1,0,SP2,FALSE,FALSE,2,1841,1842
mol933,CC1(Cc2ccccc2)Cc2cc(OCCCC(=O)O)c(Cl)c(Cl)c2C1=O,CC1(Cc2ccccc2)Cc2cc(OCCCC(=O)[O-])c(Cl)c(Cl)c2C1=O,"6,300",19,O,0,-1,1,0,SP2,FALSE,FALSE,2,1843,1844
mol934,CC1(O)CC[NH+](Cc2ccc(OC3CN(C(=O)c4nnc(-c5ccccc5)o4)C3)cc2)C1,CC1(O)CCN(Cc2ccc(OC3CN(C(=O)c4nnc(-c5ccccc5)o4)C3)cc2)C1,"9,000",4,N,1,0,1,0,SP3,FALSE,TRUE,4,1845,1846
mol935,CC1([N+](C)(C)C)CN(c2c(F)cc3c(=O)c(C(=O)O)cn(C4CC4)c3c2F)C1,CC1([N+](C)(C)C)CN(c2c(F)cc3c(=O)c(C(=O)[O-])cn(C4CC4)c3c2F)C1,"6,030",19,O,0,-1,1,0,SP2,FALSE,FALSE,2,1847,1848
mol936,CC1(c2cc(NC(=O)c3ccc(Cl)cn3)ccc2F)[NH+]=C(N)c2ccccc2O1,CC1(c2cc(NC(=O)c3ccc(Cl)cn3)ccc2F)N=C(N)c2ccccc2O1,"7,300",2,N,1,0,1,0,SP2,FALSE,TRUE,4,1850,1849
mol937,CC1(c2cccc(-c3cccc(Cl)c3)c2)[NH+]=C(N)CCO1,CC1(c2cccc(-c3cccc(Cl)c3)c2)N=C(N)CCO1,"9,300",2,N,1,0,1,0,SP2,FALSE,TRUE,4,1851,1852
mol938,CC1(c2cccc(-c3cncnc3)c2)[NH+]=C(N)CCS1,CC1(c2cccc(-c3cncnc3)c2)N=C(N)CCS1,"9,100",2,N,1,0,1,0,SP2,FALSE,TRUE,4,1853,1854
mol939,CC1(c2cccc(-c3cncnc3)c2)[NH+]=C(N)c2c(F)cccc2O1,CC1(c2cccc(-c3cncnc3)c2)N=C(N)c2c(F)cccc2O1,"6,900",2,N,1,0,1,0,SP2,FALSE,TRUE,4,1856,1855
mol940,CC1(c2cccc(-c3cncnc3)c2)[NH+]=C(N)c2ccccc2O1,CC1(c2cccc(-c3cncnc3)c2)N=C(N)c2ccccc2O1,"8,100",2,N,1,0,1,0,SP2,FALSE,TRUE,4,1857,1858
mol941,CC1(c2cccc(-c3cncnc3)c2)[NH+]=C(N)c2ccccc2S1,CC1(c2cccc(-c3cncnc3)c2)N=C(N)c2ccccc2S1,"8,300",2,N,1,0,1,0,SP2,FALSE,TRUE,4,1859,1860
mol942,CC1(c2cccc(NC(=O)c3ccccn3)c2)CSC(N)=[NH+]1,CC1(c2cccc(NC(=O)c3ccccn3)c2)CSC(N)=N1,"8,300",5,N,1,0,1,0,SP2,FALSE,TRUE,4,1861,1862
mol943,CC1(c2ccccc2)COCC(N)=[NH+]1,CC1(c2ccccc2)COCC(N)=N1,"9,800",6,N,1,0,1,0,SP2,FALSE,TRUE,4,1863,1864
mol944,CC1(c2ccccc2)Cc2cc(OCC(=O)O)c(Cl)c(Cl)c2C1=O,CC1(c2ccccc2)Cc2cc(OCC(=O)[O-])c(Cl)c(Cl)c2C1=O,"3,700",17,O,0,-1,1,0,SP2,FALSE,FALSE,2,1865,1866
mol945,CC1(c2ccccc2)Cc2cc(OCCCC(=O)O)c(Cl)c(Cl)c2C1=O,CC1(c2ccccc2)Cc2cc(OCCCC(=O)[O-])c(Cl)c(Cl)c2C1=O,"6,400",19,O,0,-1,1,0,SP2,FALSE,FALSE,2,1867,1868
mol946,CC12CC3(C)CC(C)(C1)CC([NH3+])(C2)C3,CC12CC3(C)CC(C)(C1)CC(N)(C2)C3,"10,580",11,N,1,0,3,2,SP3,FALSE,FALSE,4,1869,1870
mol947,CC12CC3CC(C)(C1)CC([NH3+])(C3)C2,CC12CC3CC(C)(C1)CC(N)(C3)C2,"10,420",11,N,1,0,3,2,SP3,FALSE,FALSE,4,1871,1872
mol948,CC12CC3CC(C1)CC([NH3+])(C3)C2,CC12CC3CC(C1)CC(N)(C3)C2,"10,560",11,N,1,0,3,2,SP3,FALSE,FALSE,4,1873,1874
mol949,CC12CCC(=O)C=C1c1c(cc(OCC(=O)O)c(Cl)c1Cl)C2,CC12CCC(=O)C=C1c1c(cc(OCC(=O)[O-])c(Cl)c1Cl)C2,"3,750",20,O,0,-1,1,0,SP2,FALSE,FALSE,2,1875,1876
mol950,CC12C[NH+]3CC(C)(C1)CC(C)(C3)C2,CC12CN3CC(C)(C1)CC(C)(C3)C2,"10,700",8,N,1,0,1,0,SP3,FALSE,TRUE,4,1877,1878
mol951,CC1=C(/C=C/C(C)=C/C=C/C(C)=C/C(=O)O)C(C)(C)CCC1,CC1=C(/C=C/C(C)=C/C=C/C(C)=C/C(=O)[O-])C(C)(C)CCC1,"4,510",19,O,0,-1,1,0,SP2,FALSE,FALSE,2,1879,1880
mol952,CC1=C(C)C(C(C)C(=O)O)=CC1=O,CC1=C(C)C(C(C)C(=O)[O-])=CC1=O,"3,100",11,O,0,-1,1,0,SP2,FALSE,FALSE,2,1881,1882
mol953,CC1=C(C)C(C(C)C(=O)O)CC1=O,CC1=C(C)C(C(C)C(=O)[O-])CC1=O,"4,400",11,O,0,-1,1,0,SP2,FALSE,FALSE,2,1883,1884
mol954,CC1=C(CC(=O)O)c2cc(F)ccc2/C1=C\c1ccc(S(C)=O)cc1,CC1=C(CC(=O)[O-])c2cc(F)ccc2/C1=C\c1ccc(S(C)=O)cc1,"4,500",24,O,0,-1,1,0,SP2,FALSE,FALSE,2,1885,1886
mol955,CC1=C(CC(C)[NH2+]CC(O)c2ccc(Br)cc2)CCC1(C)C,CC1=C(CC(C)NCC(O)c2ccc(Br)cc2)CCC1(C)C,"8,570",11,N,1,0,2,1,SP3,FALSE,FALSE,4,1887,1888
mol956,CC1=C(CC(C)[NH2+]CC(O)c2ccc(C)cc2)CCC1(C)C,CC1=C(CC(C)NCC(O)c2ccc(C)cc2)CCC1(C)C,"8,710",9,N,1,0,2,1,SP3,FALSE,FALSE,4,1889,1890
mol957,CC1=C(CC(C)[NH2+]CC(O)c2ccc(Cl)cc2)CCC1(C)C,CC1=C(CC(C)NCC(O)c2ccc(Cl)cc2)CCC1(C)C,"8,550",11,N,1,0,2,1,SP3,FALSE,FALSE,4,1891,1892
mol958,CC1=C(CC(C)[NH2+]CC(O)c2ccc(F)cc2)CCC1(C)C,CC1=C(CC(C)NCC(O)c2ccc(F)cc2)CCC1(C)C,"8,510",11,N,1,0,2,1,SP3,FALSE,FALSE,4,1893,1894
mol959,CC1=C(CC(C)[NH2+]CC(O)c2ccccc2)CCC1(C)C,CC1=C(CC(C)NCC(O)c2ccccc2)CCC1(C)C,"8,840",11,N,1,0,2,1,SP3,FALSE,FALSE,4,1895,1896
mol960,CC1=C(O)C(Cc2ccc(Br)cc2)CC1=O,CC1=C([O-])C(Cc2ccc(Br)cc2)CC1=O,"4,240",15,O,0,-1,1,0,SP2,FALSE,FALSE,2,1897,1898
mol961,CC1=C(O)C(Cc2ccccc2)CC1=O,CC1=C([O-])C(Cc2ccccc2)CC1=O,"4,470",14,O,0,-1,1,0,SP2,FALSE,FALSE,2,1899,1900
mol962,CC1=C(O)CC(C)(C)CC1=O,CC1=C([O-])CC(C)(C)CC1=O,"5,600",10,O,0,-1,1,0,SP2,FALSE,FALSE,2,1901,1902
mol963,CC1=C(O)CCC1=O,CC1=C([O-])CCC1=O,"4,470",7,O,0,-1,1,0,SP2,FALSE,FALSE,2,1903,1904
mol964,CC1=C(O)c2ccccc2C1=O,CC1=C([O-])c2ccccc2C1=O,"6,170",11,O,0,-1,1,0,SP2,FALSE,FALSE,2,1905,1906
mol965,CC1=CC=CC(C#N)[C@H]1c1cccc2c1-c1cccc3c1[C@@H](C2)[NH+](C)CC3,CC1=CC=CC(C#N)[C@H]1c1cccc2c1-c1cccc3c1[C@@H](C2)N(C)CC3,"7,300",21,N,1,0,1,0,SP3,FALSE,TRUE,4,1908,1907
mol966,CC1=CCCC[NH+]1C,CC1=CCCCN1C,"11,420",6,N,1,0,1,0,SP3,FALSE,TRUE,4,1909,1910
mol967,CC1=CCC[NH+]1C,CC1=CCCN1C,"11,940",5,N,1,0,1,0,SP3,FALSE,TRUE,4,1911,1912
mol968,CC1=CC[NH+]2CC[C@@H](O)[C@@H]12,CC1=CCN2CC[C@@H](O)[C@@H]12,"9,600",4,N,1,0,1,0,SP3,FALSE,TRUE,4,1913,1914
mol969,CC1=CSC2=[NH+]CCCN12,CC1=CSC2=NCCCN12,"10,310",5,N,1,0,1,0,SP2,FALSE,TRUE,4,1915,1916
mol970,CC1=CSC2=[NH+]CCN12,CC1=CSC2=NCCN12,"9,810",5,N,1,0,1,0,SP2,FALSE,TRUE,4,1917,1918
mol971,CC1=C[C@H]2CC[C@@H](O)[C@H]2[NH+]1C,CC1=C[C@H]2CC[C@@H](O)[C@H]2N1C,"11,700",8,N,1,0,1,0,SP3,FALSE,TRUE,4,1919,1920
mol972,CC1=C[NH+](C)CC1C,CC1=CN(C)CC1C,"9,600",3,N,1,0,1,0,SP3,FALSE,TRUE,4,1921,1922
mol974,CC1=[NH+]CCS1,CC1=NCCS1,"5,290",2,N,1,0,1,0,SP2,FALSE,TRUE,4,1923,1924
mol976,CC1=NN(c2ccc(OCCCCC(CO[N+](=O)[O-])O[N+](=O)[O-])cc2)C(=O)C1,CC1=NN(c2ccc(OCCCCC(CO[N+](=O)[O-])O[N+](=O)[O-])cc2)C(=O)[CH+]1,"7,150",6,C,0,1,2,1,SP3,FALSE,TRUE,4,1926,1925
mol977,CC1=NN(c2ccc(OCCCCCCO[N+](=O)[O-])cc2)C(=O)C1,CC1=NN(c2ccc(OCCCCCCO[N+](=O)[O-])cc2)C(=O)[CH+]1,"7,120",6,C,0,1,2,1,SP3,FALSE,TRUE,4,1928,1927
mol978,CC1=NN(c2ccc(OCCCO[N+](=O)[O-])cc2)C(=O)C1,CC1=NN(c2ccc(OCCCO[N+](=O)[O-])cc2)C(=O)[CH+]1,"7,110",6,C,0,1,2,1,SP3,FALSE,TRUE,4,1930,1929
mol979,CC1=NN(c2ccc(OCCCOc3no[n+]([O-])c3-c3ccccc3)cc2)C(=O)C1,CC1=NN(c2ccc(OCCCOc3no[n+]([O-])c3-c3ccccc3)cc2)C(=O)[CH+]1,"7,090",6,C,0,1,2,1,SP3,FALSE,TRUE,4,1932,1931
mol980,CC1=NN(c2ccc(OCCCOc3no[n+]([O-])c3S(=O)(=O)c3ccccc3)cc2)C(=O)C1,CC1=NN(c2ccc(OCCCOc3no[n+]([O-])c3S(=O)(=O)c3ccccc3)cc2)C(=O)[CH+]1,"7,120",6,C,0,1,2,1,SP3,FALSE,TRUE,4,1934,1933
mol981,CC1=NN(c2ccc(OCc3no[n+]([O-])c3C#N)cc2)C(=O)C1,CC1=NN(c2ccc(OCc3no[n+]([O-])c3C#N)cc2)C(=O)[CH+]1,"7,060",6,C,0,1,2,1,SP3,FALSE,TRUE,4,1936,1935
mol982,CC1=N[C@@](Cc2ccccc2)(c2cccc(-c3cncnc3)c2)[NH+]=C1N,CC1=N[C@@](Cc2ccccc2)(c2cccc(-c3cncnc3)c2)N=C1N,"6,000",4,N,1,0,1,0,SP2,FALSE,TRUE,4,1938,1937
mol983,CC1C(N=O)C[C@@H]2[NH+]=C(c3ccccc3)O[C@@]13[C@@H]1OC(=O)[C@H](C)[C@H]1CC[C@]23C,CC1C(N=O)C[C@@H]2N=C(c3ccccc3)O[C@@]13[C@@H]1OC(=O)[C@H](C)[C@H]1CC[C@]23C,"4,675",17,N,1,0,1,0,SP2,FALSE,TRUE,4,1939,1940
mol984,CC1C2c3ccccc3C(c3ccccc32)C1C(=O)Nc1cccc[nH+]1,CC1C2c3ccccc3C(c3ccccc32)C1C(=O)Nc1ccccn1,"5,270",19,N,1,0,1,0,SP2,TRUE,TRUE,4,1941,1942
mol985,CC1C2c3ccccc3C(c3ccccc32)C1C(=O)Nc1ccc[nH+]c1,CC1C2c3ccccc3C(c3ccccc32)C1C(=O)Nc1cccnc1,"4,140",18,N,1,0,1,0,SP2,TRUE,TRUE,4,1943,1944
mol986,CC1C2c3ccccc3C(c3ccccc32)C1C(=O)Nc1cc[nH+]cc1,CC1C2c3ccccc3C(c3ccccc32)C1C(=O)Nc1ccncc1,"5,270",17,N,1,0,1,0,SP2,TRUE,TRUE,4,1945,1946
mol987,CC1C2c3ccccc3C(c3ccccc32)C1C[NH+](C)C,CC1C2c3ccccc3C(c3ccccc32)C1CN(C)C,"8,990",18,N,1,0,1,0,SP3,FALSE,FALSE,4,1947,1948
mol988,CC1C=CC=C(C#N)[C@@H]1c1cccc2c1-c1cccc3c1[C@@H](C2)[NH+](C)CC3,CC1C=CC=C(C#N)[C@@H]1c1cccc2c1-c1cccc3c1[C@@H](C2)N(C)CC3,"7,300",21,N,1,0,1,0,SP3,FALSE,TRUE,4,1950,1949
mol989,CC1CC(=O)N(O)C1(C)C,CC1CC(=O)N([O-])C1(C)C,"8,850",9,O,0,-1,1,0,SP3,FALSE,FALSE,2,1951,1952
mol990,CC1CC(C(=O)O)=[N+]([O-])C1(C)C,CC1CC(C(=O)[O-])=[N+]([O-])C1(C)C,"2,850",11,O,0,-1,1,0,SP2,FALSE,FALSE,2,1953,1954
mol991,CC1CC(C)C(O)=CC1=O,CC1CC(C)C([O-])=CC1=O,"5,620",8,O,0,-1,1,0,SP2,FALSE,FALSE,2,1955,1956
mol992,CC1CC(OCC(O)C[NH2+]C(C)(C)C)CC(C)(C)C1,CC1CC(OCC(O)CNC(C)(C)C)CC(C)(C)C1,"9,940",13,N,1,0,2,1,SP3,FALSE,FALSE,4,1957,1958
mol993,CC1CC(O)=CC(=O)O1,CC1CC([O-])=CC(=O)O1,"5,100",8,O,0,-1,1,0,SP2,FALSE,FALSE,2,1959,1960
mol994,CC1CC2CC[NH+]1CC2,CC1CC2CCN1CC2,"11,330",6,N,1,0,1,0,SP3,FALSE,TRUE,4,1961,1962
mol995,CC1CCC(O)(C(C(=O)O)c2ccc(-c3ccccc3)cc2)CC1,CC1CCC(O)(C(C(=O)[O-])c2ccc(-c3ccccc3)cc2)CC1,"3,450",22,O,0,-1,1,0,SP2,FALSE,FALSE,2,1963,1964
mol996,CC1CCCC(C(=O)O)c2nnnn21,CC1CCCC(C(=O)[O-])c2nnnn21,"3,300",13,O,0,-1,1,0,SP2,FALSE,FALSE,2,1965,1966
mol997,CC1CCCC(C)(C)[NH+]1C,CC1CCCC(C)(C)N1C,"10,760",6,N,1,0,1,0,SP3,FALSE,TRUE,4,1967,1968
mol998,CC1CCCC(C)(C)[NH2+]1,CC1CCCC(C)(C)N1,"11,270",6,N,1,0,2,1,SP3,FALSE,TRUE,4,1969,1970
mol999,CC1CCCC(C)C1C(=O)O,CC1CCCC(C)C1C(=O)[O-],"4,880",9,O,0,-1,1,0,SP2,FALSE,FALSE,2,1971,1972
mol1000,CC1CCCCC1=N,CC1CCCCC1=[N-],"9,380",7,N,0,-1,1,0,SP2,FALSE,FALSE,3,1973,1974
mol1001,CC1CCCC[NH+]1C,CC1CCCCN1C,"10,260",6,N,1,0,1,0,SP3,FALSE,TRUE,4,1975,1976
mol1002,CC1CCCC[NH2+]1,CC1CCCCN1,"10,980",6,N,1,0,2,1,SP3,FALSE,TRUE,4,1977,1978
mol1003,CC1CCCN1C(=O)c1ccc2cc(OC3CC[NH+](C(C)C)CC3)ccc2c1,CC(C)N1CCC(Oc2ccc3cc(C(=O)N4CCCC4C)ccc3c2)CC1,"9,710",22,N,1,0,1,0,SP3,FALSE,TRUE,4,1979,1980
mol1004,CC1CCC[C@H](C(C)C(=O)O)C1,CC1CCC[C@H](C(C)C(=O)[O-])C1,"4,590",11,O,0,-1,1,0,SP2,FALSE,FALSE,2,1981,1982
mol1005,CC1CCC[NH+](C(C)C=C(c2cccs2)c2cccs2)C1,CC1CCCN(C(C)C=C(c2cccs2)c2cccs2)C1,"8,280",5,N,1,0,1,0,SP3,FALSE,TRUE,4,1983,1984
mol1006,CC1CCC[NH+]1C,CC1CCCN1C,"10,240",5,N,1,0,1,0,SP3,FALSE,TRUE,4,1985,1986
mol1007,CC1CCC[NH2+]C1,CC1CCCNC1,"10,920",5,N,1,0,2,1,SP3,FALSE,TRUE,4,1987,1988
mol1008,CC1CCN(C(=O)c2ccc3cc(OC4CC[NH+](C(C)C)C4)ccc3c2)CC1,CC1CCN(C(=O)c2ccc3cc(OC4CCN(C(C)C)C4)ccc3c2)CC1,"9,400",23,N,1,0,1,0,SP3,FALSE,TRUE,4,1989,1990
mol1009,CC1CCN(C(=O)c2ccc3cc(OC4CC[NH+](C(C)C)CC4)ccc3c2)CC1,CC1CCN(C(=O)c2ccc3cc(OC4CCN(C(C)C)CC4)ccc3c2)CC1,"9,600",23,N,1,0,1,0,SP3,FALSE,TRUE,4,1991,1992
mol1010,CC1CCN(C(=O)c2ccc3cc(OCCC4CCC[NH+]4C)ccc3c2)CC1,CC1CCN(C(=O)c2ccc3cc(OCCC4CCCN4C)ccc3c2)CC1,"9,900",26,N,1,0,1,0,SP3,FALSE,TRUE,4,1993,1994
mol1011,CC1CCN(C(=O)c2ccc3cc(OCCC[NH+]4CCCCC4)ccc3c2)CC1,CC1CCN(C(=O)c2ccc3cc(OCCCN4CCCCC4)ccc3c2)CC1,"9,860",23,N,1,0,1,0,SP3,FALSE,TRUE,4,1995,1996
mol1012,CC1CCN(C(=O)c2ccc3cc(OCCC[NH+]4CCCCC4)ccc3n2)CC1,CC1CCN(C(=O)c2ccc3cc(OCCCN4CCCCC4)ccc3n2)CC1,"9,700",23,N,1,0,1,0,SP3,FALSE,TRUE,4,1997,1998
mol1013,CC1CCN(C(=O)c2ccc3cc(OCCC[NH+]4CCOCC4)ccc3c2)CC1,CC1CCN(C(=O)c2ccc3cc(OCCCN4CCOCC4)ccc3c2)CC1,"7,800",23,N,1,0,1,0,SP3,FALSE,TRUE,4,1999,2000
mol1014,CC1CC[NH+]([O-])C1(C)C,CC1CCN([O-])C1(C)C,"5,900",4,N,1,0,1,0,SP3,FALSE,TRUE,4,2001,2002
mol1015,CC1CC[C@H](O)[C@@H]([NH3+])C1,CC1CC[C@H](O)[C@@H](N)C1,"9,500",7,N,1,0,3,2,SP3,FALSE,FALSE,4,2003,2004
mol1016,CC1CC[NH+](C(C)C=C(c2cccs2)c2cccs2)CC1,CC1CCN(C(C)C=C(c2cccs2)c2cccs2)CC1,"8,200",4,N,1,0,1,0,SP3,FALSE,TRUE,4,2005,2006
mol1017,CC1CC[NH+](C)C(C)(C)C1,CC1CCN(C)C(C)(C)C1,"10,240",4,N,1,0,1,0,SP3,FALSE,TRUE,4,2007,2008
mol1018,CC1CC[NH+](CC[C@H]2CCCN2S(=O)(=O)c2cccc3ccccc23)CC1,CC1CCN(CC[C@H]2CCCN2S(=O)(=O)c2cccc3ccccc23)CC1,"10,400",4,N,1,0,1,0,SP3,FALSE,TRUE,4,2009,2010
mol1019,CC1CC[NH2+]1,CC1CCN1,"10,960",4,N,1,0,2,1,SP3,FALSE,TRUE,4,2011,2012
mol1020,CC1CC[NH2+]C(C)(C)C1,CC1CCNC(C)(C)C1,"11,100",4,N,1,0,2,1,SP3,FALSE,TRUE,4,2013,2014
mol1021,CC1CC[NH2+]CC1,CC1CCNCC1,"10,890",4,N,1,0,2,1,SP3,FALSE,TRUE,4,2015,2016
mol1022,CC1CCc2c(N3CCC(O)CC3)c(F)cc3c(=O)c(C(=O)O)cn1c23,CC1CCc2c(N3CCC(O)CC3)c(F)cc3c(=O)c(C(=O)[O-])cn1c23,"6,800",25,O,0,-1,1,0,SP2,FALSE,FALSE,2,2017,2018
mol1023,CC1CCn2nnnc2C(C(=O)O)C1,CC1CCn2nnnc2C(C(=O)[O-])C1,"3,200",13,O,0,-1,1,0,SP2,FALSE,FALSE,2,2019,2020
mol1024,CC1C[NH+]=C(C(C)(C)C)S1,CC1CN=C(C(C)(C)C)S1,"5,020",3,N,1,0,1,0,SP2,FALSE,TRUE,4,2021,2022
mol1025,CC1C[NH+]2CCC1CC2,CC1CN2CCC1CC2,"11,290",3,N,1,0,1,0,SP3,FALSE,TRUE,4,2023,2024
mol1027,CC1NC(=[NH+]CC(F)F)Nc2c(Cl)ccc(Cl)c21,CC1NC(=NCC(F)F)Nc2c(Cl)ccc(Cl)c21,"7,800",10,N,1,0,1,0,SP2,FALSE,FALSE,4,2025,2026
mol1028,CC1NC(=[NH+]CC(F)F)Nc2ccc(Cl)c(Cl)c21,CC1NC(=NCC(F)F)Nc2ccc(Cl)c(Cl)c21,"8,500",12,N,1,0,1,0,SP2,FALSE,FALSE,4,2027,2028
mol1029,CC1NC(=[NH+]CC(F)F)Nc2cccc(Cl)c21,CC1NC(=NCC(F)F)Nc2cccc(Cl)c21,"8,900",11,N,1,0,1,0,SP2,FALSE,FALSE,4,2029,2030
mol1030,CC1NC(=[NH+]CC(F)F)Nc2ccccc21,CC1NC(=NCC(F)F)Nc2ccccc21,"9,700",10,N,1,0,1,0,SP2,FALSE,FALSE,4,2031,2032
mol1031,CC1[NH2+]OCc2ccccc21,CC1NOCc2ccccc21,"3,700",10,N,1,0,2,1,SP3,FALSE,TRUE,4,2033,2034
mol1032,CC1O[NH2+]Cc2ccccc21,CC1ONCc2ccccc21,"3,600",9,N,1,0,2,1,SP3,FALSE,TRUE,4,2035,2036
mol1033,CC1[NH+]=C(N)Nc2cccc(Cl)c21,CC1N=C(N)Nc2cccc(Cl)c21,"9,900",11,N,1,0,1,0,SP2,FALSE,TRUE,4,2037,2038
mol1034,CC1[NH+]=C(N)Nc2ccccc21,CC1N=C(N)Nc2ccccc21,"10,500",10,N,1,0,1,0,SP2,FALSE,TRUE,4,2039,2040
mol1035,CC=C(C)C=C(C)C(=O)C[C@@H](O)CC1CC(=O)NC(=O)C1,CC=C(C)C=C(C)C(=O)C[C@@H](O)CC1CC(=O)[N-]C(=O)C1,"11,200",16,N,0,-1,1,0,SP2,FALSE,TRUE,3,2041,2042
mol1036,CCC#CC(=O)O,CCC#CC(=O)[O-],"2,600",6,O,0,-1,1,0,SP2,FALSE,FALSE,2,2043,2044
mol1037,CCC(=O)C(CC(C)[NH+](C)C)(c1ccccc1)c1ccccc1,CCC(=O)C(CC(C)N(C)C)(c1ccccc1)c1ccccc1,"8,723",8,N,1,0,1,0,SP3,FALSE,FALSE,4,2045,2046
mol1038,CCC(=O)C(CC(C)[NH+]1CCCCC1)(c1ccccc1)c1ccccc1,CCC(=O)C(CC(C)N1CCCCC1)(c1ccccc1)c1ccccc1,"8,580",8,N,1,0,1,0,SP3,FALSE,TRUE,4,2047,2048
mol1039,CCC(=O)C(CC(C)[NH+]1CCOCC1)(c1ccccc1)c1ccccc1,CCC(=O)C(CC(C)N1CCOCC1)(c1ccccc1)c1ccccc1,"6,890",8,N,1,0,1,0,SP3,FALSE,TRUE,4,2050,2049
mol1040,CCC(=O)C(CC[NH+](C)C)(c1ccccc1)c1ccccc1,CCC(=O)C(CCN(C)C)(c1ccccc1)c1ccccc1,"9,230",7,N,1,0,1,0,SP3,FALSE,FALSE,4,2051,2052
mol1041,CCC(=O)C(CC[NH+]1CCCCC1)(c1ccccc1)c1ccccc1,CCC(=O)C(CCN1CCCCC1)(c1ccccc1)c1ccccc1,"8,860",7,N,1,0,1,0,SP3,FALSE,TRUE,4,2053,2054
mol1042,CCC(=O)C(CC[NH+]1CCOCC1)(c1ccccc1)c1ccccc1,CCC(=O)C(CCN1CCOCC1)(c1ccccc1)c1ccccc1,"6,980",7,N,1,0,1,0,SP3,FALSE,TRUE,4,2056,2055
mol1043,CCC(=O)C(C[C@H](C)[NH+]1CCOCC1)(c1ccccc1)c1ccccc1,CCC(=O)C(C[C@H](C)N1CCOCC1)(c1ccccc1)c1ccccc1,"6,730",8,N,1,0,1,0,SP3,FALSE,TRUE,4,2058,2057
mol1044,CCC(=O)C(c1ccccc1)(c1ccccc1)C(C)C[NH+]1CCOCC1,CCC(=O)C(c1ccccc1)(c1ccccc1)C(C)CN1CCOCC1,"7,120",20,N,1,0,1,0,SP3,FALSE,TRUE,4,2060,2059
mol1045,CCC(=O)C(c1ccccc1)(c1ccccc1)[C@@H](C)C[NH+](C)C,CCC(=O)C(c1ccccc1)(c1ccccc1)[C@@H](C)CN(C)C,"8,070",20,N,1,0,1,0,SP3,FALSE,FALSE,4,2061,2062
mol1046,CCC(=O)C=C(O)CC,CCC(=O)C=C([O-])CC,"9,820",8,O,0,-1,1,0,SP2,FALSE,FALSE,2,2063,2064
mol1047,CCC(=O)CN=O,CCC(=O)[CH-]N=O,"8,370",4,C,0,-1,2,1,SP3,FALSE,FALSE,4,2065,2066
mol1048,CCC(=O)N(c1ccccc1)C1(COC)CC[NH+](CCc2cccs2)CC1,CCC(=O)N(c1ccccc1)C1(COC)CCN(CCc2cccs2)CC1,"7,850",14,N,1,0,1,0,SP3,FALSE,TRUE,4,2067,2068
mol1049,CCC(=O)N(c1ccccc1)C1(COC)CC[NH+](CCn2nnn(CC)c2=O)CC1,CCC(=O)N(c1ccccc1)C1(COC)CCN(CCn2nnn(CC)c2=O)CC1,"6,500",14,N,1,0,1,0,SP3,FALSE,TRUE,4,2070,2069
mol1050,CCC(=O)N(c1ccccc1)C1CC[NH+](CCc2ccccc2)CC1,CCC(=O)N(c1ccccc1)C1CCN(CCc2ccccc2)CC1,"8,430",14,N,1,0,1,0,SP3,FALSE,TRUE,4,2071,2072
mol1051,CCC(=O)NO,CCC(=O)N[O-],"9,460",5,O,0,-1,1,0,SP3,FALSE,FALSE,2,2073,2074
mol1052,CCC(=O)[NH2+]S(=O)(=O)c1ccc(-c2c(-c3ccccc3)noc2C)cc1,CCC(=O)NS(=O)(=O)c1ccc(-c2c(-c3ccccc3)noc2C)cc1,"4,900",4,N,1,0,2,1,SP3,FALSE,FALSE,4,2075,2076
mol1053,CCC(=O)OC(C)C[NH+](C)C,CCC(=O)OC(C)CN(C)C,"8,260",8,N,1,0,1,0,SP3,FALSE,FALSE,4,2077,2078
mol1054,CCC(=O)OCC[NH+](C)C,CCC(=O)OCCN(C)C,"8,290",7,N,1,0,1,0,SP3,FALSE,FALSE,4,2079,2080
mol1055,CCC(=O)OO,CCC(=O)O[O-],"8,100",5,O,0,-1,1,0,SP3,FALSE,FALSE,2,2081,2082
mol1056,CCC(=O)O[C@@]1(c2ccccc2)CC[NH+](C)C[C@H]1C,CCC(=O)O[C@@]1(c2ccccc2)CCN(C)C[C@H]1C,"8,660",8,N,1,0,1,0,SP3,FALSE,TRUE,4,2083,2084
mol1057,CCC(=O)O[C@](Cc1ccccc1)(c1ccccc1)[C@H](C)C[NH+](C)C,CCC(=O)O[C@](Cc1ccccc1)(c1ccccc1)[C@H](C)CN(C)C,"9,200",22,N,1,0,1,0,SP3,FALSE,FALSE,4,2085,2086
mol1058,CCC(=O)SCC[NH+](C)C,CCC(=O)SCCN(C)C,"8,280",7,N,1,0,1,0,SP3,FALSE,FALSE,4,2087,2088
mol1059,CCC(=O)O,CCC(=O)[O-],"4,850",4,O,0,-1,1,0,SP2,FALSE,FALSE,2,2089,2090
mol1060,CCC(=O)c1cc(C(=O)C(C)(C)C)n[nH]1,CCC(=O)c1cc(C(=O)C(C)(C)C)n[n-]1,"9,700",8,N,0,-1,1,0,SP2,TRUE,TRUE,3,2091,2092
mol1061,CCC(=O)c1cc(C(=O)c2ccccc2)[nH]n1,CCC(=O)c1cc(C(=O)c2ccccc2)[n-]n1,"9,140",7,N,0,-1,1,0,SP2,TRUE,TRUE,3,2093,2094
mol1062,CCC(=O)c1cc(C(C)=O)n[nH]1,CCC(=O)c1cc(C(C)=O)n[n-]1,"9,050",8,N,0,-1,1,0,SP2,TRUE,TRUE,3,2095,2096
mol1063,CCC(=O)c1nc(C(=O)O)cs1,CCC(=O)c1nc(C(=O)[O-])cs1,"3,700",11,O,0,-1,1,0,SP2,FALSE,FALSE,2,2097,2098
mol1064,CCC(C(=O)Nc1c(C)cccc1C)[NH+](CC)CC,CCC(C(=O)Nc1c(C)cccc1C)N(CC)CC,"7,910",14,N,1,0,1,0,SP3,FALSE,FALSE,4,2099,2100
mol1065,CCC(C(=O)O)C(=O)N1CCCCC1,CCC(C(=O)[O-])C(=O)N1CCCCC1,"3,860",13,O,0,-1,1,0,SP2,FALSE,FALSE,2,2101,2102
mol1066,CCC(C(C)=O)=C(C)O,CCC(C(C)=O)=C(C)[O-],"11,330",5,O,0,-1,1,0,SP2,FALSE,FALSE,2,2103,2104
mol1067,CCC(C)(C)C(=O)O,CCC(C)(C)C(=O)[O-],"5,030",7,O,0,-1,1,0,SP2,FALSE,FALSE,2,2105,2106
mol1068,CCC(C)(C)[NH2+]c1ccccc1,CCC(C)(C)Nc1ccccc1,"6,550",5,N,1,0,2,1,SP3,FALSE,FALSE,4,2107,2108
mol1069,CCC(C)(C)[NH+](C)C(C)(C)C,CCC(C)(C)N(C)C(C)(C)C,"11,900",5,N,1,0,1,0,SP3,FALSE,FALSE,4,2109,2110
mol1070,CCC(C)(C)[NH+](C)C(C)C,CCC(C)(C)N(C)C(C)C,"11,200",5,N,1,0,1,0,SP3,FALSE,FALSE,4,2111,2112
mol1071,CCC(C)(C)[NH2+]C(C)(C)CC,CCC(C)(C)NC(C)(C)CC,"11,600",5,N,1,0,2,1,SP3,FALSE,FALSE,4,2113,2114
mol1072,CCC(C)(C)[NH2+]C1CCCCC1,CCC(C)(C)NC1CCCCC1,"11,200",5,N,1,0,2,1,SP3,FALSE,FALSE,4,2115,2116
mol1073,CCC(C)(C)[NH2+]CC(O)COc1ccccc1C(=O)CCc1ccccc1,CCC(C)(C)NCC(O)COc1ccccc1C(=O)CCc1ccccc1,"9,200",5,N,1,0,2,1,SP3,FALSE,FALSE,4,2117,2118
mol1074,CCC(C)(C)[NH3+],CCC(C)(C)N,"10,890",5,N,1,0,3,2,SP3,FALSE,FALSE,4,2119,2120
mol1075,CCC(C)(CC)[NH2+]c1ccccc1,CCC(C)(CC)Nc1ccccc1,"6,320",6,N,1,0,2,1,SP3,FALSE,FALSE,4,2121,2122
mol1076,CCC(C)(O)C(C(=O)O)c1ccc(-c2ccccc2)cc1,CCC(C)(O)C(C(=O)[O-])c1ccc(-c2ccccc2)cc1,"3,410",19,O,0,-1,1,0,SP2,FALSE,FALSE,2,2123,2124
mol1077,CCC(C)([NH3+])CC,CCC(C)(N)CC,"10,910",6,N,1,0,3,2,SP3,FALSE,FALSE,4,2125,2126
mol1078,CCC(C)C(=O)CC[NH+]1CCOCC1,CCC(C)C(=O)CCN1CCOCC1,"7,070",8,N,1,0,1,0,SP3,FALSE,TRUE,4,2128,2127
mol1079,CCC(C)C(=O)c1ccc(OCC(=O)O)c(Cl)c1Cl,CCC(C)C(=O)c1ccc(OCC(=O)[O-])c(Cl)c1Cl,"3,500",18,O,0,-1,1,0,SP2,FALSE,FALSE,2,2129,2130
mol1080,CCC(C)CC(=O)O,CCC(C)CC(=O)[O-],"4,840",7,O,0,-1,1,0,SP2,FALSE,FALSE,2,2131,2132
mol1081,CCC(C)CN=C1Nc2cc(Cl)sc2S(=O)(=O)N1,CCC(C)CN=C1[N-]S(=O)(=O)c2sc(Cl)cc2N1,"8,290",16,N,0,-1,1,0,SP2,FALSE,TRUE,3,2133,2134
mol1082,CCC(C)[NH+](C)c1ccccc1,CCC(C)N(C)c1ccccc1,"6,030",4,N,1,0,1,0,SP3,FALSE,FALSE,4,2135,2136
mol1083,CCC(C)[NH2+]c1ccccc1,CCC(C)Nc1ccccc1,"5,470",4,N,1,0,2,1,SP3,FALSE,FALSE,4,2137,2138
mol1084,CCC(C)[NH+](C)C,CCC(C)N(C)C,"10,400",4,N,1,0,1,0,SP3,FALSE,FALSE,4,2139,2140
mol1085,CCC(C)[NH2+]C(C)C,CCC(C)NC(C)C,"11,000",4,N,1,0,2,1,SP3,FALSE,FALSE,4,2141,2142
mol1086,CCC(C)[NH2+]C(C)CC,CCC(C)NC(C)CC,"10,940",4,N,1,0,2,1,SP3,FALSE,FALSE,4,2143,2144
mol1087,CCC(C)[NH2+]CC(C)C,CCC(C)NCC(C)C,"10,770",4,N,1,0,2,1,SP3,FALSE,FALSE,4,2145,2146
mol1088,CCC(C)[NH3+],CCC(C)N,"10,560",4,N,1,0,3,2,SP3,FALSE,FALSE,4,2147,2148
mol1089,CCC(CC)C(=O)O[C@H]1O[C@@H](C(=O)O)[C@H](O)[C@@H](O)[C@@H]1O,CCC(CC)C(=O)O[C@H]1O[C@@H](C(=O)[O-])[C@H](O)[C@@H](O)[C@@H]1O,"3,370",16,O,0,-1,1,0,SP2,FALSE,FALSE,2,2149,2150
mol1090,CCC(CC)C(=O)O,CCC(CC)C(=O)[O-],"4,730",7,O,0,-1,1,0,SP2,FALSE,FALSE,2,2151,2152
mol1091,CCC(CC)CNC(=O)c1c[nH+]c(Nc2cccc(Cl)c2)cc1C(C)C,CCC(CC)CNC(=O)c1cnc(Nc2cccc(Cl)c2)cc1C(C)C,"6,020",11,N,1,0,1,0,SP2,TRUE,TRUE,4,2153,2154
mol1092,CCC(CC)Nc1cc(C)[nH+]c(Nc2c(C)cc(C)cc2C)c1C,CCC(CC)Nc1cc(C)nc(Nc2c(C)cc(C)cc2C)c1C,"9,300",9,N,1,0,1,0,SP2,TRUE,TRUE,4,2155,2156
mol1093,CCC(CC)Nc1cc(C)[nH+]c(Oc2c(C)cc(C)cc2C)c1C,CCC(CC)Nc1cc(C)nc(Oc2c(C)cc(C)cc2C)c1C,"6,900",9,N,1,0,1,0,SP2,TRUE,TRUE,4,2158,2157
mol1094,CCC(CC)Nc1[nH+]cnc2c1ncn2C1O[C@H](CO)[C@@H](O)[C@H]1O,CCC(CC)Nc1ncnc2c1ncn2C1O[C@H](CO)[C@@H](O)[C@H]1O,"3,300",11,N,1,0,1,0,SP2,TRUE,TRUE,4,2159,2160
mol1095,CCC(CC)Oc1cc(C)[nH+]c(Oc2c(C)cc(C)cc2C)c1C,CCC(CC)Oc1cc(C)nc(Oc2c(C)cc(C)cc2C)c1C,"3,550",9,N,1,0,1,0,SP2,TRUE,TRUE,4,2161,2162
mol1096,CCC(CC)[C@@H](CO)NS(=O)(=O)c1ccc(Cl)s1,CCC(CC)[C@@H](CO)[N-]S(=O)(=O)c1ccc(Cl)s1,"9,600",8,N,0,-1,1,0,SP3,FALSE,FALSE,3,2163,2164
mol1097,CCC(O)=CC(C)=O,CCC([O-])=CC(C)=O,"9,360",7,O,0,-1,1,0,SP2,FALSE,FALSE,2,2165,2166
mol1098,CCC(O)C(C(=O)O)c1ccc(-c2ccccc2)cc1,CCC(O)C(C(=O)[O-])c1ccc(-c2ccccc2)cc1,"4,160",18,O,0,-1,1,0,SP2,FALSE,FALSE,2,2167,2168
mol1099,CCC(O)C[NH+](C)CC(C)O,CCC(O)CN(C)CC(C)O,"8,900",4,N,1,0,1,0,SP3,FALSE,FALSE,4,2169,2170
mol1100,CCC(O)C[NH+](C)CC(O)CC,CCC(O)CN(C)CC(O)CC,"9,000",4,N,1,0,1,0,SP3,FALSE,FALSE,4,2171,2172
mol1101,CCC(O)C[NH+](C)CCO,CCC(O)CN(C)CCO,"8,700",4,N,1,0,1,0,SP3,FALSE,FALSE,4,2173,2174
mol1102,CCC(O)C[NH+](CC(C)O)C(C)(C)C,CCC(O)CN(CC(C)O)C(C)(C)C,"9,500",4,N,1,0,1,0,SP3,FALSE,FALSE,4,2175,2176
mol1103,CCC(O)C[NH+](CC(O)CC)C(C)(C)C,CCC(O)CN(CC(O)CC)C(C)(C)C,"9,600",4,N,1,0,1,0,SP3,FALSE,FALSE,4,2177,2178
mol1104,CCC(O)C[NH+](CC)CC(C)O,CCC(O)CN(CC)CC(C)O,"9,200",4,N,1,0,1,0,SP3,FALSE,FALSE,4,2179,2180
mol1105,CCC(O)C[NH+](CC)CC(O)CC,CCC(O)CN(CC)CC(O)CC,"9,200",4,N,1,0,1,0,SP3,FALSE,FALSE,4,2181,2182
mol1106,CCC(O)C[NH+](CC)CCO,CCC(O)CN(CC)CCO,"9,100",4,N,1,0,1,0,SP3,FALSE,FALSE,4,2183,2184
mol1107,CCC(O)C[NH+](CCO)C(C)(C)C,CCC(O)CN(CCO)C(C)(C)C,"9,400",4,N,1,0,1,0,SP3,FALSE,FALSE,4,2185,2186
mol1108,CCC(Oc1ccccc1C)C(=O)O,CCC(Oc1ccccc1C)C(=O)[O-],"3,430",5,O,0,-1,1,0,SP2,FALSE,FALSE,2,2187,2188
mol1109,CCC(P)C(=O)O,CCC(P)C(=O)[O-],"4,080",5,O,0,-1,1,0,SP2,FALSE,FALSE,2,2189,2190
mol1110,CCC([NH3+])(CC)CC,CCC(N)(CC)CC,"10,870",7,N,1,0,3,2,SP3,FALSE,FALSE,4,2191,2192
mol1111,CCC([NH3+])(CO)CO,CCC(N)(CO)CO,"8,800",7,N,1,0,3,2,SP3,FALSE,FALSE,4,2193,2194
mol1112,CCC([NH3+])CCCl,CCC(N)CCCl,"8,530",6,N,1,0,3,2,SP3,FALSE,FALSE,4,2195,2196
mol1113,CCC([NH3+])CO,CCC(N)CO,"9,530",5,N,1,0,3,2,SP3,FALSE,FALSE,4,2197,2198
mol1114,CCC/C=C(/C)C(=O)O,CCC/C=C(/C)C(=O)[O-],"4,440",8,O,0,-1,1,0,SP2,FALSE,FALSE,2,2199,2200
mol1115,CCC/C=C(\C)C(=O)O,CCC/C=C(\C)C(=O)[O-],"5,130",8,O,0,-1,1,0,SP2,FALSE,FALSE,2,2201,2202
mol1116,CCC/C=C/C(=O)O,CCC/C=C/C(=O)[O-],"4,710",7,O,0,-1,1,0,SP2,FALSE,FALSE,2,2203,2204
mol1117,CCC/C=C1\CCC[NH+]1C,CCC/C=C1\CCCN1C,"11,880",8,N,1,0,1,0,SP3,FALSE,TRUE,4,2205,2206
mol1118,CCC1(C)C(=O)Nc2ccc(S(=O)(=O)[NH2+]c3ccc(F)cc3F)cc2C(=O)N1C,CCC1(C)C(=O)Nc2ccc(S(=O)(=O)Nc3ccc(F)cc3F)cc2C(=O)N1C,"7,100",19,N,1,0,2,1,SP3,FALSE,FALSE,4,2207,2208
mol1119,CCC1(C)CC(=O)NC1=O,CCC1(C)CC(=O)[N-]C1=O,"9,340",6,N,0,-1,1,0,SP2,FALSE,TRUE,3,2209,2210
mol1120,CCC1(C)NC(=O)c2cc(S(=O)(=O)Nc3ccc(Cl)cc3)ccc2N(C)C1=O,CCC1(C)NC(=O)c2cc(S(=O)(=O)[N-]c3ccc(Cl)cc3)ccc2N(C)C1=O,"7,900",18,N,0,-1,1,0,SP2,FALSE,FALSE,3,2211,2212
mol1121,CCC1(C)NC(=O)c2cc(S(=O)(=O)Nc3ccc(Cl)cc3)ccc2NC1=O,CCC1(C)NC(=O)c2cc(S(=O)(=O)[N-]c3ccc(Cl)cc3)ccc2NC1=O,"8,100",18,N,0,-1,1,0,SP2,FALSE,FALSE,3,2213,2214
mol1122,CCC1(C)NC(=O)c2cc(S(=O)(=O)[NH2+]c3ccc(OC)cc3)ccc2NC1=O,CCC1(C)NC(=O)c2cc(S(=O)(=O)Nc3ccc(OC)cc3)ccc2NC1=O,"5,600",18,N,1,0,2,1,SP3,FALSE,FALSE,4,2215,2216
mol1123,CCC1(C)NC(=O)c2cc(S(=O)(=O)Nc3ccccc3)ccc2NC1=O,CCC1(C)NC(=O)c2cc(S(=O)(=O)[N-]c3ccccc3)ccc2NC1=O,"8,700",18,N,0,-1,1,0,SP2,FALSE,FALSE,3,2217,2218
mol1124,CCC1(C)NC(=O)c2cc(S(=O)(=O)[NH2+]c3ccccc3Cl)ccc2NC1=O,CCC1(C)NC(=O)c2cc(S(=O)(=O)Nc3ccccc3Cl)ccc2NC1=O,"7,200",18,N,1,0,2,1,SP3,FALSE,FALSE,4,2219,2220
mol1125,CCC1(C)OC(=O)NC1=O,CCC1(C)OC(=O)[N-]C1=O,"6,000",5,N,0,-1,1,0,SP2,FALSE,TRUE,3,2221,2222
mol1126,CCC1(C2CCCC2)Cc2cc(OCC(=O)O)c(Cl)c(Cl)c2C1=O,CCC1(C2CCCC2)Cc2cc(OCC(=O)[O-])c(Cl)c(Cl)c2C1=O,"3,900",18,O,0,-1,1,0,SP2,FALSE,FALSE,2,2223,2224
mol1127,CCC1(C2CCCC2)Cc2cc(OCCCC(=O)O)c(Cl)c(Cl)c2C1=O,CCC1(C2CCCC2)Cc2cc(OCCCC(=O)[O-])c(Cl)c(Cl)c2C1=O,"3,800",20,O,0,-1,1,0,SP2,FALSE,FALSE,2,2225,2226
mol1128,CCC1(CC)C(=O)NC(=O)N(C(=O)c2ccccc2OC)C1=O,CCC1(CC)C(=O)[N-]C(=O)N(C(=O)c2ccccc2OC)C1=O,"6,540",5,N,0,-1,1,0,SP2,FALSE,TRUE,3,2227,2228
mol1129,CCC1(CC)CNc2ccc(S(=O)(=O)Nc3ccc(F)cc3F)cc2C(=O)N1,CCC1(CC)CNc2ccc(S(=O)(=O)[N-]c3ccc(F)cc3F)cc2C(=O)N1,"8,000",17,N,0,-1,1,0,SP2,FALSE,FALSE,3,2229,2230
mol1130,CCC1(CC)OC(=O)NC1=O,CCC1(CC)OC(=O)[N-]C1=O,"5,700",5,N,0,-1,1,0,SP2,FALSE,TRUE,3,2231,2232
mol1131,CCC1(CC)SC(=O)NC1=O,CCC1(CC)SC(=O)[N-]C1=O,"6,420",5,N,0,-1,1,0,SP2,FALSE,TRUE,3,2233,2234
mol1132,CCC1(c2cccc(-c3cncnc3)c2)[NH+]=C(N)c2ccccc2O1,CCC1(c2cccc(-c3cncnc3)c2)N=C(N)c2ccccc2O1,"8,400",3,N,1,0,1,0,SP2,FALSE,TRUE,4,2235,2236
mol1133,CCC1(c2ccccc2)C(=O)NC(=S)N(C)C1=O,CCC1(c2ccccc2)C(=O)[N-]C(=S)N(C)C1=O,"7,650",5,N,0,-1,1,0,SP2,FALSE,TRUE,3,2237,2238
mol1134,CCC12C=CC(=O)C=C1c1c(cc(OCC(=O)O)c(Cl)c1Cl)C2,CCC12C=CC(=O)C=C1c1c(cc(OCC(=O)[O-])c(Cl)c1Cl)C2,"3,700",22,O,0,-1,1,0,SP2,FALSE,FALSE,2,2239,2240
mol1135,CCC12CC3CC(CC([NH3+])(C3)C1)C2,CCC12CC3CC(CC(N)(C3)C1)C2,"10,610",12,N,1,0,3,2,SP3,FALSE,FALSE,4,2241,2242
mol1136,CCC12CCC(=O)C=C1c1c(cc(OCC(=O)OC(C)(C)C(=O)O)c(Cl)c1Cl)C2,CCC12CCC(=O)C=C1c1c(cc(OCC(=O)OC(C)(C)C(=O)[O-])c(Cl)c1Cl)C2,"3,800",27,O,0,-1,1,0,SP2,FALSE,FALSE,2,2243,2244
mol1137,CCC12CCC(=O)C=C1c1c(cc(OCC(=O)OCC(=O)O)c(Cl)c1Cl)C2,CCC12CCC(=O)C=C1c1c(cc(OCC(=O)OCC(=O)[O-])c(Cl)c1Cl)C2,"3,800",25,O,0,-1,1,0,SP2,FALSE,FALSE,2,2245,2246
mol1138,CCC12CCC(=O)C=C1c1c(cc(OCC(=O)OCC[NH+]3CCOCC3)c(Cl)c1Cl)C2,CCC12CCC(=O)C=C1c1c(cc(OCC(=O)OCCN3CCOCC3)c(Cl)c1Cl)C2,"5,080",24,N,1,0,1,0,SP3,FALSE,TRUE,4,2248,2247
mol1139,CCC12CCC(=O)C=C1c1c(cc(OCC(=O)OCc3ccc[nH+]c3)c(Cl)c1Cl)C2,CCC12CCC(=O)C=C1c1c(cc(OCC(=O)OCc3cccnc3)c(Cl)c1Cl)C2,"3,320",27,N,1,0,1,0,SP2,TRUE,TRUE,4,2249,2250
mol1140,CCC12CCC(=O)C=C1c1c(cc(OCC(=O)O)c(Cl)c1Cl)C2,CCC12CCC(=O)C=C1c1c(cc(OCC(=O)[O-])c(Cl)c1Cl)C2,"3,600",21,O,0,-1,1,0,SP2,FALSE,FALSE,2,2251,2252
mol1141,CCC12CCC(=O)C=C1c1c(cc(OCCCC(=O)O)c(Cl)c1Cl)C2,CCC12CCC(=O)C=C1c1c(cc(OCCCC(=O)[O-])c(Cl)c1Cl)C2,"3,700",23,O,0,-1,1,0,SP2,FALSE,FALSE,2,2253,2254
mol1142,CCC12CCC(=O)C=C1c1c(cc(OCc3nn[nH]n3)c(Cl)c1Cl)C2,CCC12CCC(=O)C=C1c1c(cc(OCc3nn[n-]n3)c(Cl)c1Cl)C2,"3,720",21,N,0,-1,1,0,SP2,TRUE,TRUE,3,2255,2256
mol1143,CCC1=C(C)CN(C(=O)NCCc2ccc(S(=O)(=O)[NH2+]C(=O)N[C@H]3CC[C@H](C)CC3)cc2)C1=O,CCC1=C(C)CN(C(=O)NCCc2ccc(S(=O)(=O)NC(=O)N[C@H]3CC[C@H](C)CC3)cc2)C1=O,"6,200",22,N,1,0,2,1,SP3,FALSE,FALSE,4,2257,2258
mol1144,CCC1=C(O)C(CC)C1=O,CCC1=C([O-])C(CC)C1=O,"3,500",9,O,0,-1,1,0,SP2,FALSE,FALSE,2,2259,2260
mol1145,CCC1=C(O)c2ccccc2C1=O,CCC1=C([O-])c2ccccc2C1=O,"6,500",12,O,0,-1,1,0,SP2,FALSE,FALSE,2,2261,2262
mol1147,CCC1C2CC3C4N(C)c5ccccc5C45CC(C2[C@H]5O)[NH+]3C1O,CCC1C2CC3C4N(C)c5ccccc5C45CC(C2[C@H]5O)N3C1O,"6,500",13,N,1,0,1,0,SP3,FALSE,TRUE,4,2264,2263
mol1148,CCC1CCC[NH+]1C,CCC1CCCN1C,"9,780",6,N,1,0,1,0,SP3,FALSE,TRUE,4,2265,2266
mol1149,CCC1CSC(C(C)C)=[NH+]1,CCC1CSC(C(C)C)=N1,"5,280",6,N,1,0,1,0,SP2,FALSE,TRUE,4,2267,2268
mol1150,CCC1C[NH+]1CC,CCC1CN1CC,"8,190",4,N,1,0,1,0,SP3,FALSE,TRUE,4,2269,2270
mol1151,CCC1C[NH2+]1,CCC1CN1,"5,690",4,N,1,0,2,1,SP3,FALSE,TRUE,4,2272,2271
mol1153,CCC1OC(=O)CC(O)C(C)C(O[C@@H]2O[C@H](C)C[C@H]([NH+](C)C)[C@H]2O)C(CC=O)CC(C)C(=O)/C=C\C(C)=C/C1C,CCC1OC(=O)CC(O)C(C)C(O[C@@H]2O[C@H](C)C[C@H](N(C)C)[C@H]2O)C(CC=O)CC(C)C(=O)/C=C\C(C)=C/C1C,"8,830",30,N,1,0,1,0,SP3,FALSE,FALSE,4,2273,2274
mol1154,CCCC(=[NH2+])OCC,CCCC(=N)OCC,"7,080",4,N,1,0,2,1,SP2,FALSE,FALSE,4,2275,2276
mol1155,CCCC(=O)C(CC[NH+]1CCOCC1)(c1ccccc1)c1ccccc1,CCCC(=O)C(CCN1CCOCC1)(c1ccccc1)c1ccccc1,"7,170",8,N,1,0,1,0,SP3,FALSE,TRUE,4,2278,2277
mol1156,CCCC(=O)NO,CCCC(=O)N[O-],"9,480",6,O,0,-1,1,0,SP3,FALSE,FALSE,2,2279,2280
mol1157,CCCC(=O)Nc1ccc(OCC(O)C[NH2+]C(C)C)c(C(C)=O)c1,CCCC(=O)Nc1ccc(OCC(O)CNC(C)C)c(C(C)=O)c1,"9,596",19,N,1,0,2,1,SP3,FALSE,FALSE,4,2281,2282
mol1158,CCCC(=O)OC(C)C[NH+](C)C,CCCC(=O)OC(C)CN(C)C,"8,270",9,N,1,0,1,0,SP3,FALSE,FALSE,4,2283,2284
mol1159,CCCC(=O)OCC[NH+](C)C,CCCC(=O)OCCN(C)C,"8,310",8,N,1,0,1,0,SP3,FALSE,FALSE,4,2285,2286
mol1160,CCCC(=O)OO,CCCC(=O)O[O-],"8,200",6,O,0,-1,1,0,SP3,FALSE,FALSE,2,2287,2288
mol1161,CCCC(=O)SCC[NH+](C)C,CCCC(=O)SCCN(C)C,"8,320",8,N,1,0,1,0,SP3,FALSE,FALSE,4,2289,2290
mol1162,CCCC(=O)O,CCCC(=O)[O-],"4,800",5,O,0,-1,1,0,SP2,FALSE,FALSE,2,2291,2292
mol1163,CCCC(=O)c1cc(C(C)=O)n[nH]1,CCCC(=O)c1cc(C(C)=O)n[n-]1,"9,280",9,N,0,-1,1,0,SP2,TRUE,TRUE,3,2293,2294
mol1164,CCCC(C(=O)Nc1c(C)cccc1C)[NH+](CC)CC,CCCC(C(=O)Nc1c(C)cccc1C)N(CC)CC,"7,890",15,N,1,0,1,0,SP3,FALSE,FALSE,4,2295,2296
mol1165,CCCC(C(CC)CO)C(CC)C(=O)O,CCCC(C(CC)CO)C(CC)C(=O)[O-],"4,780",14,O,0,-1,1,0,SP2,FALSE,FALSE,2,2297,2298
mol1166,CCCC(CCC)C(=O)O,CCCC(CCC)C(=O)[O-],"4,800",9,O,0,-1,1,0,SP2,FALSE,FALSE,2,2299,2300
mol1167,CCCC(O)C(C(=O)O)c1ccc(-c2ccccc2)cc1,CCCC(O)C(C(=O)[O-])c1ccc(-c2ccccc2)cc1,"4,010",19,O,0,-1,1,0,SP2,FALSE,FALSE,2,2301,2302
mol1168,CCCC1(C2CCCC2)Cc2cc(OCCCC(=O)O)c(Cl)c(Cl)c2C1=O,CCCC1(C2CCCC2)Cc2cc(OCCCC(=O)[O-])c(Cl)c(Cl)c2C1=O,"4,100",21,O,0,-1,1,0,SP2,FALSE,FALSE,2,2303,2304
mol1169,CCCC1(CCC)SC(=O)NC1=O,CCCC1(CCC)SC(=O)[N-]C1=O,"6,370",6,N,0,-1,1,0,SP2,FALSE,TRUE,3,2305,2306
mol1170,CCCC12CC(=O)C=C1c1c(cc(OCC(=O)O)c(Cl)c1Cl)C2,CCCC12CC(=O)C=C1c1c(cc(OCC(=O)[O-])c(Cl)c1Cl)C2,"3,840",22,O,0,-1,1,0,SP2,FALSE,FALSE,2,2307,2308
mol1171,CCCC12CCC(=O)C(C)=C1c1c(cc(OCC(=O)O)c(Cl)c1Cl)C2,CCCC12CCC(=O)C(C)=C1c1c(cc(OCC(=O)[O-])c(Cl)c1Cl)C2,"3,500",22,O,0,-1,1,0,SP2,FALSE,FALSE,2,2309,2310
mol1172,CCCC12CCC(=O)C=C1c1c(cc([OH2+])c(Cl)c1Cl)C2,CCCC12CCC(=O)C=C1c1c(cc(O)c(Cl)c1Cl)C2,"6,180",18,O,1,0,2,1,SP2,FALSE,FALSE,3,2311,2312
mol1173,CCCC12CCC(=O)C=C1c1c(cc(OCC(=O)NCC[NH+](C)C)c(Cl)c1Cl)C2,CCCC12CCC(=O)C=C1c1c(cc(OCC(=O)NCCN(C)C)c(Cl)c1Cl)C2,"7,700",25,N,1,0,1,0,SP3,FALSE,FALSE,4,2313,2314
mol1174,CCCC12CCC(=O)C=C1c1c(cc(OCC(=O)OC(C)(C)C(=O)O)c(Cl)c1Cl)C2,CCCC12CCC(=O)C=C1c1c(cc(OCC(=O)OC(C)(C)C(=O)[O-])c(Cl)c1Cl)C2,"3,800",28,O,0,-1,1,0,SP2,FALSE,FALSE,2,2315,2316
mol1175,CCCC12CCC(=O)C=C1c1c(cc(OCC(=O)OC(CC)(CC)C(=O)O)c(Cl)c1Cl)C2,CCCC12CCC(=O)C=C1c1c(cc(OCC(=O)OC(CC)(CC)C(=O)[O-])c(Cl)c1Cl)C2,"3,400",30,O,0,-1,1,0,SP2,FALSE,FALSE,2,2317,2318
mol1176,CCCC12CCC(=O)C=C1c1c(cc(OCC(=O)O)c(C)c1C)C2,CCCC12CCC(=O)C=C1c1c(cc(OCC(=O)[O-])c(C)c1C)C2,"4,300",21,O,0,-1,1,0,SP2,FALSE,FALSE,2,2319,2320
mol1177,CCCC12CCC(=O)C=C1c1c(cc(OCC(=O)O)c(Cl)c1Cl)C2,CCCC12CCC(=O)C=C1c1c(cc(OCC(=O)[O-])c(Cl)c1Cl)C2,"3,600",22,O,0,-1,1,0,SP2,FALSE,FALSE,2,2321,2322
mol1178,CCCC12CCC(=O)C=C1c1c(cc(OCCCC(=O)O)c(Cl)c1Cl)C2,CCCC12CCC(=O)C=C1c1c(cc(OCCCC(=O)[O-])c(Cl)c1Cl)C2,"3,700",24,O,0,-1,1,0,SP2,FALSE,FALSE,2,2323,2324
mol1179,CCCC12CCC(=O)C=C1c1c(cc(SCC(=O)O)c(Cl)c1Cl)C2,CCCC12CCC(=O)C=C1c1c(cc(SCC(=O)[O-])c(Cl)c1Cl)C2,"4,700",22,O,0,-1,1,0,SP2,FALSE,FALSE,2,2325,2326
mol1180,CCCC12CCC(=O)C=C1c1ccc(OCC(=O)O)cc1C2,CCCC12CCC(=O)C=C1c1ccc(OCC(=O)[O-])cc1C2,"4,050",21,O,0,-1,1,0,SP2,FALSE,FALSE,2,2327,2328
mol1181,CCCC12CCC(C(C)=O)=C1c1c(cc(OCC(=O)O)c(Cl)c1Cl)C2,CCCC12CCC(C(C)=O)=C1c1c(cc(OCC(=O)[O-])c(Cl)c1Cl)C2,"4,100",20,O,0,-1,1,0,SP2,FALSE,FALSE,2,2329,2330
mol1182,CCCC1=NC(=O)C(c2ccccc2)=C1O,CCCC1=NC(=O)C(c2ccccc2)=C1[O-],"4,600",9,O,0,-1,1,0,SP2,FALSE,FALSE,2,2331,2332
mol1183,CCCC1CCC[NH+]1C,CCCC1CCCN1C,"9,780",7,N,1,0,1,0,SP3,FALSE,TRUE,4,2333,2334
mol1184,CCCCC#CC(=O)O,CCCCC#CC(=O)[O-],"2,610",8,O,0,-1,1,0,SP2,FALSE,FALSE,2,2335,2336
mol1185,CCCCC(=O)O,CCCCC(=O)[O-],"4,820",6,O,0,-1,1,0,SP2,FALSE,FALSE,2,2337,2338
mol1186,CCCCC(C(=O)Nc1c(C)cccc1C)[NH+](CC)CC,CCCCC(C(=O)Nc1c(C)cccc1C)N(CC)CC,"7,810",16,N,1,0,1,0,SP3,FALSE,FALSE,4,2339,2340
mol1187,CCCCC(CC)C(=O)O[C@H]1O[C@@H](C(=O)O)[C@H](O)[C@@H](O)[C@@H]1O,CCCCC(CC)C(=O)O[C@H]1O[C@@H](C(=O)[O-])[C@H](O)[C@@H](O)[C@@H]1O,"3,080",18,O,0,-1,1,0,SP2,FALSE,FALSE,2,2341,2342
mol1188,CCCCC(CC)C(=O)O,CCCCC(CC)C(=O)[O-],"4,760",9,O,0,-1,1,0,SP2,FALSE,FALSE,2,2343,2344
mol1190,CCCCC1(C2CCCC2)Cc2cc(OCC(=O)O)c(Cl)c(Cl)c2C1=O,CCCCC1(C2CCCC2)Cc2cc(OCC(=O)[O-])c(Cl)c(Cl)c2C1=O,"3,900",20,O,0,-1,1,0,SP2,FALSE,FALSE,2,2345,2346
mol1191,CCCCC1(C2CCCC2)Cc2cc(OCCCC(=O)O)c(Cl)c(Cl)c2C1=O,CCCCC1(C2CCCC2)Cc2cc(OCCCC(=O)[O-])c(Cl)c(Cl)c2C1=O,"4,400",22,O,0,-1,1,0,SP2,FALSE,FALSE,2,2347,2348
mol1192,CCCCC12CCC(=O)C=C1c1c(cc(OCC(=O)O)c(Cl)c1Cl)C2,CCCCC12CCC(=O)C=C1c1c(cc(OCC(=O)[O-])c(Cl)c1Cl)C2,"3,500",23,O,0,-1,1,0,SP2,FALSE,FALSE,2,2349,2350
mol1193,CCCCC1CCC[NH+]1C,CCCCC1CCCN1C,"10,010",8,N,1,0,1,0,SP3,FALSE,TRUE,4,2351,2352
mol1194,CCCCCC(=O)NO,CCCCCC(=O)N[O-],"9,580",8,O,0,-1,1,0,SP3,FALSE,FALSE,2,2353,2354
mol1195,CCCCCC(=O)O,CCCCCC(=O)[O-],"4,850",7,O,0,-1,1,0,SP2,FALSE,FALSE,2,2355,2356
mol1196,CCCCCC(C)(C)[NH3+],CCCCCC(C)(C)N,"10,830",8,N,1,0,3,2,SP3,FALSE,FALSE,4,2357,2358
mol1197,CCCCCC(C)[NH2+]C,CCCCCC(C)NC,"10,990",7,N,1,0,2,1,SP3,FALSE,FALSE,4,2359,2360
mol1198,CCCCCC(C)[NH3+],CCCCCC(C)N,"11,150",7,N,1,0,3,2,SP3,FALSE,FALSE,4,2361,2362
mol1199,CCCCCC(O)=CC(C)=O,CCCCCC([O-])=CC(C)=O,"9,200",10,O,0,-1,1,0,SP2,FALSE,FALSE,2,2363,2364
mol1200,CCCCCC(O)CCC1CCC(=O)N1CCCCCCC(=O)O,CCCCCC(O)CCC1CCC(=O)N1CCCCCCC(=O)[O-],"5,250",22,O,0,-1,1,0,SP2,FALSE,FALSE,2,2365,2366
mol1201,CCCCCCC(=O)NO,CCCCCCC(=O)N[O-],"9,620",9,O,0,-1,1,0,SP3,FALSE,FALSE,2,2367,2368
mol1202,CCCCCCC(=O)O,CCCCCCC(=O)[O-],"4,880",8,O,0,-1,1,0,SP2,FALSE,FALSE,2,2369,2370
mol1203,CCCCCCC(C)(C)c1cc(O)c2c(c1)OC(C)(C)C1CCC(=O)CC21,CCCCCCC(C)(C)c1cc([O-])c2c(c1)OC(C)(C)C1CCC(=O)CC21,"10,600",26,O,0,-1,1,0,SP2,FALSE,FALSE,2,2371,2372
mol1204,CCCCCCC(C)(C)c1ccc([C@@H]2C[C@H](O)CC[C@H]2CCCO)c(O)c1,CCCCCCC(C)(C)c1ccc([C@@H]2C[C@H](O)CC[C@H]2CCCO)c([O-])c1,"11,160",15,O,0,-1,1,0,SP2,FALSE,FALSE,2,2373,2374
mol1205,CCCCCCCC(=O)NO,CCCCCCCC(=O)N[O-],"9,190",10,O,0,-1,1,0,SP3,FALSE,FALSE,2,2375,2376
mol1206,CCCCCCCC(=O)N[C@H]1C(=O)N2[C@H]1SC(C)(C)[C@H]2C(=O)O,CCCCCCCC(=O)N[C@H]1C(=O)N2[C@H]1SC(C)(C)[C@H]2C(=O)[O-],"2,660",22,O,0,-1,1,0,SP2,FALSE,FALSE,2,2377,2378
mol1207,CCCCCCCC(=O)O,CCCCCCCC(=O)[O-],"4,900",9,O,0,-1,1,0,SP2,FALSE,FALSE,2,2379,2380
mol1208,CCCCCCCC/C=C\CCCCCCCC(=O)O,CCCCCCCC/C=C\CCCCCCCC(=O)[O-],"4,950",19,O,0,-1,1,0,SP2,FALSE,FALSE,2,2381,2382
mol1209,CCCCCCCCC(=O)OO,CCCCCCCCC(=O)O[O-],"8,230",11,O,0,-1,1,0,SP3,FALSE,FALSE,2,2383,2384
mol1210,CCCCCCCCC(=O)O,CCCCCCCCC(=O)[O-],"4,900",10,O,0,-1,1,0,SP2,FALSE,FALSE,2,2385,2386
mol1211,CCCCCCCCC1CCC(=O)N1CCCCCCC(=O)O,CCCCCCCCC1CCC(=O)N1CCCCCCC(=O)[O-],"5,600",22,O,0,-1,1,0,SP2,FALSE,FALSE,2,2387,2388
mol1212,CCCCCCCCCC(=O)O,CCCCCCCCCC(=O)[O-],"4,895",11,O,0,-1,1,0,SP2,FALSE,FALSE,2,2389,2390
mol1213,CCCCCCCCCCC(=O)O,CCCCCCCCCCC(=O)[O-],"4,900",12,O,0,-1,1,0,SP2,FALSE,FALSE,2,2391,2392
mol1214,CCCCCCCCCCCC(=O)NCCCC[C@H]([NH3+])C(=O)OC,CCCCCCCCCCCC(=O)NCCCC[C@H](N)C(=O)OC,"9,100",23,N,1,0,3,2,SP3,FALSE,FALSE,4,2393,2394
mol1215,CCCCCCCCCCCC(=O)N[C@@H](CCCC[NH3+])C(=O)OC,CCCCCCCCCCCC(=O)N[C@@H](CCCCN)C(=O)OC,"10,000",19,N,1,0,3,2,SP3,FALSE,FALSE,4,2395,2396
mol1216,CCCCCCCCCCCC(=O)O,CCCCCCCCCCCC(=O)[O-],"4,895",13,O,0,-1,1,0,SP2,FALSE,FALSE,2,2397,2398
mol1217,CCCCCCCCCCCCC(=O)O,CCCCCCCCCCCCC(=O)[O-],"4,900",14,O,0,-1,1,0,SP2,FALSE,FALSE,2,2399,2400
mol1218,CCCCCCCCCCCCCC(=O)N(O)c1ccccc1,CCCCCCCCCCCCCC(=O)N([O-])c1ccccc1,"9,050",22,O,0,-1,1,0,SP3,FALSE,FALSE,2,2401,2402
mol1219,CCCCCCCCCCCCCC(=O)NCCCC[C@H]([NH3+])C(=O)OC,CCCCCCCCCCCCCC(=O)NCCCC[C@H](N)C(=O)OC,"7,800",25,N,1,0,3,2,SP3,FALSE,FALSE,4,2403,2404
mol1220,CCCCCCCCCCCCCCC(=O)O,CCCCCCCCCCCCCCC(=O)[O-],"5,010",16,O,0,-1,1,0,SP2,FALSE,FALSE,2,2405,2406
mol1221,CCCCCCCCCCCCCCCC(=O)OCC1CCP(O)(=S)O1,CCCCCCCCCCCCCCCC(=O)OCC1CCP([O-])(=S)O1,"6,480",25,O,0,-1,1,0,SP3,FALSE,FALSE,2,2407,2408
mol1222,CCCCCCCCCCCCCCCCCC(=O)OCC1CCP(O)(=S)O1,CCCCCCCCCCCCCCCCCC(=O)OCC1CCP([O-])(=S)O1,"6,760",27,O,0,-1,1,0,SP3,FALSE,FALSE,2,2409,2410
mol1223,CCCCCCCCCCCCCCCCCC(=O)O,CCCCCCCCCCCCCCCCCC(=O)[O-],"5,010",19,O,0,-1,1,0,SP2,FALSE,FALSE,2,2411,2412
mol1224,CCCCCCCCCCCCCCCCCCCCCC[NH3+],CCCCCCCCCCCCCCCCCCCCCCN,"10,600",22,N,1,0,3,2,SP3,FALSE,FALSE,4,2413,2414
mol1225,CCCCCCCCCCCCCCCCCC[NH2+]CC(F)(F)F,CCCCCCCCCCCCCCCCCCNCC(F)(F)F,"4,700",18,N,1,0,2,1,SP3,FALSE,FALSE,4,2415,2416
mol1226,CCCCCCCCCCCCCCCCCC[NH+](CC(C)O)CC(C)O,CCCCCCCCCCCCCCCCCCN(CC(C)O)CC(C)O,"9,400",18,N,1,0,1,0,SP3,FALSE,FALSE,4,2417,2418
mol1227,CCCCCCCCCCCCCCCCCC[NH3+],CCCCCCCCCCCCCCCCCCN,"10,600",18,N,1,0,3,2,SP3,FALSE,FALSE,4,2419,2420
mol1228,CCCCCCCCCCCCCCCCC[NH3+],CCCCCCCCCCCCCCCCCN,"10,600",17,N,1,0,3,2,SP3,FALSE,FALSE,4,2421,2422
mol1229,CCCCCCCCCCCCCCCCCc1c2ccccc2[nH+]c2ccccc12,CCCCCCCCCCCCCCCCCc1c2ccccc2nc2ccccc12,"5,500",24,N,1,0,1,0,SP2,TRUE,TRUE,4,2423,2424
mol1230,CCCCCCCCCCCCCCCC[NH2+]CC(F)(F)F,CCCCCCCCCCCCCCCCNCC(F)(F)F,"5,200",16,N,1,0,2,1,SP3,FALSE,FALSE,4,2425,2426
mol1231,CCCCCCCCCCCCCCCC[NH+](CC(C)O)CC(C)O,CCCCCCCCCCCCCCCCN(CC(C)O)CC(C)O,"9,190",16,N,1,0,1,0,SP3,FALSE,FALSE,4,2427,2428
mol1232,CCCCCCCCCCCCCCCC[NH3+],CCCCCCCCCCCCCCCCN,"10,610",16,N,1,0,3,2,SP3,FALSE,FALSE,4,2429,2430
mol1233,CCCCCCCCCCCCCCC[NH2+]CCCCCCCCCCCCCCC,CCCCCCCCCCCCCCCNCCCCCCCCCCCCCCC,"11,000",15,N,1,0,2,1,SP3,FALSE,FALSE,4,2431,2432
mol1234,CCCCCCCCCCCCCCC[NH3+],CCCCCCCCCCCCCCCN,"10,610",15,N,1,0,3,2,SP3,FALSE,FALSE,4,2433,2434
mol1235,CCCCCCCCCCCCCC[NH+](CC(C)O)CC(C)O,CCCCCCCCCCCCCCN(CC(C)O)CC(C)O,"8,400",14,N,1,0,1,0,SP3,FALSE,FALSE,4,2435,2436
mol1236,CCCCCCCCCCCCCC[NH+](CC(C)O)CC(O)CC,CCCCCCCCCCCCCCN(CC(C)O)CC(O)CC,"6,100",14,N,1,0,1,0,SP3,FALSE,FALSE,4,2438,2437
mol1237,CCCCCCCCCCCCCC[NH+](CCO)CC(C)O,CCCCCCCCCCCCCCN(CCO)CC(C)O,"6,300",14,N,1,0,1,0,SP3,FALSE,FALSE,4,2440,2439
mol1238,CCCCCCCCCCCCCC[NH+](CCO)CC(O)CC,CCCCCCCCCCCCCCN(CCO)CC(O)CC,"6,100",14,N,1,0,1,0,SP3,FALSE,FALSE,4,2442,2441
mol1239,CCCCCCCCCCCCCC[NH3+],CCCCCCCCCCCCCCN,"10,620",14,N,1,0,3,2,SP3,FALSE,FALSE,4,2443,2444
mol1240,CCCCCCCCCCCCCCn1cc(C[NH2+][C@H]2[C@H](O)[C@@H](O)[C@H](O)[C@@H](O)[C@@H]2O)nn1,CCCCCCCCCCCCCCn1cc(CN[C@H]2[C@H](O)[C@@H](O)[C@H](O)[C@@H](O)[C@@H]2O)nn1,"7,700",20,N,1,0,2,1,SP3,FALSE,FALSE,4,2445,2446
mol1241,CCCCCCCCCCCCC[NH2+]CCCCCCCCCCCCC,CCCCCCCCCCCCCNCCCCCCCCCCCCC,"11,000",13,N,1,0,2,1,SP3,FALSE,FALSE,4,2447,2448
mol1242,CCCCCCCCCCCCC[NH3+],CCCCCCCCCCCCCN,"10,630",13,N,1,0,3,2,SP3,FALSE,FALSE,4,2449,2450
mol1243,CCCCCCCCCCCCCc1cccc[nH+]1,CCCCCCCCCCCCCc1ccccn1,"5,600",18,N,1,0,1,0,SP2,TRUE,TRUE,4,2451,2452
mol1244,CCCCCCCCCCCCCc1cc[nH+]cc1,CCCCCCCCCCCCCc1ccncc1,"5,900",16,N,1,0,1,0,SP2,TRUE,TRUE,4,2453,2454
mol1245,CCCCCCCCCCCCN(Cc1nn[nH]n1)c1ccccc1,CCCCCCCCCCCCN(Cc1nn[n-]n1)c1ccccc1,"4,920",16,N,0,-1,1,0,SP2,TRUE,TRUE,3,2455,2456
mol1246,CCCCCCCCCCCC[NH2+]CC(F)(F)F,CCCCCCCCCCCCNCC(F)(F)F,"5,500",12,N,1,0,2,1,SP3,FALSE,FALSE,4,2457,2458
mol1247,CCCCCCCCCCCCNCC(F)F,CCCCCCCCCCCC[N-]CC(F)F,"7,500",12,N,0,-1,1,0,SP3,FALSE,FALSE,3,2459,2460
mol1248,CCCCCCCCCCCC[NH2+]c1ccccc1,CCCCCCCCCCCCNc1ccccc1,"4,120",12,N,1,0,2,1,SP3,FALSE,FALSE,4,2461,2462
mol1249,CCCCCCCCCCCC[NH+](CC(C)O)CC(C)O,CCCCCCCCCCCCN(CC(C)O)CC(C)O,"7,800",12,N,1,0,1,0,SP3,FALSE,FALSE,4,2463,2464
mol1250,CCCCCCCCCCCC[NH+](CC(C)O)CC(O)CC,CCCCCCCCCCCCN(CC(C)O)CC(O)CC,"6,200",12,N,1,0,1,0,SP3,FALSE,FALSE,4,2466,2465
mol1251,CCCCCCCCCCCC[NH+](CCO)CC(C)O,CCCCCCCCCCCCN(CCO)CC(C)O,"6,500",12,N,1,0,1,0,SP3,FALSE,FALSE,4,2468,2467
mol1252,CCCCCCCCCCCC[NH+](CCO)CC(O)CC,CCCCCCCCCCCCN(CCO)CC(O)CC,"6,400",12,N,1,0,1,0,SP3,FALSE,FALSE,4,2470,2469
mol1253,CCCCCCCCCCCC[NH+]1CCOCC1,CCCCCCCCCCCCN1CCOCC1,"7,600",12,N,1,0,1,0,SP3,FALSE,TRUE,4,2471,2472
mol1254,CCCCCCCCCCCC[NH2+]CCCCCCCCCCCC,CCCCCCCCCCCCNCCCCCCCCCCCC,"11,000",12,N,1,0,2,1,SP3,FALSE,FALSE,4,2473,2474
mol1255,CCCCCCCCCCCC[NH3+],CCCCCCCCCCCCN,"10,615",12,N,1,0,3,2,SP3,FALSE,FALSE,4,2475,2476
mol1256,CCCCCCCCCCCCn1cc(C[NH2+][C@H]2[C@H](O)[C@@H](O)[C@H](O)[C@@H](O)[C@@H]2O)nn1,CCCCCCCCCCCCn1cc(CN[C@H]2[C@H](O)[C@@H](O)[C@H](O)[C@@H](O)[C@@H]2O)nn1,"7,100",18,N,1,0,2,1,SP3,FALSE,FALSE,4,2478,2477
mol1257,CCCCCCCCCCC[NH2+]Cc1ccc(C)cc1,CCCCCCCCCCCNCc1ccc(C)cc1,"9,460",11,N,1,0,2,1,SP3,FALSE,FALSE,4,2479,2480
mol1258,CCCCCCCCCCC[NH3+],CCCCCCCCCCCN,"10,630",11,N,1,0,3,2,SP3,FALSE,FALSE,4,2481,2482
mol1259,CCCCCCCCCCCn1cc(CC[NH2+][C@H]2[C@H](O)[C@@H](O)[C@H](O)[C@@H](O)[C@@H]2O)nn1,CCCCCCCCCCCn1cc(CCN[C@H]2[C@H](O)[C@@H](O)[C@H](O)[C@@H](O)[C@@H]2O)nn1,"9,100",18,N,1,0,2,1,SP3,FALSE,FALSE,4,2483,2484
mol1260,CCCCCCCCCCN(Cc1nn[nH]n1)c1ccccc1,CCCCCCCCCCN(Cc1nn[n-]n1)c1ccccc1,"4,870",14,N,0,-1,1,0,SP2,TRUE,TRUE,3,2485,2486
mol1261,CCCCCCCCCC[NH2+]c1ccccc1,CCCCCCCCCCNc1ccccc1,"4,560",10,N,1,0,2,1,SP3,FALSE,FALSE,4,2487,2488
mol1262,CCCCCCCCCCOC(=O)c1ccc(OS(N)(=O)=O)cc1,CCCCCCCCCCOC(=O)c1ccc(OS([NH-])(=O)=O)cc1,"8,090",23,N,0,-1,2,1,SP3,FALSE,FALSE,3,2489,2490
mol1263,CCCCCCCCCC[NH+](CC(C)O)CC(C)O,CCCCCCCCCCN(CC(C)O)CC(C)O,"7,600",10,N,1,0,1,0,SP3,FALSE,FALSE,4,2491,2492
mol1264,CCCCCCCCCC[NH+](CC(C)O)CC(O)CC,CCCCCCCCCCN(CC(C)O)CC(O)CC,"6,700",10,N,1,0,1,0,SP3,FALSE,FALSE,4,2494,2493
mol1265,CCCCCCCCCC[NH+](CC(O)CC)CC(O)CC,CCCCCCCCCCN(CC(O)CC)CC(O)CC,"6,600",10,N,1,0,1,0,SP3,FALSE,FALSE,4,2496,2495
mol1266,CCCCCCCCCC[NH+](CCO)CC(C)O,CCCCCCCCCCN(CCO)CC(C)O,"7,500",10,N,1,0,1,0,SP3,FALSE,FALSE,4,2497,2498
mol1267,CCCCCCCCCC[NH+](CCO)CC(O)CC,CCCCCCCCCCN(CCO)CC(O)CC,"7,200",10,N,1,0,1,0,SP3,FALSE,FALSE,4,2500,2499
mol1268,CCCCCCCCCC[NH2+]Cc1ccc(C)cc1,CCCCCCCCCCNCc1ccc(C)cc1,"9,480",10,N,1,0,2,1,SP3,FALSE,FALSE,4,2501,2502
mol1269,CCCCCCCCCC[NH3+],CCCCCCCCCCN,"10,640",10,N,1,0,3,2,SP3,FALSE,FALSE,4,2503,2504
mol1270,CCCCCCCCCCc1c(-c2ccccc2)[nH][nH]c1=O,CCCCCCCCCCc1c(-c2ccccc2)[n-][nH]c1=O,"11,000",12,N,0,-1,1,0,SP2,TRUE,TRUE,3,2505,2506
mol1271,CCCCCCCCCCC1=C(c2ccccc2)[NH2+]N(c2ccccc2)C1=O,CCCCCCCCCCc1c(-c2ccccc2)[nH]n(-c2ccccc2)c1=O,"6,700",12,N,1,0,2,1,SP3,FALSE,TRUE,4,2507,2508
mol1272,CCCCCCCCCCn1cc(CCC[NH2+][C@H]2[C@H](O)[C@@H](O)[C@H](O)[C@@H](O)[C@@H]2O)nn1,CCCCCCCCCCn1cc(CCCN[C@H]2[C@H](O)[C@@H](O)[C@H](O)[C@@H](O)[C@@H]2O)nn1,"9,900",18,N,1,0,2,1,SP3,FALSE,FALSE,4,2509,2510
mol1273,CCCCCCCCCCn1cc(C[NH2+][C@H]2[C@H](O)[C@@H](O)[C@H](O)[C@@H](O)[C@@H]2O)nn1,CCCCCCCCCCn1cc(CN[C@H]2[C@H](O)[C@@H](O)[C@H](O)[C@@H](O)[C@@H]2O)nn1,"7,100",16,N,1,0,2,1,SP3,FALSE,FALSE,4,2512,2511
mol1274,CCCCCCCCCOC(=O)c1ccc(OS(N)(=O)=O)cc1,CCCCCCCCCOC(=O)c1ccc(OS([NH-])(=O)=O)cc1,"8,390",22,N,0,-1,2,1,SP3,FALSE,FALSE,3,2513,2514
mol1275,CCCCCCCCC[NH2+]Cc1ccc(C)cc1,CCCCCCCCCNCc1ccc(C)cc1,"9,480",9,N,1,0,2,1,SP3,FALSE,FALSE,4,2515,2516
mol1276,CCCCCCCCCc1c(-c2ccccc2)[nH][nH]c1=O,CCCCCCCCCc1c(-c2ccccc2)[n-][nH]c1=O,"10,600",11,N,0,-1,1,0,SP2,TRUE,TRUE,3,2517,2518
mol1277,CCCCCCCCCC1=C(c2ccccc2)[NH2+]N(c2ccccc2)C1=O,CCCCCCCCCc1c(-c2ccccc2)[nH]n(-c2ccccc2)c1=O,"7,200",11,N,1,0,2,1,SP3,FALSE,TRUE,4,2519,2520
mol1278,CCCCCCCCCn1cc(CC[NH2+][C@H]2[C@H](O)[C@@H](O)[C@H](O)[C@@H](O)[C@@H]2O)nn1,CCCCCCCCCn1cc(CCN[C@H]2[C@H](O)[C@@H](O)[C@H](O)[C@@H](O)[C@@H]2O)nn1,"9,100",16,N,1,0,2,1,SP3,FALSE,FALSE,4,2521,2522
mol1279,CCCCCCCCCn1cc(C[NH2+][C@H]2[C@H](O)[C@@H](O)[C@H](O)[C@@H](O)[C@@H]2O)nn1,CCCCCCCCCn1cc(CN[C@H]2[C@H](O)[C@@H](O)[C@H](O)[C@@H](O)[C@@H]2O)nn1,"7,100",15,N,1,0,2,1,SP3,FALSE,FALSE,4,2524,2523
mol1280,CCCCCCCCCn1cc[nH+]c1,CCCCCCCCCn1ccnc1,"6,600",12,N,1,0,1,0,SP2,TRUE,TRUE,4,2525,2526
mol1281,CCCCCCCCN(Cc1nn[nH]n1)c1ccccc1,CCCCCCCCN(Cc1nn[n-]n1)c1ccccc1,"4,830",12,N,0,-1,1,0,SP2,TRUE,TRUE,3,2527,2528
mol1282,CCCCCCCC[NH2+]CC(F)(F)F,CCCCCCCCNCC(F)(F)F,"5,900",8,N,1,0,2,1,SP3,FALSE,FALSE,4,2529,2530
mol1283,CCCCCCCCOC(=O)c1ccc(OS(N)(=O)=O)cc1,CCCCCCCCOC(=O)c1ccc(OS([NH-])(=O)=O)cc1,"8,090",21,N,0,-1,2,1,SP3,FALSE,FALSE,3,2531,2532
mol1284,CCCCCCCCOCC[NH+](C)C,CCCCCCCCOCCN(C)C,"8,870",11,N,1,0,1,0,SP3,FALSE,FALSE,4,2533,2534
mol1285,CCCCCCCC[NH+](CC(C)O)CC(C)O,CCCCCCCCN(CC(C)O)CC(C)O,"8,300",8,N,1,0,1,0,SP3,FALSE,FALSE,4,2535,2536
mol1286,CCCCCCCC[NH+](CC(C)O)CC(O)CC,CCCCCCCCN(CC(C)O)CC(O)CC,"8,100",8,N,1,0,1,0,SP3,FALSE,FALSE,4,2537,2538
mol1287,CCCCCCCC[NH+](CC(O)CC)CC(O)CC,CCCCCCCCN(CC(O)CC)CC(O)CC,"7,500",8,N,1,0,1,0,SP3,FALSE,FALSE,4,2539,2540
mol1288,CCCCCCCC[NH+](CCO)CC(C)O,CCCCCCCCN(CCO)CC(C)O,"8,200",8,N,1,0,1,0,SP3,FALSE,FALSE,4,2541,2542
mol1289,CCCCCCCC[NH+](CCO)CC(O)CC,CCCCCCCCN(CCO)CC(O)CC,"8,300",8,N,1,0,1,0,SP3,FALSE,FALSE,4,2543,2544
mol1290,CCCCCCCC[NH+]1CCCCC1,CCCCCCCCN1CCCCC1,"8,280",8,N,1,0,1,0,SP3,FALSE,TRUE,4,2545,2546
mol1291,CCCCCCCC[NH2+]Cc1ccc(C)cc1,CCCCCCCCNCc1ccc(C)cc1,"9,470",8,N,1,0,2,1,SP3,FALSE,FALSE,4,2547,2548
mol1292,CCCCCCCC[NH3+],CCCCCCCCN,"10,760",8,N,1,0,3,2,SP3,FALSE,FALSE,4,2549,2550
mol1293,CCCCCCCCc1c(-c2ccccc2)[nH][nH]c1=O,CCCCCCCCc1c(-c2ccccc2)[n-][nH]c1=O,"10,200",10,N,0,-1,1,0,SP2,TRUE,TRUE,3,2551,2552
mol1294,CCCCCCCCc1c(-c2ccccc2)[nH]n(-c2ccccc2)c1=O,CCCCCCCCc1c(-c2ccccc2)[n-]n(-c2ccccc2)c1=O,"7,500",10,N,0,-1,1,0,SP2,TRUE,TRUE,3,2553,2554
mol1295,CCCCCCCCn1cc(CCC[NH2+][C@H]2[C@H](O)[C@@H](O)[C@H](O)[C@@H](O)[C@@H]2O)nn1,CCCCCCCCn1cc(CCCN[C@H]2[C@H](O)[C@@H](O)[C@H](O)[C@@H](O)[C@@H]2O)nn1,"9,400",16,N,1,0,2,1,SP3,FALSE,FALSE,4,2555,2556
mol1296,CCCCCCCCn1cc(CC[NH2+][C@H]2[C@H](O)[C@@H](O)[C@H](O)[C@@H](O)[C@@H]2O)nn1,CCCCCCCCn1cc(CCN[C@H]2[C@H](O)[C@@H](O)[C@H](O)[C@@H](O)[C@@H]2O)nn1,"9,100",15,N,1,0,2,1,SP3,FALSE,FALSE,4,2557,2558
mol1297,CCCCCCCCn1cc(C[NH2+][C@H]2[C@H](O)[C@@H](O)[C@H](O)[C@@H](O)[C@@H]2O)nn1,CCCCCCCCn1cc(CN[C@H]2[C@H](O)[C@@H](O)[C@H](O)[C@@H](O)[C@@H]2O)nn1,"7,700",14,N,1,0,2,1,SP3,FALSE,FALSE,4,2559,2560
mol1298,CCCCCCC[NH+](CCCCCCC)c1ccccc1,CCCCCCCN(CCCCCCC)c1ccccc1,"3,330",7,N,1,0,1,0,SP3,FALSE,FALSE,4,2561,2562
mol1299,CCCCCCCNc1c2ccc(Cl)cc2[nH+]c2ccc(OC)cc12,CCCCCCCNc1c2ccc(Cl)cc2nc2ccc(OC)cc12,"7,500",15,N,1,0,1,0,SP2,TRUE,TRUE,4,2563,2564
mol1300,CCCCCCC[NH2+]c1ccccc1,CCCCCCCNc1ccccc1,"5,090",7,N,1,0,2,1,SP3,FALSE,FALSE,4,2565,2566
mol1301,CCCCCCCOC(=O)c1ccc(OS(N)(=O)=O)cc1,CCCCCCCOC(=O)c1ccc(OS([NH-])(=O)=O)cc1,"8,270",20,N,0,-1,2,1,SP3,FALSE,FALSE,3,2567,2568
mol1302,CCCCCCC[NH2+]Cc1ccc(C)cc1,CCCCCCCNCc1ccc(C)cc1,"10,020",7,N,1,0,2,1,SP3,FALSE,FALSE,4,2569,2570
mol1303,CCCCCCC[NH3+],CCCCCCCN,"10,340",7,N,1,0,3,2,SP3,FALSE,FALSE,4,2571,2572
mol1304,CCCCCCCc1c(-c2ccccc2)[nH][nH]c1=O,CCCCCCCc1c(-c2ccccc2)[n-][nH]c1=O,"9,200",9,N,0,-1,1,0,SP2,TRUE,TRUE,3,2573,2574
mol1305,CCCCCCCc1c(-c2ccccc2)[nH]n(-c2ccccc2)c1=O,CCCCCCCc1c(-c2ccccc2)[n-]n(-c2ccccc2)c1=O,"8,000",9,N,0,-1,1,0,SP2,TRUE,TRUE,3,2575,2576
mol1306,CCCCCC[NH+](CCCCCC)c1ccccc1,CCCCCCN(CCCCCC)c1ccccc1,"4,890",6,N,1,0,1,0,SP3,FALSE,FALSE,4,2577,2578
mol1307,CCCCCCN(Cc1nn[nH]n1)c1ccccc1,CCCCCCN(Cc1nn[n-]n1)c1ccccc1,"4,780",10,N,0,-1,1,0,SP2,TRUE,TRUE,3,2579,2580
mol1308,CCCCCC[NH2+]c1ccccc1,CCCCCCNc1ccccc1,"5,210",6,N,1,0,2,1,SP3,FALSE,FALSE,4,2581,2582
mol1309,CCCCCCOC(=O)c1ccc(OS(N)(=O)=O)cc1,CCCCCCOC(=O)c1ccc(OS([NH-])(=O)=O)cc1,"8,520",19,N,0,-1,2,1,SP3,FALSE,FALSE,3,2583,2584
mol1310,CCCCCCOc1ccc(-c2ccc(-c3ccccc3Cl)n2Cc2cccc(N)[nH+]2)cc1,CCCCCCOc1ccc(-c2ccc(-c3ccccc3Cl)n2Cc2cccc(N)n2)cc1,"6,860",24,N,1,0,1,0,SP2,TRUE,TRUE,4,2585,2586
mol1311,CCCCCC[NH+](CC(C)O)CC(C)O,CCCCCCN(CC(C)O)CC(C)O,"8,500",6,N,1,0,1,0,SP3,FALSE,FALSE,4,2587,2588
mol1312,CCCCCC[NH+](CC(C)O)CC(O)CC,CCCCCCN(CC(C)O)CC(O)CC,"8,900",6,N,1,0,1,0,SP3,FALSE,FALSE,4,2589,2590
mol1313,CCCCCC[NH+](CC(O)CC)CC(O)CC,CCCCCCN(CC(O)CC)CC(O)CC,"8,600",6,N,1,0,1,0,SP3,FALSE,FALSE,4,2591,2592
mol1314,CCCCCC[NH+](CCO)CC(C)O,CCCCCCN(CCO)CC(C)O,"9,000",6,N,1,0,1,0,SP3,FALSE,FALSE,4,2593,2594
mol1315,CCCCCC[NH+](CCO)CC(O)CC,CCCCCCN(CCO)CC(O)CC,"9,100",6,N,1,0,1,0,SP3,FALSE,FALSE,4,2595,2596
mol1316,CCCCCC[NH2+]CCCCCC,CCCCCCNCCCCCC,"11,010",6,N,1,0,2,1,SP3,FALSE,FALSE,4,2597,2598
mol1317,CCCCCC[NH2+]Cc1ccc(C)cc1,CCCCCCNCc1ccc(C)cc1,"10,170",6,N,1,0,2,1,SP3,FALSE,FALSE,4,2599,2600
mol1318,CCCCCC[NH3+],CCCCCCN,"10,680",6,N,1,0,3,2,SP3,FALSE,FALSE,4,2601,2602
mol1319,CCCCCCc1c(-c2ccccc2)[nH][nH]c1=O,CCCCCCc1c(-c2ccccc2)[n-][nH]c1=O,"8,600",8,N,0,-1,1,0,SP2,TRUE,TRUE,3,2603,2604
mol1320,CCCCCCC1=C(c2ccccc2)[NH2+]N(c2ccccc2)C1=O,CCCCCCc1c(-c2ccccc2)[nH]n(-c2ccccc2)c1=O,"7,400",8,N,1,0,2,1,SP3,FALSE,TRUE,4,2605,2606
mol1321,CCCCCCn1cc(CCC[NH2+][C@H]2[C@H](O)[C@@H](O)[C@H](O)[C@@H](O)[C@@H]2O)nn1,CCCCCCn1cc(CCCN[C@H]2[C@H](O)[C@@H](O)[C@H](O)[C@@H](O)[C@@H]2O)nn1,"10,400",14,N,1,0,2,1,SP3,FALSE,FALSE,4,2607,2608
mol1322,CCCCCCn1cc[nH+]c1,CCCCCCn1ccnc1,"7,200",9,N,1,0,1,0,SP2,TRUE,TRUE,4,2609,2610
mol1323,CCCCCN(C1=[NH+]CCN1)c1c(Br)cccc1Br,CCCCCN(C1=NCCN1)c1c(Br)cccc1Br,"11,000",15,N,1,0,1,0,SP2,FALSE,TRUE,4,2611,2612
mol1324,CCCCCNC(=O)[NH2+]S(=O)(=O)c1cc(Cl)ccc1OC,CCCCCNC(=O)NS(=O)(=O)c1cc(Cl)ccc1OC,"5,460",8,N,1,0,2,1,SP3,FALSE,FALSE,4,2613,2614
mol1325,CCCCCNC1=[NH+]CCN1OCCCc1ccccc1,CCCCCNC1=NCCN1OCCCc1ccccc1,"10,000",7,N,1,0,1,0,SP2,FALSE,TRUE,4,2615,2616
mol1326,CCCCCNC1=[NH+]CCN1OCCc1ccccc1,CCCCCNC1=NCCN1OCCc1ccccc1,"9,900",7,N,1,0,1,0,SP2,FALSE,TRUE,4,2617,2618
mol1327,CCCCCNC1=[NH+]CCN1OCc1ccccc1,CCCCCNC1=NCCN1OCc1ccccc1,"10,100",7,N,1,0,1,0,SP2,FALSE,TRUE,4,2619,2620
mol1328,CCCCC[NH2+]N,CCCCCNN,"6,250",5,N,1,0,2,1,SP3,FALSE,FALSE,4,2621,2622
mol1329,CCCCC[NH2+]c1ccccc1,CCCCCNc1ccccc1,"5,200",5,N,1,0,2,1,SP3,FALSE,FALSE,4,2623,2624
mol1330,CCCCCNc1[nH+]c2ccccc2n1CCc1ccccc1,CCCCCNc1nc2ccccc2n1CCc1ccccc1,"7,400",7,N,1,0,1,0,SP2,TRUE,TRUE,4,2625,2626
mol1331,CCCCCOC(=O)c1ccc(OS(N)(=O)=O)cc1,CCCCCOC(=O)c1ccc(OS([NH-])(=O)=O)cc1,"8,470",18,N,0,-1,2,1,SP3,FALSE,FALSE,3,2627,2628
mol1332,CCCCCOc1ccc(-c2ccc(-c3ccccc3Cl)n2Cc2cccc(N)[nH+]2)cc1,CCCCCOc1ccc(-c2ccc(-c3ccccc3Cl)n2Cc2cccc(N)n2)cc1,"6,860",23,N,1,0,1,0,SP2,TRUE,TRUE,4,2629,2630
mol1333,CCCCCOc1ccc(C(=O)O)cc1,CCCCCOc1ccc(C(=O)[O-])cc1,"4,490",14,O,0,-1,1,0,SP2,FALSE,FALSE,2,2631,2632
mol1334,CCCCCOc1ccc(O)cc1,CCCCCOc1ccc([O-])cc1,"10,230",12,O,0,-1,1,0,SP2,FALSE,FALSE,2,2633,2634
mol1335,CCCCCSC(=N)c1ccccc1,CCCCCSC(=[N-])c1ccccc1,"8,500",7,N,0,-1,1,0,SP2,FALSE,FALSE,3,2635,2636
mol1336,CCCCCSC1=[NH+]CCN1OCc1ccccc1,CCCCCSC1=NCCN1OCc1ccccc1,"8,500",7,N,1,0,1,0,SP2,FALSE,TRUE,4,2637,2638
mol1337,CCCCC[C@H](C)[NH3+],CCCCC[C@H](C)N,"10,800",7,N,1,0,3,2,SP3,FALSE,FALSE,4,2639,2640
mol1338,CCCCC[NH+](CC(C)O)CC(C)O,CCCCCN(CC(C)O)CC(C)O,"9,000",5,N,1,0,1,0,SP3,FALSE,FALSE,4,2641,2642
mol1339,CCCCC[NH+](CC(C)O)CC(O)CC,CCCCCN(CC(C)O)CC(O)CC,"9,100",5,N,1,0,1,0,SP3,FALSE,FALSE,4,2643,2644
mol1340,CCCCC[NH+](CC(O)CC)CC(O)CC,CCCCCN(CC(O)CC)CC(O)CC,"9,200",5,N,1,0,1,0,SP3,FALSE,FALSE,4,2645,2646
mol1341,CCCCC[NH+](CCO)CC(C)O,CCCCCN(CCO)CC(C)O,"8,900",5,N,1,0,1,0,SP3,FALSE,FALSE,4,2647,2648
mol1342,CCCCC[NH+](CCO)CC(O)CC,CCCCCN(CCO)CC(O)CC,"9,100",5,N,1,0,1,0,SP3,FALSE,FALSE,4,2649,2650
mol1343,CCCCC[NH2+]CCCCC,CCCCCNCCCCC,"11,180",5,N,1,0,2,1,SP3,FALSE,FALSE,4,2651,2652
mol1344,CCCCC[NH2+]Cc1ccc(C)cc1,CCCCCNCc1ccc(C)cc1,"10,080",5,N,1,0,2,1,SP3,FALSE,FALSE,4,2653,2654
mol1345,CCCCC[NH3+],CCCCCN,"10,650",5,N,1,0,3,2,SP3,FALSE,FALSE,4,2655,2656
mol1346,CCCCCc1c(-c2ccccc2)[nH][nH]c1=O,CCCCCc1c(-c2ccccc2)[n-][nH]c1=O,"8,400",7,N,0,-1,1,0,SP2,TRUE,TRUE,3,2657,2658
mol1347,CCCCCC1=C(c2ccccc2)[NH2+]N(c2ccccc2)C1=O,CCCCCc1c(-c2ccccc2)[nH]n(-c2ccccc2)c1=O,"7,300",7,N,1,0,2,1,SP3,FALSE,TRUE,4,2659,2660
mol1348,CCCCCc1cccn[nH+]1,CCCCCc1cccnn1,"3,700",10,N,1,0,1,0,SP2,TRUE,TRUE,4,2661,2662
mol1349,CCCCCn1cc(C(=O)c2cccc3ccccc23)c2cc[nH+]cc21,CCCCCn1cc(C(=O)c2cccc3ccccc23)c2ccncc21,"5,830",11,N,1,0,1,0,SP2,TRUE,TRUE,4,2663,2664
mol1350,CCCCCn1cc(C(=O)c2cccc3ccccc23)c2c[nH+]ccc21,CCCCCn1cc(C(=O)c2cccc3ccccc23)c2cnccc21,"6,490",12,N,1,0,1,0,SP2,TRUE,TRUE,4,2665,2666
mol1351,CCCCCn1cc[nH+]c1,CCCCCn1ccnc1,"7,120",8,N,1,0,1,0,SP2,TRUE,TRUE,4,2667,2668
mol1352,CCCCN(C)[NH+](C)CCCC,CCCCN(C)N(C)CCCC,"7,160",6,N,1,0,1,0,SP3,FALSE,FALSE,4,2669,2670
mol1353,CCCCN(C1=[NH+]CCN1)c1c(Br)cccc1Br,CCCCN(C1=NCCN1)c1c(Br)cccc1Br,"10,970",14,N,1,0,1,0,SP2,FALSE,TRUE,4,2671,2672
mol1354,CCCC[NH+](CCCC)c1ccccc1,CCCCN(CCCC)c1ccccc1,"6,410",4,N,1,0,1,0,SP3,FALSE,FALSE,4,2673,2674
mol1355,CCCCN(CCCC)c1[nH+]nc(-c2ccccc2)cc1C,CCCCN(CCCC)c1nnc(-c2ccccc2)cc1C,"4,880",14,N,1,0,1,0,SP2,TRUE,TRUE,4,2675,2676
mol1357,CCCCNC(=O)NO,CCCCNC(=O)N[O-],"11,000",8,O,0,-1,1,0,SP3,FALSE,FALSE,2,2677,2678
mol1358,CCCCNC(=O)[NH2+]S(=O)(=O)c1ccc(C)cc1,CCCCNC(=O)NS(=O)(=O)c1ccc(C)cc1,"5,275",7,N,1,0,2,1,SP3,FALSE,FALSE,4,2679,2680
mol1359,CCCCNC(=O)[C@H](C)C[C@H](O)[C@@H]([NH3+])C[C@H](Cc1ccc(OC)c(OCCCOC)c1)C(C)C,CCCCNC(=O)[C@H](C)C[C@H](O)[C@@H](N)C[C@H](Cc1ccc(OC)c(OCCCOC)c1)C(C)C,"9,130",32,N,1,0,3,2,SP3,FALSE,FALSE,4,2681,2682
mol1360,CCCCNC(=O)c1ccc(-c2ccc(-c3ccccc3)n2Cc2cccc(N)[nH+]2)cc1,CCCCNC(=O)c1ccc(-c2ccc(-c3ccccc3)n2Cc2cccc(N)n2)cc1,"6,860",24,N,1,0,1,0,SP2,TRUE,TRUE,4,2683,2684
mol1361,CCCCNCCC#N,CCCC[N-]CCC#N,"8,300",4,N,0,-1,1,0,SP3,FALSE,FALSE,3,2685,2686
mol1362,CCCCNN,CCCC[N-]N,"7,820",4,N,0,-1,1,0,SP3,FALSE,FALSE,3,2687,2688
mol1363,CCCCNc1c(N(C)CCC[NH+](C)C)c(=O)c1=O,CCCCNc1c(N(C)CCCN(C)C)c(=O)c1=O,"8,800",16,N,1,0,1,0,SP3,FALSE,FALSE,4,2689,2690
mol1364,CCCC[NH2+]c1ccccc1,CCCCNc1ccccc1,"5,110",4,N,1,0,2,1,SP3,FALSE,FALSE,4,2691,2692
mol1365,CCCCNc1[nH+]cnc2c1cnn2C,CCCCNc1ncnc2c1cnn2C,"4,220",13,N,1,0,1,0,SP2,TRUE,TRUE,4,2693,2694
mol1366,CCCCNc1[nH+]nc(-c2ccccc2)cc1C,CCCCNc1nnc(-c2ccccc2)cc1C,"6,100",10,N,1,0,1,0,SP2,TRUE,TRUE,4,2695,2696
mol1367,CCCCOC(=[NH2+])c1ccccc1,CCCCOC(=N)c1ccccc1,"6,090",6,N,1,0,2,1,SP2,FALSE,FALSE,4,2697,2698
mol1368,CCCCOC(=O)[C@@H]([NH3+])CCC(=O)NCCSC(C)=O,CCCCOC(=O)[C@@H](N)CCC(=O)NCCSC(C)=O,"8,690",19,N,1,0,3,2,SP3,FALSE,FALSE,4,2699,2700
mol1369,CCCCOC(=O)c1ccc([NH3+])cc1,CCCCOC(=O)c1ccc(N)cc1,"2,470",13,N,1,0,3,2,SP3,FALSE,FALSE,4,2701,2702
mol1370,CCCCOC(=O)c1ccc(O)cc1,CCCCOC(=O)c1ccc([O-])cc1,"8,340",13,O,0,-1,1,0,SP2,FALSE,FALSE,2,2703,2704
mol1371,CCCCOC(=O)c1ccc(OS(N)(=O)=O)cc1,CCCCOC(=O)c1ccc(OS([NH-])(=O)=O)cc1,"8,070",17,N,0,-1,2,1,SP3,FALSE,FALSE,3,2705,2706
mol1373,CCCCOc1cc(C(=O)NCC[NH+](CC)CC)c2ccccc2n1,CCCCOc1cc(C(=O)NCCN(CC)CC)c2ccccc2n1,"8,850",20,N,1,0,1,0,SP3,FALSE,FALSE,4,2707,2708
mol1374,CCCCOc1ccc(-c2ccc(-c3ccccc3Cl)n2Cc2cccc(N)[nH+]2)cc1,CCCCOc1ccc(-c2ccc(-c3ccccc3Cl)n2Cc2cccc(N)n2)cc1,"6,860",22,N,1,0,1,0,SP2,TRUE,TRUE,4,2709,2710
mol1375,CCCCOc1ccc(C(=O)O)cc1,CCCCOc1ccc(C(=O)[O-])cc1,"4,480",13,O,0,-1,1,0,SP2,FALSE,FALSE,2,2711,2712
mol1376,CCCCOc1ccc(O)cc1,CCCCOc1ccc([O-])cc1,"10,230",11,O,0,-1,1,0,SP2,FALSE,FALSE,2,2713,2714
mol1377,CCCCOc1ccc(OCCC[NH+]2CCOCC2)cc1,CCCCOc1ccc(OCCCN2CCOCC2)cc1,"6,240",15,N,1,0,1,0,SP3,FALSE,TRUE,4,2716,2715
mol1378,CCCCOc1cccc(C(=O)O)c1,CCCCOc1cccc(C(=O)[O-])c1,"4,250",13,O,0,-1,1,0,SP2,FALSE,FALSE,2,2717,2718
mol1379,CCCCOc1noc2c1C[NH2+]CC2,CCCCOc1noc2c1CNCC2,"7,600",12,N,1,0,2,1,SP3,FALSE,TRUE,4,2719,2720
mol1380,CCCCS,CCCC[S-],"10,780",4,S,0,-1,1,0,SP3,FALSE,FALSE,2,2721,2722
mol1381,CCCCS(=O)O,CCCCS(=O)[O-],"2,200",6,O,0,-1,1,0,SP3,FALSE,FALSE,2,2723,2724
mol1382,CCCCSC(=N)c1ccccc1,CCCCSC(=[N-])c1ccccc1,"8,210",6,N,0,-1,1,0,SP2,FALSE,FALSE,3,2725,2726
mol1383,CCCCSC1=[NH+]CCN1,CCCCSC1=NCCN1,"9,000",6,N,1,0,1,0,SP2,FALSE,TRUE,4,2727,2728
mol1384,CCCCSCC(=O)O,CCCCSCC(=O)[O-],"3,810",8,O,0,-1,1,0,SP2,FALSE,FALSE,2,2729,2730
mol1385,CCCCSCC[NH+](CC)CC,CCCCSCCN(CC)CC,"8,430",7,N,1,0,1,0,SP3,FALSE,FALSE,4,2731,2732
mol1386,CCCCSCC[NH3+],CCCCSCCN,"8,370",7,N,1,0,3,2,SP3,FALSE,FALSE,4,2733,2734
mol1387,CCCC[As](=O)(O)CCCC,CCCC[As](=O)([O-])CCCC,"6,650",10,O,0,-1,1,0,SP3,FALSE,FALSE,2,2735,2736
mol1388,CCCC[C@@]1(C2CCCC2)Cc2cc(OCC(=O)O)c(Cl)c(Cl)c2C1=O,CCCC[C@@]1(C2CCCC2)Cc2cc(OCC(=O)[O-])c(Cl)c(Cl)c2C1=O,"3,900",20,O,0,-1,1,0,SP2,FALSE,FALSE,2,2737,2738
mol1389,CCCC[C@@]1(C2CCCC2)Cc2cc(OCCCC(=O)O)c(Cl)c(Cl)c2C1=O,CCCC[C@@]1(C2CCCC2)Cc2cc(OCCCC(=O)[O-])c(Cl)c(Cl)c2C1=O,"4,400",22,O,0,-1,1,0,SP2,FALSE,FALSE,2,2739,2740
mol1390,CCCC[C@]1(C2CCCC2)Cc2cc(OCC(=O)O)c(Cl)c(Cl)c2C1=O,CCCC[C@]1(C2CCCC2)Cc2cc(OCC(=O)[O-])c(Cl)c(Cl)c2C1=O,"3,900",20,O,0,-1,1,0,SP2,FALSE,FALSE,2,2741,2742
mol1391,CCCC[C@]1(C2CCCC2)Cc2cc(OCCCC(=O)O)c(Cl)c(Cl)c2C1=O,CCCC[C@]1(C2CCCC2)Cc2cc(OCCCC(=O)[O-])c(Cl)c(Cl)c2C1=O,"4,400",22,O,0,-1,1,0,SP2,FALSE,FALSE,2,2743,2744
mol1392,CCCC[NH+](C)C,CCCCN(C)C,"10,030",4,N,1,0,1,0,SP3,FALSE,FALSE,4,2745,2746
mol1393,CCCC[NH+](CC(C)O)CC(C)O,CCCCN(CC(C)O)CC(C)O,"9,300",4,N,1,0,1,0,SP3,FALSE,FALSE,4,2747,2748
mol1394,CCCC[NH+](CC1CO1)CC1CO1,CCCCN(CC1CO1)CC1CO1,"6,910",4,N,1,0,1,0,SP3,FALSE,FALSE,4,2750,2749
mol1395,CCCC[NH+](CCCC)CCCC,CCCCN(CCCC)CCCC,"10,800",4,N,1,0,1,0,SP3,FALSE,FALSE,4,2751,2752
mol1396,CCCC[NH+](CCCl)CCCl,CCCCN(CCCl)CCCl,"6,630",4,N,1,0,1,0,SP3,FALSE,FALSE,4,2754,2753
mol1397,CCCC[NH+]1CCCC1,CCCCN1CCCC1,"10,360",4,N,1,0,1,0,SP3,FALSE,TRUE,4,2755,2756
mol1398,CCCC[NH+]1CCCC1C,CCCCN1CCCC1C,"10,650",4,N,1,0,1,0,SP3,FALSE,TRUE,4,2757,2758
mol1399,CCCC[NH+]1CCCCC1,CCCCN1CCCCC1,"10,470",4,N,1,0,1,0,SP3,FALSE,TRUE,4,2759,2760
mol1400,CCCC[NH+]1CCCCC1C,CCCCN1CCCCC1C,"10,700",4,N,1,0,1,0,SP3,FALSE,TRUE,4,2761,2762
mol1401,CCCC[NH+]1CCCCC1C(=O)Nc1c(C)cccc1C,CCCCN1CCCCC1C(=O)Nc1c(C)cccc1C,"7,715",4,N,1,0,1,0,SP3,FALSE,TRUE,4,2763,2764
mol1402,CCCC[NH+]=C(N)[NH+]=C(N)Nc1ccc(Cl)cc1,CCCCN=C(N)[NH+]=C(N)Nc1ccc(Cl)cc1,"10,780",4,N,1,0,1,0,SP2,FALSE,FALSE,4,2765,2766
mol1403,CCCC[NH+]=C1Nc2ccccc2C(C)N1,CCCCN=C1Nc2ccccc2C(C)N1,"10,700",4,N,1,0,1,0,SP2,FALSE,FALSE,4,2767,2768
mol1404,CCCC[NH2+]C,CCCCNC,"10,800",4,N,1,0,2,1,SP3,FALSE,FALSE,4,2769,2770
mol1405,CCCC[NH2+]CC(=O)Nc1c(C)cccc1C,CCCCNCC(=O)Nc1c(C)cccc1C,"8,040",4,N,1,0,2,1,SP3,FALSE,FALSE,4,2771,2772
mol1406,CCCC[NH2+]CCCC,CCCCNCCCC,"11,290",4,N,1,0,2,1,SP3,FALSE,FALSE,4,2773,2774
mol1407,CCCC[NH2+]Cc1ccc(C)cc1,CCCCNCc1ccc(C)cc1,"9,980",4,N,1,0,2,1,SP3,FALSE,FALSE,4,2775,2776
mol1408,CCCC[NH2+]Cc1ccccc1,CCCCNCc1ccccc1,"9,460",4,N,1,0,2,1,SP3,FALSE,FALSE,4,2777,2778
mol1409,CCCC[NH3+],CCCCN,"10,723",4,N,1,0,3,2,SP3,FALSE,FALSE,4,2779,2780
mol1410,CCCC[P+](CCCC)(CCCC)C1c2ccccc2-c2ccccc21,CCCC[P+](CCCC)(CCCC)[c-]1c2ccccc2c2ccccc21,"10,530",13,C,0,-1,1,0,SP3,FALSE,TRUE,4,2781,2782
mol1411,CCCCc1c(-c2ccccc2)[nH][nH]c1=O,CCCCc1c(-c2ccccc2)[n-][nH]c1=O,"8,200",6,N,0,-1,1,0,SP2,TRUE,TRUE,3,2783,2784
mol1412,CCCCC1=C(c2ccccc2)[NH2+]N(c2ccccc2)C1=O,CCCCc1c(-c2ccccc2)[nH]n(-c2ccccc2)c1=O,"7,200",6,N,1,0,2,1,SP3,FALSE,TRUE,4,2785,2786
mol1413,CCCCc1c(C)nc(NCC)[nH]c1=O,CCCCc1c(C)nc(NCC)[n-]c1=O,"8,040",8,N,0,-1,1,0,SP2,TRUE,TRUE,3,2787,2788
mol1414,CCCCc1c(O)n(-c2ccccc2)n(-c2ccccc2)c1=O,CCCCc1c([O-])n(-c2ccccc2)n(-c2ccccc2)c1=O,"4,500",22,O,0,-1,1,0,SP2,FALSE,FALSE,2,2789,2790
mol1415,CCCCc1cc(Cl)cc(Cl)c1O,CCCCc1cc(Cl)cc(Cl)c1[O-],"8,100",10,O,0,-1,1,0,SP2,FALSE,FALSE,2,2791,2792
mol1416,CCCCc1ccc(C(=O)O)nc1,CCCCc1ccc(C(=O)[O-])nc1,"5,700",12,O,0,-1,1,0,SP2,FALSE,FALSE,2,2793,2794
mol1417,CCCCc1ccccc1[NH3+],CCCCc1ccccc1N,"4,260",10,N,1,0,3,2,SP3,FALSE,FALSE,4,2795,2796
mol1418,CCCCc1cccn[nH+]1,CCCCc1cccnn1,"3,490",9,N,1,0,1,0,SP2,TRUE,TRUE,4,2797,2798
mol1419,CCCCc1[nH+]c(Cl)c(CC(=O)OC)n1Cc1ccc(NC(=O)c2ccc(Cl)cc2)cc1,CCCCc1nc(Cl)c(CC(=O)OC)n1Cc1ccc(NC(=O)c2ccc(Cl)cc2)cc1,"4,500",5,N,1,0,1,0,SP2,TRUE,TRUE,4,2799,2800
mol1420,CCCCc1nc(N)c2ncsc2[nH+]1,CCCCc1nc(N)c2ncsc2n1,"3,490",9,N,1,0,1,0,SP2,TRUE,TRUE,4,2801,2802
mol1421,CCCCn1cc(C[NH2+][C@H]2[C@H](O)[C@@H](O)[C@H](O)[C@@H](O)[C@@H]2O)nn1,CCCCn1cc(CN[C@H]2[C@H](O)[C@@H](O)[C@H](O)[C@@H](O)[C@@H]2O)nn1,"7,200",10,N,1,0,2,1,SP3,FALSE,FALSE,4,2804,2803
mol1422,CCCCn1cc[nH+]c1,CCCCn1ccnc1,"7,140",7,N,1,0,1,0,SP2,TRUE,TRUE,4,2805,2806
mol1423,CCCCn1c[nH+]c2ccccc21,CCCCn1cnc2ccccc21,"5,310",6,N,1,0,1,0,SP2,TRUE,TRUE,4,2807,2808
mol1424,CCCN(C)[NH3+],CCCN(C)N,"7,350",5,N,1,0,3,2,SP3,FALSE,FALSE,4,2809,2810
mol1425,CCCN(C)[NH+](C)CCC,CCCN(C)N(C)CCC,"7,050",5,N,1,0,1,0,SP3,FALSE,FALSE,4,2811,2812
mol1426,CCC[NH+](C)c1ccccc1,CCCN(C)c1ccccc1,"5,670",3,N,1,0,1,0,SP3,FALSE,FALSE,4,2813,2814
mol1427,CCCN(C1=[NH+]CCN1)c1c(Br)cccc1Br,CCCN(C1=NCCN1)c1c(Br)cccc1Br,"11,000",13,N,1,0,1,0,SP2,FALSE,TRUE,4,2815,2816
mol1428,CCC[NH+](CC)c1ccccc1,CCCN(CC)c1ccccc1,"6,390",3,N,1,0,1,0,SP3,FALSE,FALSE,4,2817,2818
mol1429,CCCN(CCC)C(=O)c1cc(C)cc(C(=O)N[C@@H](Cc2cc(F)cc(F)c2)[C@H](O)[C@@H]2[NH2+]CCN(Cc3ccccc3)C2=O)c1,CCCN(CCC)C(=O)c1cc(C)cc(C(=O)N[C@@H](Cc2cc(F)cc(F)c2)[C@H](O)[C@@H]2NCCN(Cc3ccccc3)C2=O)c1,"6,000",35,N,1,0,2,1,SP3,FALSE,TRUE,4,2820,2819
mol1430,CCCN(CCC)C(=O)c1cc(C)cc(C(=O)N[C@@H](Cc2cc(F)cc(F)c2)[C@H](O)[C@@H]2[NH2+]CN(Cc3ccccc3)C2=O)c1,CCCN(CCC)C(=O)c1cc(C)cc(C(=O)N[C@@H](Cc2cc(F)cc(F)c2)[C@H](O)[C@@H]2NCN(Cc3ccccc3)C2=O)c1,"3,600",34,N,1,0,2,1,SP3,FALSE,TRUE,4,2822,2821
mol1431,CCCN(CCC)C(=O)c1cccc(C(=O)N[C@@H](Cc2ccccc2)[C@H](O)C[NH2+]C2CC2)c1,CCCN(CCC)C(=O)c1cccc(C(=O)N[C@@H](Cc2ccccc2)[C@H](O)CNC2CC2)c1,"8,400",28,N,1,0,2,1,SP3,FALSE,FALSE,4,2823,2824
mol1432,CCCN(CCC)C(=O)c1cccc(C(=O)N[C@@H](Cc2ccccc2)[C@H](O)[C@H]2CCC[NH2+]2)c1,CCCN(CCC)C(=O)c1cccc(C(=O)N[C@@H](Cc2ccccc2)[C@H](O)[C@H]2CCCN2)c1,"9,600",31,N,1,0,2,1,SP3,FALSE,TRUE,4,2825,2826
mol1433,CCCN(CCC)S(=O)(=O)c1ccc(C(=O)O)cc1,CCCN(CCC)S(=O)(=O)c1ccc(C(=O)[O-])cc1,"3,400",18,O,0,-1,1,0,SP2,FALSE,FALSE,2,2827,2828
mol1434,CCC[NH+](CCC)c1ccccc1,CCCN(CCC)c1ccccc1,"6,130",3,N,1,0,1,0,SP3,FALSE,FALSE,4,2829,2830
mol1435,CCCN([NH3+])CCC,CCCN(N)CCC,"7,000",7,N,1,0,3,2,SP3,FALSE,FALSE,4,2831,2832
mol1437,CCCN=C1Nc2cccc(Cl)c2S(=O)(=O)N1,CCCN=C1[N-]S(=O)(=O)c2c(Cl)cccc2N1,"9,540",15,N,0,-1,1,0,SP2,FALSE,TRUE,3,2833,2834
mol1439,CCCNC(=O)[NH2+]S(=O)(=O)c1ccc(Cl)cc1,CCCNC(=O)NS(=O)(=O)c1ccc(Cl)cc1,"4,900",6,N,1,0,2,1,SP3,FALSE,FALSE,4,2835,2836
mol1440,CCCNC(=O)c1ccc(-c2ccc(-c3ccccc3)n2Cc2cccc(N)[nH+]2)cc1,CCCNC(=O)c1ccc(-c2ccc(-c3ccccc3)n2Cc2cccc(N)n2)cc1,"6,860",23,N,1,0,1,0,SP2,TRUE,TRUE,4,2837,2838
mol1441,CCCNN,CCC[N-]N,"7,920",3,N,0,-1,1,0,SP3,FALSE,FALSE,3,2839,2840
mol1442,CCC[NH2+]c1ccccc1,CCCNc1ccccc1,"5,120",3,N,1,0,2,1,SP3,FALSE,FALSE,4,2841,2842
mol1443,CCCNc1[nH+]cnc2c1cnn2C,CCCNc1ncnc2c1cnn2C,"4,250",12,N,1,0,1,0,SP2,TRUE,TRUE,4,2843,2844
mol1444,CCCOC(=O)[C@@H]([NH3+])CCC(=O)NCCSC(C)=O,CCCOC(=O)[C@@H](N)CCC(=O)NCCSC(C)=O,"8,800",18,N,1,0,3,2,SP3,FALSE,FALSE,4,2845,2846
mol1445,CCCOC(=O)c1ccc([NH3+])cc1,CCCOC(=O)c1ccc(N)cc1,"2,490",12,N,1,0,3,2,SP3,FALSE,FALSE,4,2847,2848
mol1446,CCCOC(=O)c1ccc(O)cc1,CCCOC(=O)c1ccc([O-])cc1,"8,300",12,O,0,-1,1,0,SP2,FALSE,FALSE,2,2849,2850
mol1447,CCCOC(=O)c1ccc(OS(N)(=O)=O)cc1,CCCOC(=O)c1ccc(OS([NH-])(=O)=O)cc1,"8,030",16,N,0,-1,2,1,SP3,FALSE,FALSE,3,2851,2852
mol1449,CCCOC(C(=O)OC1CC[NH+](C)CC1)(c1ccccc1)c1ccccc1,CCCOC(C(=O)OC1CCN(C)CC1)(c1ccccc1)c1ccccc1,"6,650",23,N,1,0,1,0,SP3,FALSE,TRUE,4,2854,2853
mol1450,CCCOCCCCCCn1cc(C[NH2+][C@H]2[C@H](O)[C@@H](O)[C@H](O)[C@@H](O)[C@@H]2O)nn1,CCCOCCCCCCn1cc(CN[C@H]2[C@H](O)[C@@H](O)[C@H](O)[C@@H](O)[C@@H]2O)nn1,"7,100",16,N,1,0,2,1,SP3,FALSE,FALSE,4,2856,2855
mol1451,CCCOc1ccc(-c2ccc(-c3ccccc3Cl)n2Cc2cccc(N)[nH+]2)cc1,CCCOc1ccc(-c2ccc(-c3ccccc3Cl)n2Cc2cccc(N)n2)cc1,"6,860",21,N,1,0,1,0,SP2,TRUE,TRUE,4,2857,2858
mol1452,CCCOc1ccc(C(=O)O)cc1,CCCOc1ccc(C(=O)[O-])cc1,"4,630",12,O,0,-1,1,0,SP2,FALSE,FALSE,2,2859,2860
mol1453,CCCOc1ccc(O)cc1,CCCOc1ccc([O-])cc1,"10,230",10,O,0,-1,1,0,SP2,FALSE,FALSE,2,2861,2862
mol1454,CCCOc1ccccc1C(=O)O,CCCOc1ccccc1C(=O)[O-],"4,240",12,O,0,-1,1,0,SP2,FALSE,FALSE,2,2863,2864
mol1455,CCCOc1noc2c1C[NH2+]CC2,CCCOc1noc2c1CNCC2,"7,600",11,N,1,0,2,1,SP3,FALSE,TRUE,4,2865,2866
mol1456,CCCS,CCC[S-],"10,560",3,S,0,-1,1,0,SP3,FALSE,FALSE,2,2867,2868
mol1457,CCCS(=O)(=O)n1c2c(c3cc(C(=O)N4CCC(C)CC4)ccc31)C[NH+](C1CCOC1)CC2,CCCS(=O)(=O)n1c2c(c3cc(C(=O)N4CCC(C)CC4)ccc31)CN(C1CCOC1)CC2,"5,800",17,N,1,0,1,0,SP3,FALSE,TRUE,4,2870,2869
mol1458,CCCS(=O)(=O)n1c2c(c3cc(C(=O)N4CCC(C)CC4)ccc31)C[NH+](C1CCOCC1)CC2,CCCS(=O)(=O)n1c2c(c3cc(C(=O)N4CCC(C)CC4)ccc31)CN(C1CCOCC1)CC2,"7,300",17,N,1,0,1,0,SP3,FALSE,TRUE,4,2872,2871
mol1459,CCCS(=O)O,CCCS(=O)[O-],"2,350",5,O,0,-1,1,0,SP3,FALSE,FALSE,2,2873,2874
mol1460,CCCSC(=N)c1ccccc1,CCCSC(=[N-])c1ccccc1,"8,100",5,N,0,-1,1,0,SP2,FALSE,FALSE,3,2875,2876
mol1462,CCCSC(C)C(=O)O,CCCSC(C)C(=O)[O-],"3,820",8,O,0,-1,1,0,SP2,FALSE,FALSE,2,2877,2878
mol1463,CCCSC(N=O)C(=O)c1ccc(Br)cc1,CCCS[C-](N=O)C(=O)c1ccc(Br)cc1,"8,450",4,C,0,-1,1,0,SP3,FALSE,FALSE,4,2879,2880
mol1464,CCCSCC(=O)O,CCCSCC(=O)[O-],"3,770",7,O,0,-1,1,0,SP2,FALSE,FALSE,2,2881,2882
mol1465,CCCSCC[NH+](CC)CC,CCCSCCN(CC)CC,"8,830",6,N,1,0,1,0,SP3,FALSE,FALSE,4,2883,2884
mol1466,CCCSCC[NH3+],CCCSCCN,"9,430",6,N,1,0,3,2,SP3,FALSE,FALSE,4,2885,2886
mol1467,CCCSS/C(CCO)=C(/C)N(C=O)Cc1c[nH+]c(C)nc1N,CCCSS/C(CCO)=C(/C)N(C=O)Cc1cnc(C)nc1N,"5,520",12,N,1,0,1,0,SP2,TRUE,TRUE,4,2887,2888
mol1468,CCC[C@@H]1C[C@@H](C(=O)N[C@@H]([C@H]2O[C@H](SC)[C@H](O)[C@@H](O)[C@H]2O)[C@@H](C)O)[NH+](C)C1,CCC[C@@H]1C[C@@H](C(=O)N[C@@H]([C@H]2O[C@H](SC)[C@H](O)[C@@H](O)[C@H]2O)[C@@H](C)O)N(C)C1,"7,650",6,N,1,0,1,0,SP3,FALSE,TRUE,4,2889,2890
mol1469,CCC[NH+](C)C,CCCN(C)C,"9,620",3,N,1,0,1,0,SP3,FALSE,FALSE,4,2891,2892
mol1470,CCC[NH+](CC(C)O)CC(C)O,CCCN(CC(C)O)CC(C)O,"8,900",3,N,1,0,1,0,SP3,FALSE,FALSE,4,2893,2894
mol1471,CCC[NH+](CC(C)O)CC(O)CC,CCCN(CC(C)O)CC(O)CC,"9,000",3,N,1,0,1,0,SP3,FALSE,FALSE,4,2895,2896
mol1472,CCC[NH+](CC(O)CC)CC(O)CC,CCCN(CC(O)CC)CC(O)CC,"9,000",3,N,1,0,1,0,SP3,FALSE,FALSE,4,2897,2898
mol1473,CCC[NH+](CC)C(CC)C(=O)Nc1c(C)cccc1C,CCCN(CC)C(CC)C(=O)Nc1c(C)cccc1C,"6,620",3,N,1,0,1,0,SP3,FALSE,FALSE,4,2900,2899
mol1474,CCC[NH+](CCC)CC(=O)NC1c2ccccc2-c2ccccc21,CCCN(CCC)CC(=O)NC1c2ccccc2-c2ccccc21,"7,280",3,N,1,0,1,0,SP3,FALSE,FALSE,4,2902,2901
mol1475,CCC[NH+](CCC)CC(=O)Nc1c(C)cccc1C,CCCN(CCC)CC(=O)Nc1c(C)cccc1C,"7,680",3,N,1,0,1,0,SP3,FALSE,FALSE,4,2903,2904
mol1476,CCC[NH+](CCC)CCC,CCCN(CCC)CCC,"10,470",3,N,1,0,1,0,SP3,FALSE,FALSE,4,2905,2906
mol1477,CCC[NH+](CCC)CCCNC(=O)CN=O,CCCN(CCC)CCCNC(=O)CN=O,"9,540",3,N,1,0,1,0,SP3,FALSE,FALSE,4,2907,2908
mol1478,CCC[NH+](CCC)CCc1c[nH]c2ccccc12,CCCN(CCC)CCc1c[nH]c2ccccc12,"8,600",3,N,1,0,1,0,SP3,FALSE,FALSE,4,2909,2910
mol1479,CCC[NH+](CCC)Cc1no[n+]([O-])c1C#N,CCCN(CCC)Cc1no[n+]([O-])c1C#N,"5,460",3,N,1,0,1,0,SP3,FALSE,FALSE,4,2912,2911
mol1480,CCC[NH+](CCCl)CCCl,CCCN(CCCl)CCCl,"6,700",3,N,1,0,1,0,SP3,FALSE,FALSE,4,2914,2913
mol1481,CCC[NH+](CCO)CC(C)O,CCCN(CCO)CC(C)O,"8,900",3,N,1,0,1,0,SP3,FALSE,FALSE,4,2915,2916
mol1482,CCC[NH+](CCO)CC(O)CC,CCCN(CCO)CC(O)CC,"9,000",3,N,1,0,1,0,SP3,FALSE,FALSE,4,2917,2918
mol1483,CCC[NH+](CCc1c[nH]c2ccccc12)Cc1ccc(CCC(=O)N=O)cc1,CCCN(CCc1c[nH]c2ccccc12)Cc1ccc(CCC(=O)N=O)cc1,"7,900",3,N,1,0,1,0,SP3,FALSE,FALSE,4,2919,2920
mol1484,CCC[NH+]1CCCCC1,CCCN1CCCCC1,"10,450",3,N,1,0,1,0,SP3,FALSE,TRUE,4,2921,2922
mol1485,CCC[NH+]1CCCC[C@H]1C(=O)Nc1c(C)cccc1C,CCCN1CCCC[C@H]1C(=O)Nc1c(C)cccc1C,"8,070",3,N,1,0,1,0,SP3,FALSE,TRUE,4,2923,2924
mol1486,CCC[NH+]1CCN(c2ccc(C#N)cc2)CC1,CCCN1CCN(c2ccc(C#N)cc2)CC1,"7,780",3,N,1,0,1,0,SP3,FALSE,TRUE,4,2925,2926
mol1487,CCC[NH+]1CCN(c2ccc(C(F)(F)F)cc2)CC1,CCCN1CCN(c2ccc(C(F)(F)F)cc2)CC1,"7,840",3,N,1,0,1,0,SP3,FALSE,TRUE,4,2927,2928
mol1488,CCC[NH+]1CCN(c2ccc(C(N)=O)cc2)CC1,CCCN1CCN(c2ccc(C(N)=O)cc2)CC1,"7,840",3,N,1,0,1,0,SP3,FALSE,TRUE,4,2929,2930
mol1489,CCC[NH+]1CCN(c2ccc(C)cc2)CC1,CCCN1CCN(c2ccc(C)cc2)CC1,"7,920",3,N,1,0,1,0,SP3,FALSE,TRUE,4,2931,2932
mol1490,CCC[NH+]1CCN(c2ccc(Cl)cc2)CC1,CCCN1CCN(c2ccc(Cl)cc2)CC1,"7,830",3,N,1,0,1,0,SP3,FALSE,TRUE,4,2933,2934
mol1491,CCC[NH+]1CCN(c2ccc(OC)cc2)CC1,CCCN1CCN(c2ccc(OC)cc2)CC1,"7,880",3,N,1,0,1,0,SP3,FALSE,TRUE,4,2935,2936
mol1492,CCC[NH+]1CCN(c2cccc(C#N)c2)CC1,CCCN1CCN(c2cccc(C#N)c2)CC1,"7,670",3,N,1,0,1,0,SP3,FALSE,TRUE,4,2937,2938
mol1493,CCC[NH+]1CCN(c2cccc(C(F)(F)F)c2)CC1,CCCN1CCN(c2cccc(C(F)(F)F)c2)CC1,"7,810",3,N,1,0,1,0,SP3,FALSE,TRUE,4,2939,2940
mol1494,CCC[NH+]1CCN(c2cccc(C(N)=O)c2)CC1,CCCN1CCN(c2cccc(C(N)=O)c2)CC1,"7,760",3,N,1,0,1,0,SP3,FALSE,TRUE,4,2941,2942
mol1495,CCC[NH+]1CCN(c2cccc(C)c2)CC1,CCCN1CCN(c2cccc(C)c2)CC1,"7,830",3,N,1,0,1,0,SP3,FALSE,TRUE,4,2943,2944
mol1496,CCC[NH+]1CCN(c2cccc(Cl)c2)CC1,CCCN1CCN(c2cccc(Cl)c2)CC1,"7,830",3,N,1,0,1,0,SP3,FALSE,TRUE,4,2945,2946
mol1497,CCC[NH+]1CCN(c2cccc(OC)c2)CC1,CCCN1CCN(c2cccc(OC)c2)CC1,"7,860",3,N,1,0,1,0,SP3,FALSE,TRUE,4,2947,2948
mol1498,CCC[NH+]1CCN(c2ccccc2)CC1,CCCN1CCN(c2ccccc2)CC1,"7,960",3,N,1,0,1,0,SP3,FALSE,TRUE,4,2949,2950
mol1499,CCC[NH+]1CCN(c2ccccc2C#N)CC1,CCCN1CCN(c2ccccc2C#N)CC1,"7,920",3,N,1,0,1,0,SP3,FALSE,TRUE,4,2951,2952
mol1500,CCC[NH+]1CCN(c2ccccc2C(F)(F)F)CC1,CCCN1CCN(c2ccccc2C(F)(F)F)CC1,"8,800",3,N,1,0,1,0,SP3,FALSE,TRUE,4,2953,2954
mol1501,CCC[NH+]1CCN(c2ccccc2C(N)=O)CC1,CCCN1CCN(c2ccccc2C(N)=O)CC1,"8,140",3,N,1,0,1,0,SP3,FALSE,TRUE,4,2955,2956
mol1502,CCC[NH+]1CCN(c2ccccc2C)CC1,CCCN1CCN(c2ccccc2C)CC1,"8,390",3,N,1,0,1,0,SP3,FALSE,TRUE,4,2957,2958
mol1503,CCC[NH+]1CCN(c2ccccc2Cl)CC1,CCCN1CCN(c2ccccc2Cl)CC1,"8,070",3,N,1,0,1,0,SP3,FALSE,TRUE,4,2959,2960
mol1504,CCC[NH+]1CCN(c2ccccc2OC)CC1,CCCN1CCN(c2ccccc2OC)CC1,"8,290",3,N,1,0,1,0,SP3,FALSE,TRUE,4,2961,2962
mol1505,CCC[NH+]1C[C@H](CSC)C[C@@H]2c3cccc4[nH]cc(c34)C[C@H]21,CCCN1C[C@H](CSC)C[C@@H]2c3cccc4[nH]cc(c34)C[C@H]21,"8,780",3,N,1,0,1,0,SP3,FALSE,TRUE,4,2963,2964
mol1506,CCC[NH+]=C(N)[NH+]=C(N)Nc1ccc(Cl)cc1,CCCN=C(N)[NH+]=C(N)Nc1ccc(Cl)cc1,"10,780",3,N,1,0,1,0,SP2,FALSE,FALSE,4,2965,2966
mol1507,CCC[NH+]=C1Nc2ccccc2C(C)N1,CCCN=C1Nc2ccccc2C(C)N1,"10,700",3,N,1,0,1,0,SP2,FALSE,FALSE,4,2967,2968
mol1508,CCC[NH2+]C(C)(C)P(=O)(OCC)OCC,CCCNC(C)(C)P(=O)(OCC)OCC,"6,990",3,N,1,0,2,1,SP3,FALSE,FALSE,4,2970,2969
mol1509,CCC[NH2+]C(C)C,CCCNC(C)C,"10,960",3,N,1,0,2,1,SP3,FALSE,FALSE,4,2971,2972
mol1510,CCC[NH2+]C(C)C(=O)Nc1ccccc1C,CCCNC(C)C(=O)Nc1ccccc1C,"7,673",3,N,1,0,2,1,SP3,FALSE,FALSE,4,2973,2974
mol1511,CCC[NH2+]C1c2ccccc2C=Cc2ccccc21,CCCNC1c2ccccc2C=Cc2ccccc21,"8,900",3,N,1,0,2,1,SP3,FALSE,FALSE,4,2975,2976
mol1512,CCC[NH2+]CC(=O)Nc1c(C)cccc1C,CCCNCC(=O)Nc1c(C)cccc1C,"8,010",3,N,1,0,2,1,SP3,FALSE,FALSE,4,2977,2978
mol1513,CCC[NH2+]CC(O)COc1ccccc1C(=O)CCc1ccccc1,CCCNCC(O)COc1ccccc1C(=O)CCc1ccccc1,"9,270",3,N,1,0,2,1,SP3,FALSE,FALSE,4,2979,2980
mol1514,CCC[NH2+]CCC,CCCNCCC,"11,020",3,N,1,0,2,1,SP3,FALSE,FALSE,4,2981,2982
mol1515,CCC[NH2+]Cc1ccc(C)cc1,CCCNCc1ccc(C)cc1,"9,980",3,N,1,0,2,1,SP3,FALSE,FALSE,4,2983,2984
mol1516,CCC[NH2+]Cc1ccccc1,CCCNCc1ccccc1,"9,620",3,N,1,0,2,1,SP3,FALSE,FALSE,4,2985,2986
mol1517,CCC[NH3+],CCCN,"10,675",3,N,1,0,3,2,SP3,FALSE,FALSE,4,2987,2988
mol1518,CCC[n+]1cccc2c([OH2+])cccc21,CCC[n+]1cccc2c(O)cccc21,"6,060",13,O,1,0,2,1,SP2,FALSE,FALSE,3,2989,2990
mol1519,CCC[n+]1cccc2cc(O)ccc21,CCC[n+]1cccc2cc([O-])ccc21,"7,080",13,O,0,-1,1,0,SP2,FALSE,FALSE,2,2991,2992
mol1520,CCCc1[nH]cc[nH+]1,CCCc1ncc[nH]1,"8,020",7,N,1,0,1,0,SP2,TRUE,TRUE,4,2993,2994
mol1521,CCCc1c(-c2ccccc2)[nH][nH]c1=O,CCCc1c(-c2ccccc2)[n-][nH]c1=O,"8,000",5,N,0,-1,1,0,SP2,TRUE,TRUE,3,2995,2996
mol1522,CCCC1=C(c2ccccc2)[NH2+]N(c2ccccc2)C1=O,CCCc1c(-c2ccccc2)[nH]n(-c2ccccc2)c1=O,"7,000",5,N,1,0,2,1,SP3,FALSE,TRUE,4,2997,2998
mol1523,CCCc1cc(Cl)cc(Cl)c1O,CCCc1cc(Cl)cc(Cl)c1[O-],"8,100",9,O,0,-1,1,0,SP2,FALSE,FALSE,2,2999,3000
mol1524,CCCc1ccc(C)[nH+]n1,CCCc1ccc(C)nn1,"4,250",7,N,1,0,1,0,SP2,TRUE,TRUE,4,3001,3002
mol1525,CCCc1ccc(CCC[NH+](C)C)cc1,CCCc1ccc(CCCN(C)C)cc1,"10,540",12,N,1,0,1,0,SP3,FALSE,FALSE,4,3003,3004
mol1526,CCCc1ccc(O)c(-c2cc(CCC)ccc2O)c1,CCCc1ccc([O-])c(-c2cc(CCC)ccc2O)c1,"9,300",19,O,0,-1,1,0,SP2,FALSE,FALSE,2,3005,3006
mol1527,CCCc1ccccc1[NH3+],CCCc1ccccc1N,"4,360",9,N,1,0,3,2,SP3,FALSE,FALSE,4,3007,3008
mol1528,CCCc1cccc[nH+]1,CCCc1ccccn1,"5,970",8,N,1,0,1,0,SP2,TRUE,TRUE,4,3009,3010
mol1529,CCCc1cccn[nH+]1,CCCc1cccnn1,"3,590",8,N,1,0,1,0,SP2,TRUE,TRUE,4,3011,3012
mol1530,CCCc1cc[nH+]c2c1ccc1cccnc12,CCCc1ccnc2c1ccc1cccnc12,"5,450",6,N,1,0,1,0,SP2,TRUE,TRUE,4,3013,3014
mol1531,CCCc1[nH]c2cc(OCC)ccc2[nH+]1,CCCc1nc2ccc(OCC)cc2[nH]1,"6,120",11,N,1,0,1,0,SP2,TRUE,TRUE,4,3015,3016
mol1532,CCCc1ncnc2c(O)cccc12,CCCc1ncnc2c([O-])cccc12,"8,820",13,O,0,-1,1,0,SP2,FALSE,FALSE,2,3017,3018
mol1533,CCCc1nn[nH]n1,CCCc1nn[n-]n1,"5,610",5,N,0,-1,1,0,SP2,TRUE,TRUE,3,3019,3020
mol1534,CCCc1oc2ccccc2c(=O)c1C(=O)c1cc(I)c(O)c(I)c1,CCCc1oc2ccccc2c(=O)c1C(=O)c1cc(I)c([O-])c(I)c1,"4,890",23,O,0,-1,1,0,SP2,FALSE,FALSE,2,3021,3022
mol1535,CCCc1oc2ccccc2c(=O)c1C(=O)c1ccc(O)cc1,CCCc1oc2ccccc2c(=O)c1C(=O)c1ccc([O-])cc1,"7,740",22,O,0,-1,1,0,SP2,FALSE,FALSE,2,3023,3024
mol1537,CCCn1cc[nH+]c1C=O,CCCn1ccnc1C=O,"5,150",6,N,1,0,1,0,SP2,TRUE,TRUE,4,3025,3026
mol1538,CCCn1cc[nH+]c1CO,CCCn1ccnc1CO,"7,040",6,N,1,0,1,0,SP2,TRUE,TRUE,4,3027,3028
mol1539,CCCn1c[nH+]c2ccccc21,CCCn1cnc2ccccc21,"5,460",5,N,1,0,1,0,SP2,TRUE,TRUE,4,3029,3030
mol1540,CCCn1c[nH+]cn1,CCCn1cncn1,"2,360",5,N,1,0,1,0,SP2,TRUE,TRUE,4,3031,3032
mol1541,CCN(C(=O)Cc1ccc(OC)cc1)C1CC[NH+](C(C)C[C@H](NC(=O)C2CCC2)c2ccccc2)CC1,CCN(C(=O)Cc1ccc(OC)cc1)C1CCN(C(C)C[C@H](NC(=O)C2CCC2)c2ccccc2)CC1,"7,800",6,N,1,0,1,0,SP3,FALSE,TRUE,4,3033,3034
mol1542,CCN(C(=O)Cc1ccc(S(C)(=O)=O)cc1)C1CC[NH+](CC[C@@H](c2cc(F)cc(F)c2)C2CCN(S(C)(=O)=O)CC2)CC1,CCN(C(=O)Cc1ccc(S(C)(=O)=O)cc1)C1CCN(CC[C@@H](c2cc(F)cc(F)c2)C2CCN(S(C)(=O)=O)CC2)CC1,"8,400",6,N,1,0,1,0,SP3,FALSE,TRUE,4,3035,3036
mol1543,CCN(C(=O)Cc1ccc(S(C)(=O)=O)cc1)C1CC[NH+](CC[C@H](c2ccc(S(C)(=O)=O)cc2)c2cc(F)cc(F)c2)CC1,CCN(C(=O)Cc1ccc(S(C)(=O)=O)cc1)C1CCN(CC[C@H](c2ccc(S(C)(=O)=O)cc2)c2cc(F)cc(F)c2)CC1,"7,500",6,N,1,0,1,0,SP3,FALSE,TRUE,4,3037,3038
mol1544,CCN(C)C(=O)Oc1cccc([C@H](C)[NH+](C)C)c1,CCN(C)C(=O)Oc1cccc([C@H](C)N(C)C)c1,"8,990",15,N,1,0,1,0,SP3,FALSE,FALSE,4,3039,3040
mol1545,CCN(C)C(=O)[C@H]1C[C@@H](c2ccc(C[NH+]3CCCC3)c(F)c2)C1,CCN(C)C(=O)[C@H]1C[C@@H](c2ccc(CN3CCCC3)c(F)c2)C1,"9,300",16,N,1,0,1,0,SP3,FALSE,TRUE,4,3041,3042
mol1546,CCN(C)[NH3+],CCN(C)N,"7,300",4,N,1,0,3,2,SP3,FALSE,FALSE,4,3043,3044
mol1547,CC[NH+](C)N(C)C,CCN(C)N(C)C,"6,380",2,N,1,0,1,0,SP3,FALSE,FALSE,4,3045,3046
mol1548,CCN(C)[NH+](C)CC,CCN(C)N(C)CC,"6,800",4,N,1,0,1,0,SP3,FALSE,FALSE,4,3047,3048
mol1549,CCN(C)[NH+](CC)CC,CCN(C)N(CC)CC,"7,300",4,N,1,0,1,0,SP3,FALSE,FALSE,4,3049,3050
mol1550,CCN(C)[NH2+]C,CCN(C)NC,"6,850",4,N,1,0,2,1,SP3,FALSE,FALSE,4,3051,3052
mol1551,CC[NH+](C)c1ccccc1,CCN(C)c1ccccc1,"6,020",2,N,1,0,1,0,SP3,FALSE,FALSE,4,3053,3054
mol1552,CCN(C1=[NH+]CCN1)c1c(Br)cccc1Br,CCN(C1=NCCN1)c1c(Br)cccc1Br,"11,100",12,N,1,0,1,0,SP2,FALSE,TRUE,4,3055,3056
mol1553,CCN(CC)C(=O)C1(c2ccccc2)CC1C[NH3+],CCN(CC)C(=O)C1(c2ccccc2)CC1CN,"9,500",11,N,1,0,3,2,SP3,FALSE,FALSE,4,3057,3058
mol1554,CCN(CC)C(=O)NO,CCN(CC)C(=O)N[O-],"10,800",8,O,0,-1,1,0,SP3,FALSE,FALSE,2,3059,3060
mol1555,CCN(CC)C(=O)N[C@H]1C[C@@H]2c3cccc4[nH]cc(c34)C[C@H]2[NH+](C)C1,CCN(CC)C(=O)N[C@H]1C[C@@H]2c3cccc4[nH]cc(c34)C[C@H]2N(C)C1,"6,800",22,N,1,0,1,0,SP3,FALSE,TRUE,4,3062,3061
mol1556,CCN(CC)C(=O)[C@@H]1C=C2c3cccc4[nH]cc(c34)C[C@H]2[NH+](C)C1,CCN(CC)C(=O)[C@@H]1C=C2c3cccc4[nH]cc(c34)C[C@H]2N(C)C1,"7,800",9,N,1,0,1,0,SP3,FALSE,TRUE,4,3063,3064
mol1557,CCN(CC)C(=O)[C@@]1(c2ccc3c(c2)OCO3)C[C@H]1C[NH3+],CCN(CC)C(=O)[C@@]1(c2ccc3c(c2)OCO3)C[C@H]1CN,"9,600",11,N,1,0,3,2,SP3,FALSE,FALSE,4,3065,3066
mol1558,CCN(CC)C(=O)[C@@]1(c2ccccc2)C[C@H]1C[NH3+],CCN(CC)C(=O)[C@@]1(c2ccccc2)C[C@H]1CN,"9,600",11,N,1,0,3,2,SP3,FALSE,FALSE,4,3067,3068
mol1559,CCN(CC)C(=O)[C@]1(c2ccccc2)C[C@@H]1C[NH3+],CCN(CC)C(=O)[C@]1(c2ccccc2)C[C@@H]1CN,"9,700",11,N,1,0,3,2,SP3,FALSE,FALSE,4,3069,3070
mol1560,CCN(CC)C(=O)[C@]1(c2ccccc2)C[C@H]1C[NH3+],CCN(CC)C(=O)[C@]1(c2ccccc2)C[C@H]1CN,"9,600",11,N,1,0,3,2,SP3,FALSE,FALSE,4,3071,3072
mol1561,CCN(CC)C(=O)c1cn2c(C)c(C)[nH+]c2c2c1CCC(c1ccccc1)O2,CCN(CC)C(=O)c1cn2c(C)c(C)nc2c2c1CCC(c1ccccc1)O2,"6,750",12,N,1,0,1,0,SP2,TRUE,TRUE,4,3073,3074
mol1562,CCN(CC)C(=S)[SH2+],CCN(CC)C(=S)S,"3,950",7,S,1,0,2,1,SP3,FALSE,FALSE,3,3075,3076
mol1563,CC[NH+](CC)CC#N,CCN(CC)CC#N,"4,180",2,N,1,0,1,0,SP3,FALSE,FALSE,4,3077,3078
mol1567,CC[NH+](CC)N(C)C,CCN(CC)N(C)C,"6,880",2,N,1,0,1,0,SP3,FALSE,FALSE,4,3079,3080
mol1568,CCN(CC)[NH+](CC)CC,CCN(CC)N(CC)CC,"7,310",5,N,1,0,1,0,SP3,FALSE,FALSE,4,3081,3082
mol1569,CCN(CC)[NH2+]C,CCN(CC)NC,"7,140",5,N,1,0,2,1,SP3,FALSE,FALSE,4,3083,3084
mol1570,CCN(CC)S(=O)(=O)c1ccccc1C(=O)O,CCN(CC)S(=O)(=O)c1ccccc1C(=O)[O-],"2,960",16,O,0,-1,1,0,SP2,FALSE,FALSE,2,3085,3086
mol1571,CCN(CC)S(=O)(=O)c1ccsc1C(=O)O,CCN(CC)S(=O)(=O)c1ccsc1C(=O)[O-],"2,770",15,O,0,-1,1,0,SP2,FALSE,FALSE,2,3087,3088
mol1572,CC[NH+](CC)c1ccc(C)c2nc(-c3c(OC)cc(COC)cc3OC)c(C)cc12,CCN(CC)c1ccc(C)c2nc(-c3c(OC)cc(COC)cc3OC)c(C)cc12,"5,860",2,N,1,0,1,0,SP3,FALSE,FALSE,4,3089,3090
mol1573,CC[NH+](CC)c1ccc(C)cc1,CCN(CC)c1ccc(C)cc1,"7,180",2,N,1,0,1,0,SP3,FALSE,FALSE,4,3091,3092
mol1574,CC[NH+](CC)c1ccc(OC)c2nc(-c3c(OC)cc(COC)cc3OC)c(C)cc12,CCN(CC)c1ccc(OC)c2nc(-c3c(OC)cc(COC)cc3OC)c(C)cc12,"6,010",2,N,1,0,1,0,SP3,FALSE,FALSE,4,3093,3094
mol1575,CC[NH+](CC)c1ccccc1,CCN(CC)c1ccccc1,"6,600",2,N,1,0,1,0,SP3,FALSE,FALSE,4,3095,3096
mol1576,CC[NH+](CC)c1ccccc1C,CCN(CC)c1ccccc1C,"7,180",2,N,1,0,1,0,SP3,FALSE,FALSE,4,3097,3098
mol1577,CCN(CC)c1cccc[nH+]1,CCN(CC)c1ccccn1,"7,320",10,N,1,0,1,0,SP2,TRUE,TRUE,4,3099,3100
mol1578,CCN(CC)c1nn[nH]n1,CCN(CC)c1nn[n-]n1,"6,330",7,N,0,-1,1,0,SP2,TRUE,TRUE,3,3101,3102
mol1579,CC[NH+](CCC#N)CCC#N,CCN(CCC#N)CCC#N,"4,550",2,N,1,0,1,0,SP3,FALSE,FALSE,4,3103,3104
mol1580,CCN(CCC[NH+]1CCc2cc(OC)ccc2C1)S(=O)(=O)c1ccc(C)cc1,CCN(CCCN1CCc2cc(OC)ccc2C1)S(=O)(=O)c1ccc(C)cc1,"7,400",6,N,1,0,1,0,SP3,FALSE,TRUE,4,3106,3105
mol1581,CCN(CCC[NH+]1CCc2cc(OC)ccc2C1)S(=O)(=O)c1ccc(OC)cc1,CCN(CCCN1CCc2cc(OC)ccc2C1)S(=O)(=O)c1ccc(OC)cc1,"7,400",6,N,1,0,1,0,SP3,FALSE,TRUE,4,3108,3107
mol1582,CCN(CCC[NH+]1CCc2cc(OC)ccc2C1)S(=O)(=O)c1cccc2ccccc12,CCN(CCCN1CCc2cc(OC)ccc2C1)S(=O)(=O)c1cccc2ccccc12,"7,400",6,N,1,0,1,0,SP3,FALSE,TRUE,4,3110,3109
mol1583,CCN(CCC[NH+]1CCc2cc(OC)ccc2C1)S(=O)(=O)c1ccccc1,CCN(CCCN1CCc2cc(OC)ccc2C1)S(=O)(=O)c1ccccc1,"7,400",6,N,1,0,1,0,SP3,FALSE,TRUE,4,3112,3111
mol1584,CCN(Cc1cc(C(F)(F)F)ccc1-c1cc(CC(=O)O)n2cccnc12)C(=O)C1CC1,CCN(Cc1cc(C(F)(F)F)ccc1-c1cc(CC(=O)[O-])n2cccnc12)C(=O)C1CC1,"3,700",22,O,0,-1,1,0,SP2,FALSE,FALSE,2,3113,3114
mol1585,CCN(Cc1cc(C(F)(F)F)ccc1-c1nn(CC(=O)O)c2ccccc12)C(=O)C1CC1,CCN(Cc1cc(C(F)(F)F)ccc1-c1nn(CC(=O)[O-])c2ccccc12)C(=O)C1CC1,"2,800",22,O,0,-1,1,0,SP2,FALSE,FALSE,2,3115,3116
mol1586,CCN(N)CC,CCN([NH-])CC,"7,630",5,N,0,-1,2,1,SP3,FALSE,FALSE,3,3117,3118
mol1587,CC[NH+]([O-])CC,CCN([O-])CC,"5,620",2,N,1,0,1,0,SP3,FALSE,FALSE,4,3119,3120
mol1589,CCN1CNS(=O)(=O)c2cc(Cl)ccc21,CCN1C[N-]S(=O)(=O)c2cc(Cl)ccc21,"9,330",4,N,0,-1,1,0,SP3,FALSE,TRUE,3,3121,3122
mol1590,CCN=S1(=O)[NH2+]C(=O)c2ccccc21,CCN=S1(=O)NC(=O)c2ccccc21,"6,900",13,N,1,0,2,1,SP3,FALSE,TRUE,4,3123,3124
mol1591,CCNC(=O)C1CCCC[NH2+]1,CCNC(=O)C1CCCCN1,"8,600",10,N,1,0,2,1,SP3,FALSE,TRUE,4,3125,3126
mol1592,CCNC(=O)CS,CCNC(=O)C[S-],"8,140",6,S,0,-1,1,0,SP3,FALSE,FALSE,2,3127,3128
mol1593,CCNC(=O)[C@H]1C[C@@](F)(c2ccc(C[NH+]3CCCC3)c(F)c2)C1,CCNC(=O)[C@H]1C[C@@](F)(c2ccc(CN3CCCC3)c(F)c2)C1,"9,200",17,N,1,0,1,0,SP3,FALSE,TRUE,4,3129,3130
mol1594,CCNC(=O)c1ccc(-c2ccc(-c3ccccc3)n2Cc2cccc(N)[nH+]2)cc1,CCNC(=O)c1ccc(-c2ccc(-c3ccccc3)n2Cc2cccc(N)n2)cc1,"6,860",22,N,1,0,1,0,SP2,TRUE,TRUE,4,3131,3132
mol1595,CCNC(=O)c1nc(OC)cc(N(C)C)[nH+]1,CCNC(=O)c1nc(OC)cc(N(C)C)n1,"2,900",6,N,1,0,1,0,SP2,TRUE,TRUE,4,3133,3134
mol1596,CCNC(=S)OC(C)C,CC[N-]C(=S)OC(C)C,"11,520",2,N,0,-1,1,0,SP2,FALSE,FALSE,3,3135,3136
mol1597,CCNN,CC[N-]N,"7,950",2,N,0,-1,1,0,SP3,FALSE,FALSE,3,3137,3138
mol1598,CC[NH2+]N(C)C,CCNN(C)C,"6,580",2,N,1,0,2,1,SP3,FALSE,FALSE,4,3139,3140
mol1599,CC[NH2+]N(C)CC,CCNN(C)CC,"6,810",2,N,1,0,2,1,SP3,FALSE,FALSE,4,3141,3142
mol1600,CC[NH2+]N(CC)CC,CCNN(CC)CC,"7,080",2,N,1,0,2,1,SP3,FALSE,FALSE,4,3143,3144
mol1601,CCNNC,CCN[N-]C,"7,500",3,N,0,-1,1,0,SP3,FALSE,FALSE,3,3145,3146
mol1602,CCNNCC,CC[N-]NCC,"7,660",3,N,0,-1,1,0,SP3,FALSE,FALSE,3,3147,3148
mol1603,CCNc1cc(-c2nc(N)n[nH]2)cc[nH+]1,CCNc1cc(-c2nc(N)n[nH]2)ccn1,"4,485",8,N,1,0,1,0,SP2,TRUE,TRUE,4,3149,3150
mol1604,CC[NH2+]c1ccc(C)cc1,CCNc1ccc(C)cc1,"5,720",2,N,1,0,2,1,SP3,FALSE,FALSE,4,3151,3152
mol1605,CC[NH2+]c1cccc2ccccc12,CCNc1cccc2ccccc12,"4,190",2,N,1,0,2,1,SP3,FALSE,FALSE,4,3153,3154
mol1606,CC[NH2+]c1ccccc1,CCNc1ccccc1,"5,290",2,N,1,0,2,1,SP3,FALSE,FALSE,4,3155,3156
mol1607,CC[NH2+]c1ccccc1C,CCNc1ccccc1C,"4,920",2,N,1,0,2,1,SP3,FALSE,FALSE,4,3157,3158
mol1608,CCNc1[nH+]cnc2c1cnn2C,CCNc1ncnc2c1cnn2C,"4,240",11,N,1,0,1,0,SP2,TRUE,TRUE,4,3159,3160
mol1609,CCNc1nn[nH]n1,CCNc1nn[n-]n1,"6,120",5,N,0,-1,1,0,SP2,TRUE,TRUE,3,3161,3162
mol1610,CCOC(=O)/C=C(/C)O,CCOC(=O)/C=C(/C)[O-],"9,510",8,O,0,-1,1,0,SP2,FALSE,FALSE,2,3163,3164
mol1611,CCOC(=O)C(C)[NH3+],CCOC(=O)C(C)N,"7,800",7,N,1,0,3,2,SP3,FALSE,FALSE,4,3165,3166
mol1612,CCOC(=O)C(Cc1ccc(C)cc1)=C(C)O,CCOC(=O)C(Cc1ccc(C)cc1)=C(C)[O-],"11,880",8,O,0,-1,1,0,SP2,FALSE,FALSE,2,3167,3168
mol1613,CCOC(=O)C(Cc1cccc(C)c1)=C(C)O,CCOC(=O)C(Cc1cccc(C)c1)=C(C)[O-],"11,870",8,O,0,-1,1,0,SP2,FALSE,FALSE,2,3169,3170
mol1614,CCOC(=O)C(Cc1ccccc1)=C(C)O,CCOC(=O)C(Cc1ccccc1)=C(C)[O-],"11,810",8,O,0,-1,1,0,SP2,FALSE,FALSE,2,3171,3172
mol1615,CCOC(=O)C(N=O)=C(C)[OH2+],CCOC(=O)C(N=O)=C(C)O,"7,200",8,O,1,0,2,1,SP2,FALSE,FALSE,3,3173,3174
mol1616,CCOC(=O)C([NH3+])CC,CCOC(=O)C(N)CC,"7,710",8,N,1,0,3,2,SP3,FALSE,FALSE,4,3175,3176
mol1617,CCOC(=O)C([NH3+])CC(C)C,CCOC(=O)C(N)CC(C)C,"7,630",10,N,1,0,3,2,SP3,FALSE,FALSE,4,3177,3178
mol1618,CCOC(=O)C1(c2ccccc2)CC[NH+](CC(F)(F)F)CC1,CCOC(=O)C1(c2ccccc2)CCN(CC(F)(F)F)CC1,"3,130",8,N,1,0,1,0,SP3,FALSE,TRUE,4,3179,3180
mol1619,CCOC(=O)C1(c2ccccc2)CC[NH+](CC(F)F)CC1,CCOC(=O)C1(c2ccccc2)CCN(CC(F)F)CC1,"5,230",8,N,1,0,1,0,SP3,FALSE,TRUE,4,3181,3182
mol1620,CCOC(=O)C1(c2ccccc2)CC[NH+](C)CC1,CCOC(=O)C1(c2ccccc2)CCN(C)CC1,"9,125",8,N,1,0,1,0,SP3,FALSE,TRUE,4,3183,3184
mol1621,CCOC(=O)C1(c2ccccc2)CC[NH+](CC)CC1,CCOC(=O)C1(c2ccccc2)CCN(CC)CC1,"9,030",2,N,1,0,1,0,SP3,FALSE,TRUE,4,3185,3186
mol1622,CCOC(=O)C1(c2ccccc2)CC[NH+](CCF)CC1,CCOC(=O)C1(c2ccccc2)CCN(CCF)CC1,"7,430",8,N,1,0,1,0,SP3,FALSE,TRUE,4,3187,3188
mol1623,CCOC(=O)C1C(C[NH+]2CCOC[C@H]2C(=O)O)=NC(c2nccs2)=N[C@H]1c1cccc(F)c1Cl,CCOC(=O)C1C(C[NH+]2CCOC[C@H]2C(=O)[O-])=NC(c2nccs2)=N[C@H]1c1cccc(F)c1Cl,"5,700",20,O,0,-1,1,0,SP2,FALSE,FALSE,2,3189,3190
mol1624,CCOC(=O)C1C2c3ccccc3C(c3ccccc32)C1[NH+](C)C,CCOC(=O)C1C2c3ccccc3C(c3ccccc32)C1N(C)C,"7,480",15,N,1,0,1,0,SP3,FALSE,FALSE,4,3191,3192
mol1625,CCOC(=O)C1CC2CC[NH+]1CC2,CCOC(=O)C1CC2CCN1CC2,"8,800",10,N,1,0,1,0,SP3,FALSE,TRUE,4,3193,3194
mol1626,CCOC(=O)C1CCc2nc3c(ccn4cc[nH+]c34)cc2C1,CCOC(=O)C1CCc2nc3c(ccn4ccnc34)cc2C1,"4,080",17,N,1,0,1,0,SP2,TRUE,TRUE,4,3195,3196
mol1627,CCOC(=O)C1C[NH+]2CCC1CC2,CCOC(=O)C1CN2CCC1CC2,"9,640",7,N,1,0,1,0,SP3,FALSE,TRUE,4,3197,3198
mol1628,CCOC(=O)C=C(C)O,CCOC(=O)C=C(C)[O-],"10,660",8,O,0,-1,1,0,SP2,FALSE,FALSE,2,3199,3200
mol1629,CCOC(=O)CC(C(=O)OCC)n1cc[nH+]c1,CCOC(=O)CC(C(=O)OCC)n1ccnc1,"6,020",15,N,1,0,1,0,SP2,TRUE,TRUE,4,3201,3202
mol1630,CCOC(=O)CC(CC(=O)OCC)n1cc[nH+]c1,CCOC(=O)CC(CC(=O)OCC)n1ccnc1,"6,450",16,N,1,0,1,0,SP2,TRUE,TRUE,4,3203,3204
mol1631,CCOC(=O)CC([NH2+]C)c1ccccc1,CCOC(=O)CC(NC)c1ccccc1,"8,230",13,N,1,0,2,1,SP3,FALSE,FALSE,4,3205,3206
mol1632,CCOC(=O)CC(c1ccccc1)[NH+](C)C,CCOC(=O)CC(c1ccccc1)N(C)C,"7,660",13,N,1,0,1,0,SP3,FALSE,FALSE,4,3207,3208
mol1633,CCOC(=O)CCCCC[NH3+],CCOC(=O)CCCCCN,"10,370",10,N,1,0,3,2,SP3,FALSE,FALSE,4,3209,3210
mol1634,CCOC(=O)CCCC[NH3+],CCOC(=O)CCCCN,"10,150",9,N,1,0,3,2,SP3,FALSE,FALSE,4,3211,3212
mol1635,CCOC(=O)CCC[NH3+],CCOC(=O)CCCN,"9,710",8,N,1,0,3,2,SP3,FALSE,FALSE,4,3213,3214
mol1636,CCOC(=O)CCCc1cccc[nH+]1,CCOC(=O)CCCc1ccccn1,"5,320",13,N,1,0,1,0,SP2,TRUE,TRUE,4,3215,3216
mol1637,CCOC(=O)CC[NH+](C)C,CCOC(=O)CCN(C)C,"8,600",7,N,1,0,1,0,SP3,FALSE,FALSE,4,3217,3218
mol1638,CCOC(=O)CC[NH3+],CCOC(=O)CCN,"9,130",7,N,1,0,3,2,SP3,FALSE,FALSE,4,3219,3220
mol1639,CCOC(=O)C[C@H]([NH3+])c1ccccc1,CCOC(=O)C[C@H](N)c1ccccc1,"8,320",13,N,1,0,3,2,SP3,FALSE,FALSE,4,3221,3222
mol1640,CCOC(=O)C[NH3+],CCOC(=O)CN,"7,740",6,N,1,0,3,2,SP3,FALSE,FALSE,4,3223,3224
mol1641,CCOC(=O)Cc1cccc[nH+]1,CCOC(=O)Cc1ccccn1,"4,250",11,N,1,0,1,0,SP2,TRUE,TRUE,4,3225,3226
mol1642,CCOC(=O)N(Cc1ccccc1-c1ccccc1)[C@H]1CC[NH2+]C1,CCOC(=O)N(Cc1ccccc1-c1ccccc1)[C@H]1CCNC1,"9,600",22,N,1,0,2,1,SP3,FALSE,TRUE,4,3227,3228
mol1643,CCOC(=O)N1CCC(=C2c3ccc(Cl)cc3CCc3ccc[nH+]c32)CC1,CCOC(=O)N1CCC(=C2c3ccc(Cl)cc3CCc3cccnc32)CC1,"4,580",20,N,1,0,1,0,SP2,TRUE,TRUE,4,3229,3230
mol1644,CCOC(=O)N1CC[NH+](C)CC1,CCOC(=O)N1CCN(C)CC1,"7,310",8,N,1,0,1,0,SP3,FALSE,TRUE,4,3232,3231
mol1645,CCOC(=O)N1CC[NH+](Cc2nc(-c3cccc(Cl)c3)no2)CC1,CCOC(=O)N1CCN(Cc2nc(-c3cccc(Cl)c3)no2)CC1,"3,400",8,N,1,0,1,0,SP3,FALSE,TRUE,4,3234,3233
mol1646,CCOC(=O)N1CC[NH+](Cc2nnc(-c3cc(Cl)ccc3F)o2)CC1,CCOC(=O)N1CCN(Cc2nnc(-c3cc(Cl)ccc3F)o2)CC1,"3,500",8,N,1,0,1,0,SP3,FALSE,TRUE,4,3236,3235
mol1647,CCOC(=O)N1CC[NH+](Cc2nnc(-c3cccc(Cl)c3)o2)CC1,CCOC(=O)N1CCN(Cc2nnc(-c3cccc(Cl)c3)o2)CC1,"3,500",8,N,1,0,1,0,SP3,FALSE,TRUE,4,3238,3237
mol1648,CCOC(=O)N1CC[NH+](Cc2noc(-c3cc(Cl)ccc3F)n2)CC1,CCOC(=O)N1CCN(Cc2noc(-c3cc(Cl)ccc3F)n2)CC1,"4,000",8,N,1,0,1,0,SP3,FALSE,TRUE,4,3240,3239
mol1649,CCOC(=O)N1CC[NH2+]CC1,CCOC(=O)N1CCNCC1,"8,280",8,N,1,0,2,1,SP3,FALSE,TRUE,4,3241,3242
mol1650,CCOC(=O)N1CCC2=C(CC1)C(=O)O[NH2+]2,CCOC(=O)N1CCc2[nH]oc(=O)c2CC1,"4,700",10,N,1,0,2,1,SP3,FALSE,TRUE,4,3243,3244
mol1651,CCOC(=O)Nc1ccc2c(c1)N(C(=O)CC[NH+]1CCOCC1)c1ccccc1S2,CCOC(=O)Nc1ccc2c(c1)N(C(=O)CCN1CCOCC1)c1ccccc1S2,"6,400",24,N,1,0,1,0,SP3,FALSE,TRUE,4,3246,3245
mol1652,CCOC(=O)Nc1cc[nH+]c(N2CCc3ccccc3C2)c1,CCOC(=O)Nc1ccnc(N2CCc3ccccc3C2)c1,"6,400",9,N,1,0,1,0,SP2,TRUE,TRUE,4,3247,3248
mol1653,CCOC(=O)Nc1nnc(-c2ccccc2)s1,CCOC(=O)[N-]c1nnc(-c2ccccc2)s1,"8,200",5,N,0,-1,1,0,SP2,FALSE,FALSE,3,3249,3250
mol1654,CCOC(=O)[C@@H]([NH3+])CC(C)C,CCOC(=O)[C@@H](N)CC(C)C,"7,630",10,N,1,0,3,2,SP3,FALSE,FALSE,4,3251,3252
mol1655,CCOC(=O)[C@@H]([NH3+])CCC(=O)NCCSC(=O)C(C)(C)C,CCOC(=O)[C@@H](N)CCC(=O)NCCSC(=O)C(C)(C)C,"8,900",20,N,1,0,3,2,SP3,FALSE,FALSE,4,3253,3254
mol1656,CCOC(=O)[C@@H]([NH3+])CCC(=O)NCCSC(=O)c1ccccc1,CCOC(=O)[C@@H](N)CCC(=O)NCCSC(=O)c1ccccc1,"8,850",22,N,1,0,3,2,SP3,FALSE,FALSE,4,3255,3256
mol1657,CCOC(=O)[C@@H]([NH3+])CCC(=O)NCCSC(C)=O,CCOC(=O)[C@@H](N)CCC(=O)NCCSC(C)=O,"8,940",17,N,1,0,3,2,SP3,FALSE,FALSE,4,3257,3258
mol1658,CCOC(=O)[C@H](C)[NH3+],CCOC(=O)[C@H](C)N,"7,800",7,N,1,0,3,2,SP3,FALSE,FALSE,4,3259,3260
mol1659,CCOC(=O)c1c([OH2+])nnn1C,CCOC(=O)c1c(O)nnn1C,"5,540",11,O,1,0,2,1,SP2,FALSE,FALSE,3,3261,3262
mol1660,CCOC(=O)c1c([OH2+])nnn1Cc1ccccc1,CCOC(=O)c1c(O)nnn1Cc1ccccc1,"5,380",17,O,1,0,2,1,SP2,FALSE,FALSE,3,3263,3264
mol1661,CCOC(=O)c1c[nH]c2ccccc2c1=O,CCOC(=O)c1c[n-]c2ccccc2c1=O,"9,620",7,N,0,-1,1,0,SP2,TRUE,TRUE,3,3265,3266
mol1662,CCOC(=O)c1cc(-c2ccccc2)nnc1NCC[NH+]1CCOCC1,CCOC(=O)c1cc(-c2ccccc2)nnc1NCCN1CCOCC1,"6,670",14,N,1,0,1,0,SP3,FALSE,TRUE,4,3268,3267
mol1663,CCOC(=O)c1cc(C#N)c(N2CC(C(=O)[NH2+]S(=O)(=O)Cc3ccc(C)cc3)C2)nc1C,CCOC(=O)c1cc(C#N)c(N2CC(C(=O)NS(=O)(=O)Cc3ccc(C)cc3)C2)nc1C,"3,400",18,N,1,0,2,1,SP3,FALSE,FALSE,4,3269,3270
mol1664,CCOC(=O)c1cc(C#N)c(N2CC(C(=O)[NH2+]S(=O)(=O)Cc3ccccc3)C2)nc1C,CCOC(=O)c1cc(C#N)c(N2CC(C(=O)NS(=O)(=O)Cc3ccccc3)C2)nc1C,"3,600",18,N,1,0,2,1,SP3,FALSE,FALSE,4,3271,3272
mol1665,CCOC(=O)c1cc(C#N)c(N2CCC(C(=O)[NH2+]S(=O)(=O)Cc3ccc(C)cc3)CC2)nc1C,CCOC(=O)c1cc(C#N)c(N2CCC(C(=O)NS(=O)(=O)Cc3ccc(C)cc3)CC2)nc1C,"4,600",20,N,1,0,2,1,SP3,FALSE,FALSE,4,3273,3274
mol1666,CCOC(=O)c1cc(C#N)c(N2CCC(C(=O)[NH2+]S(=O)(=O)Cc3ccccc3)CC2)nc1C,CCOC(=O)c1cc(C#N)c(N2CCC(C(=O)NS(=O)(=O)Cc3ccccc3)CC2)nc1C,"4,600",20,N,1,0,2,1,SP3,FALSE,FALSE,4,3275,3276
mol1667,CCOC(=O)c1cc2cc(F)c(O)c(F)c2oc1=O,CCOC(=O)c1cc2cc(F)c([O-])c(F)c2oc1=O,"3,800",17,O,0,-1,1,0,SP2,FALSE,FALSE,2,3277,3278
mol1668,CCOC(=O)c1ccc(CC[NH3+])cc1,CCOC(=O)c1ccc(CCN)cc1,"9,580",13,N,1,0,3,2,SP3,FALSE,FALSE,4,3279,3280
mol1669,CCOC(=O)c1ccc([NH3+])cc1,CCOC(=O)c1ccc(N)cc1,"2,527",11,N,1,0,3,2,SP3,FALSE,FALSE,4,3281,3282
mol1670,CCOC(=O)c1ccc(O)cc1,CCOC(=O)c1ccc([O-])cc1,"8,820",11,O,0,-1,1,0,SP2,FALSE,FALSE,2,3283,3284
mol1671,CCOC(=O)c1ccc(OS(N)(=O)=O)cc1,CCOC(=O)c1ccc(OS([NH-])(=O)=O)cc1,"8,220",15,N,0,-1,2,1,SP3,FALSE,FALSE,3,3285,3286
mol1672,CCOC(=O)c1cccc(O)c1,CCOC(=O)c1cccc([O-])c1,"9,050",11,O,0,-1,1,0,SP2,FALSE,FALSE,2,3287,3288
mol1673,CCOC(=O)c1ccccc1NC(=O)C1=C([OH2+])C(=O)N(C)C1,CCOC(=O)c1ccccc1NC(=O)C1=C(O)C(=O)N(C)C1,"6,490",21,O,1,0,2,1,SP2,FALSE,FALSE,3,3289,3290
mol1674,CCOC(=O)c1ccc[nH+]c1,CCOC(=O)c1cccnc1,"3,200",9,N,1,0,1,0,SP2,TRUE,TRUE,4,3291,3292
mol1675,CCOC(=O)C1=CN(C)[NH2+]C1=O,CCOC(=O)c1cn(C)[nH]c1=O,"6,710",8,N,1,0,2,1,SP3,FALSE,TRUE,4,3293,3294
mol1676,CCOC(=O)c1cn2c(C)c(C)[nH+]c2c2c1CCC(c1ccccc1)O2,CCOC(=O)c1cn2c(C)c(C)nc2c2c1CCC(c1ccccc1)O2,"6,350",10,N,1,0,1,0,SP2,TRUE,TRUE,4,3295,3296
mol1677,CCOC(=O)c1c[nH+]c2cc3c(cc2c1OCC)OCO3,CCOC(=O)c1cnc2cc3c(cc2c1OCC)OCO3,"4,090",10,N,1,0,1,0,SP2,TRUE,TRUE,4,3297,3298
mol1678,CCOC(=O)c1c[nH+]c2ccccc2c1OCC,CCOC(=O)c1cnc2ccccc2c1OCC,"3,880",10,N,1,0,1,0,SP2,TRUE,TRUE,4,3299,3300
mol1679,CCOC(=O)c1c[nH+]cn1[C@H](C)c1ccccc1,CCOC(=O)c1cncn1[C@H](C)c1ccccc1,"4,500",7,N,1,0,1,0,SP2,TRUE,TRUE,4,3301,3302
mol1680,CCOC(=O)C1=N[NH2+]N(C)C1=O,CCOC(=O)c1n[nH]n(C)c1=O,"6,210",9,N,1,0,2,1,SP3,FALSE,TRUE,4,3303,3304
mol1681,CCOC(=O)C1=N[NH2+]N(Cc2ccccc2)C1=O,CCOC(=O)c1n[nH]n(Cc2ccccc2)c1=O,"6,220",9,N,1,0,2,1,SP3,FALSE,TRUE,4,3305,3306
mol1682,CCOC(=O)c1[nH+]cn2c1CN(C)C(=O)c1cc(F)ccc1-2,CCOC(=O)c1ncn2c1CN(C)C(=O)c1cc(F)ccc1-2,"6,200",9,N,1,0,1,0,SP2,TRUE,TRUE,4,3307,3308
mol1683,CCOC(=O)C1=NN(C)[NH2+]C1=O,CCOC(=O)c1nn(C)[nH]c1=O,"5,140",8,N,1,0,2,1,SP3,FALSE,TRUE,4,3309,3310
mol1684,CCOC(=O)C1=NN(Cc2ccccc2)[NH2+]C1=O,CCOC(=O)c1nn(Cc2ccccc2)[nH]c1=O,"5,140",8,N,1,0,2,1,SP3,FALSE,TRUE,4,3311,3312
mol1687,CCOC(C)=[NH2+],CCOC(C)=N,"7,150",4,N,1,0,2,1,SP2,FALSE,FALSE,4,3313,3314
mol1688,CCOCC(=O)O,CCOCC(=O)[O-],"3,610",6,O,0,-1,1,0,SP2,FALSE,FALSE,2,3315,3316
mol1689,CCOCC[NH+](C)c1ccccc1,CCOCCN(C)c1ccccc1,"4,800",5,N,1,0,1,0,SP3,FALSE,FALSE,4,3317,3318
mol1690,CCOCC[NH2+]c1ccc(C)cc1,CCOCCNc1ccc(C)cc1,"4,600",5,N,1,0,2,1,SP3,FALSE,FALSE,4,3319,3320
mol1691,CCOCC[NH2+]c1ccc(Cl)cc1,CCOCCNc1ccc(Cl)cc1,"3,280",5,N,1,0,2,1,SP3,FALSE,FALSE,4,3321,3322
mol1692,CCOCC[NH2+]c1ccc(OC)cc1,CCOCCNc1ccc(OC)cc1,"4,990",5,N,1,0,2,1,SP3,FALSE,FALSE,4,3323,3324
mol1693,CCOCC[NH2+]c1cccc(C)c1,CCOCCNc1cccc(C)c1,"4,240",5,N,1,0,2,1,SP3,FALSE,FALSE,4,3325,3326
mol1694,CCOCC[NH2+]c1cccc(OC)c1,CCOCCNc1cccc(OC)c1,"3,670",5,N,1,0,2,1,SP3,FALSE,FALSE,4,3327,3328
mol1695,CCOCC[NH2+]c1ccccc1,CCOCCNc1ccccc1,"4,040",5,N,1,0,2,1,SP3,FALSE,FALSE,4,3329,3330
mol1696,CCOO,CCO[O-],"11,800",3,O,0,-1,1,0,SP3,FALSE,FALSE,2,3331,3332
mol1697,CCOP(=O)(C[NH+]1CCOCC1)OCC,CCOP(=O)(CN1CCOCC1)OCC,"4,000",6,N,1,0,1,0,SP3,FALSE,TRUE,4,3334,3333
mol1698,CCOP(=O)(OCC)C(C)([NH3+])CCC[P+](c1ccccc1)(c1ccccc1)c1ccccc1,CCOP(=O)(OCC)C(C)(N)CCC[P+](c1ccccc1)(c1ccccc1)c1ccccc1,"5,130",29,N,1,0,3,2,SP3,FALSE,FALSE,4,3336,3335
mol1699,CCOP(=O)(OCC)C1(C)CCC[NH2+]1,CCOP(=O)(OCC)C1(C)CCCN1,"7,010",9,N,1,0,2,1,SP3,FALSE,TRUE,4,3338,3337
mol1700,CCOP(=O)(OCC)c1ccc(C2=CC(=O)O[NH2+]2)o1,CCOP(=O)(OCC)c1ccc(-c2cc(=O)o[nH]2)o1,"3,230",15,N,1,0,2,1,SP3,FALSE,TRUE,4,3339,3340
mol1701,CCO[C@@H]([C@H]1C[C@@H](C)[C@H]2[C@H](O1)[C@H](O)[C@@]1(C)[C@@H]3CC[C@H]4C(C)(C)[C@@H](O[C@H]5CN(C6C[NH+](CCO)C6)CCO5)CC[C@@]45C[C@@]35CC[C@]21C)C(C)(C)O,CCO[C@@H]([C@H]1C[C@@H](C)[C@H]2[C@H](O1)[C@H](O)[C@@]1(C)[C@@H]3CC[C@H]4C(C)(C)[C@@H](O[C@H]5CN(C6CN(CCO)C6)CCO5)CC[C@@]45C[C@@]35CC[C@]21C)C(C)(C)O,"8,400",37,N,1,0,1,0,SP3,FALSE,TRUE,4,3341,3342
mol1702,CCO[C@@H]([C@H]1C[C@@H](C)[C@H]2[C@H](O1)[C@H](O)[C@@]1(C)[C@@H]3CC[C@H]4C(C)(C)[C@@H](O[C@H]5CN(C6C[NH2+]C6)CCO5)CC[C@@]45C[C@@]35CC[C@]21C)C(C)(C)O,CCO[C@@H]([C@H]1C[C@@H](C)[C@H]2[C@H](O1)[C@H](O)[C@@]1(C)[C@@H]3CC[C@H]4C(C)(C)[C@@H](O[C@H]5CN(C6CNC6)CCO5)CC[C@@]45C[C@@]35CC[C@]21C)C(C)(C)O,"10,700",37,N,1,0,2,1,SP3,FALSE,TRUE,4,3343,3344
mol1703,CCO[C@H]1C[C@@H]1C(=O)O,CCO[C@H]1C[C@@H]1C(=O)[O-],"4,460",8,O,0,-1,1,0,SP2,FALSE,FALSE,2,3345,3346
mol1704,CCO[C@H]1C[C@H]1C(=O)O,CCO[C@H]1C[C@H]1C(=O)[O-],"4,830",8,O,0,-1,1,0,SP2,FALSE,FALSE,2,3347,3348
mol1705,CCOc1c(C#N)c[nH+]c2ccccc12,CCOc1c(C#N)cnc2ccccc12,"3,180",10,N,1,0,1,0,SP2,TRUE,TRUE,4,3349,3350
mol1706,CCOc1cc(C)nc(N2[NH2+]C(C)=CC2=O)n1,CCOc1cc(C)nc(-n2[nH]c(C)cc2=O)n1,"7,350",14,N,1,0,2,1,SP3,FALSE,TRUE,4,3351,3352
mol1707,CCOc1cc(C[NH+]2CCC(Nc3nc4cc(C(N)=O)ccc4o3)CC2)cc(OCC)c1F,CCOc1cc(CN2CCC(Nc3nc4cc(C(N)=O)ccc4o3)CC2)cc(OCC)c1F,"7,720",14,N,1,0,1,0,SP3,FALSE,TRUE,4,3353,3354
mol1708,CCOc1cc(C[NH+]2CCC(Nc3nc4cc(S(=O)(=O)CC)ccc4o3)CC2)cc(OC2CCOCC2)c1,CCOc1cc(CN2CCC(Nc3nc4cc(S(=O)(=O)CC)ccc4o3)CC2)cc(OC2CCOCC2)c1,"7,550",17,N,1,0,1,0,SP3,FALSE,TRUE,4,3355,3356
mol1709,CCOc1cc(C[NH+]2CCC(Nc3nc4cc(S(=O)(=O)CC)ccc4o3)CC2)ccc1OC,CCOc1cc(CN2CCC(Nc3nc4cc(S(=O)(=O)CC)ccc4o3)CC2)ccc1OC,"8,100",12,N,1,0,1,0,SP3,FALSE,TRUE,4,3357,3358
mol1710,CCOc1cc(C[NH+]2CCC(Nc3nc4ccccc4o3)CC2)cc(OC2CCOCC2)c1,CCOc1cc(CN2CCC(Nc3nc4ccccc4o3)CC2)cc(OC2CCOCC2)c1,"7,760",17,N,1,0,1,0,SP3,FALSE,TRUE,4,3359,3360
mol1711,CCOc1cc(C[NH+]2CCC(Nc3nc4ccccc4o3)CC2)ccc1Cl,CCOc1cc(CN2CCC(Nc3nc4ccccc4o3)CC2)ccc1Cl,"7,630",11,N,1,0,1,0,SP3,FALSE,TRUE,4,3361,3362
mol1712,CCOc1cc(C[NH+]2CCC(Nc3nc4ccccc4o3)CC2)ccc1F,CCOc1cc(CN2CCC(Nc3nc4ccccc4o3)CC2)ccc1F,"7,790",11,N,1,0,1,0,SP3,FALSE,TRUE,4,3363,3364
mol1713,CCOc1cc(C[NH+]2CCC(Nc3nc4ccccc4o3)CC2)ccc1OC,CCOc1cc(CN2CCC(Nc3nc4ccccc4o3)CC2)ccc1OC,"8,300",12,N,1,0,1,0,SP3,FALSE,TRUE,4,3365,3366
mol1714,CCOc1ccc(-c2ccc(CCC[NH+](C)C)cc2)cc1,CCOc1ccc(-c2ccc(CCCN(C)C)cc2)cc1,"9,820",18,N,1,0,1,0,SP3,FALSE,FALSE,4,3367,3368
mol1715,CCOc1ccc(/[NH+]=C/N(C)C)cc1,CCOc1ccc(/N=C/N(C)C)cc1,"9,240",9,N,1,0,1,0,SP2,FALSE,FALSE,4,3369,3370
mol1716,CCOc1ccc(C(=O)O)c(C)c1,CCOc1ccc(C(=O)[O-])c(C)c1,"4,540",12,O,0,-1,1,0,SP2,FALSE,FALSE,2,3371,3372
mol1717,CCOc1ccc(C(=O)O)cc1,CCOc1ccc(C(=O)[O-])cc1,"4,640",11,O,0,-1,1,0,SP2,FALSE,FALSE,2,3373,3374
mol1718,CCOc1ccc(C(=O)c2ccc3n2CCC3C(=O)O)cc1,CCOc1ccc(C(=O)c2ccc3n2CCC3C(=O)[O-])cc1,"3,460",21,O,0,-1,1,0,SP2,FALSE,FALSE,2,3375,3376
mol1719,CCOc1ccc(C)c(C(=O)O)c1,CCOc1ccc(C)c(C(=O)[O-])c1,"3,860",11,O,0,-1,1,0,SP2,FALSE,FALSE,2,3377,3378
mol1720,CCOc1ccc([NH3+])cc1,CCOc1ccc(N)cc1,"5,250",9,N,1,0,3,2,SP3,FALSE,FALSE,4,3379,3380
mol1721,CCOc1ccc(NC(=O)c2cn3c(C)c(C)[nH+]c3c3c2CCC(c2ccccc2)O3)cc1,CCOc1ccc(NC(=O)c2cn3c(C)c(C)nc3c3c2CCC(c2ccccc2)O3)cc1,"6,570",17,N,1,0,1,0,SP2,TRUE,TRUE,4,3381,3382
mol1722,CCOc1ccc(O)cc1,CCOc1ccc([O-])cc1,"10,230",9,O,0,-1,1,0,SP2,FALSE,FALSE,2,3383,3384
mol1723,CCOc1ccc2[nH+]c(/C=C/C=C/c3ccccc3)cc(N)c2c1,CCOc1ccc2nc(/C=C/C=C/c3ccccc3)cc(N)c2c1,"9,500",12,N,1,0,1,0,SP2,TRUE,TRUE,4,3385,3386
mol1724,CCOc1ccc2[nH+]c(/C=C/c3ccccc3)cc(N)c2c1,CCOc1ccc2nc(/C=C/c3ccccc3)cc(N)c2c1,"9,500",12,N,1,0,1,0,SP2,TRUE,TRUE,4,3387,3388
mol1725,CCOc1ccc2[nH+]c3c(c(N4CCOCC4)c2c1)CCC3,CCOc1ccc2nc3c(c(N4CCOCC4)c2c1)CCC3,"7,110",12,N,1,0,1,0,SP2,TRUE,TRUE,4,3390,3389
mol1726,CCOc1ccc2c3c1O[C@H]1[C@@H](O)C=C[C@H]4[C@@H](C2)[NH+](C)CC[C@@]341,CCOc1ccc2c3c1O[C@H]1[C@@H](O)C=C[C@H]4[C@@H](C2)N(C)CC[C@@]341,"8,030",14,N,1,0,1,0,SP3,FALSE,TRUE,4,3391,3392
mol1727,CCOc1ccc2ccccc2c1C(=O)N[C@@H]1C(=O)N2[C@@H]1SC(C)(C)[C@@H]2C(=O)O,CCOc1ccc2ccccc2c1C(=O)N[C@@H]1C(=O)N2[C@@H]1SC(C)(C)[C@@H]2C(=O)[O-],"2,700",28,O,0,-1,1,0,SP2,FALSE,FALSE,2,3393,3394
mol1728,CCOc1ccc2[nH+]c(C(C)C)[nH]c2c1,CCOc1ccc2nc(C(C)C)[nH]c2c1,"6,170",11,N,1,0,1,0,SP2,TRUE,TRUE,4,3395,3396
mol1729,CCOc1ccc2[nH+]c(C)[nH]c2c1,CCOc1ccc2nc(C)[nH]c2c1,"6,220",11,N,1,0,1,0,SP2,TRUE,TRUE,4,3397,3398
mol1730,CCOc1ccc2[nH+]c(CC(C)C)[nH]c2c1,CCOc1ccc2nc(CC(C)C)[nH]c2c1,"6,070",11,N,1,0,1,0,SP2,TRUE,TRUE,4,3399,3400
mol1731,CCOc1ccc2[nH+]c(CC)[nH]c2c1,CCOc1ccc2nc(CC)[nH]c2c1,"6,270",10,N,1,0,1,0,SP2,TRUE,TRUE,4,3401,3402
mol1732,CCOc1ccc2[nH+]c[nH]c2c1,CCOc1ccc2nc[nH]c2c1,"5,570",11,N,1,0,1,0,SP2,TRUE,TRUE,4,3403,3404
mol1733,CCOc1cccc(/[NH+]=C/N(C)C)c1,CCOc1cccc(/N=C/N(C)C)c1,"8,870",9,N,1,0,1,0,SP2,FALSE,FALSE,4,3405,3406
mol1734,CCOc1cccc(C(=O)N[C@@H]2C[C@H]3CC[C@@H](C2)[NH+]3Cc2ccccc2)c1OC,CCOc1cccc(C(=O)N[C@@H]2C[C@H]3CC[C@@H](C2)N3Cc2ccccc2)c1OC,"8,780",21,N,1,0,1,0,SP3,FALSE,TRUE,4,3407,3408
mol1735,CCOc1cccc(C(=O)O)c1,CCOc1cccc(C(=O)[O-])c1,"4,170",11,O,0,-1,1,0,SP2,FALSE,FALSE,2,3409,3410
mol1736,CCOc1cccc(C(=O)O)c1C,CCOc1cccc(C(=O)[O-])c1C,"3,730",12,O,0,-1,1,0,SP2,FALSE,FALSE,2,3411,3412
mol1737,CCOc1cccc(C(=O)c2ccc3n2CCC3C(=O)O)c1,CCOc1cccc(C(=O)c2ccc3n2CCC3C(=O)[O-])c1,"3,460",21,O,0,-1,1,0,SP2,FALSE,FALSE,2,3413,3414
mol1738,CCOc1cccc(C)c1C(=O)O,CCOc1cccc(C)c1C(=O)[O-],"3,510",11,O,0,-1,1,0,SP2,FALSE,FALSE,2,3415,3416
mol1739,CCOc1cccc([NH3+])c1,CCOc1cccc(N)c1,"4,150",9,N,1,0,3,2,SP3,FALSE,FALSE,4,3417,3418
mol1740,CCOc1ccccc1/C=C/C(=O)O,CCOc1ccccc1/C=C/C(=O)[O-],"4,680",13,O,0,-1,1,0,SP2,FALSE,FALSE,2,3419,3420
mol1741,CCOc1ccccc1/C=C\C(=O)O,CCOc1ccccc1/C=C\C(=O)[O-],"4,350",13,O,0,-1,1,0,SP2,FALSE,FALSE,2,3421,3422
mol1742,CCOc1ccccc1C(=O)O,CCOc1ccccc1C(=O)[O-],"4,180",11,O,0,-1,1,0,SP2,FALSE,FALSE,2,3423,3424
mol1743,CCOc1ccccc1[NH3+],CCOc1ccccc1N,"4,510",9,N,1,0,3,2,SP3,FALSE,FALSE,4,3425,3426
mol1745,CCOc1cccc[nH+]1,CCOc1ccccn1,"3,470",8,N,1,0,1,0,SP2,TRUE,TRUE,4,3427,3428
mol1746,CCOc1ccnc(=O)[nH]1,CCOc1ccnc(=O)[n-]1,"10,700",9,N,0,-1,1,0,SP2,TRUE,TRUE,3,3429,3430
mol1747,CCOc1nccc(=O)[nH]1,CCOc1nccc(=O)[n-]1,"8,200",4,N,0,-1,1,0,SP2,TRUE,TRUE,3,3431,3432
mol1748,CCOc1noc2c1C[NH+](C)CC2,CCOc1noc2c1CN(C)CC2,"6,600",10,N,1,0,1,0,SP3,FALSE,TRUE,4,3434,3433
mol1749,CCOc1noc2c1C[NH2+]CC2,CCOc1noc2c1CNCC2,"7,600",10,N,1,0,2,1,SP3,FALSE,TRUE,4,3435,3436
mol1750,CCS(=O)(=O)c1cc(OC)c(OC)c(C(=O)N[C@@H]2C[C@H]3CC[C@@H](C2)[NH+]3Cc2ccccc2)c1,CCS(=O)(=O)c1cc(OC)c(OC)c(C(=O)N[C@@H]2C[C@H]3CC[C@@H](C2)N3Cc2ccccc2)c1,"8,900",25,N,1,0,1,0,SP3,FALSE,TRUE,4,3437,3438
mol1751,CCS(=O)(=O)n1c2c(c3cc(C(=O)N4CCC(C)CC4)ccc31)C[NH+](C1CCOC1)CC2,CCS(=O)(=O)n1c2c(c3cc(C(=O)N4CCC(C)CC4)ccc31)CN(C1CCOC1)CC2,"5,900",16,N,1,0,1,0,SP3,FALSE,TRUE,4,3440,3439
mol1752,CCS(=O)(=O)n1c2c(c3cc(C(=O)N4CCC(C)CC4)ccc31)C[NH+](C1CCOCC1)CC2,CCS(=O)(=O)n1c2c(c3cc(C(=O)N4CCC(C)CC4)ccc31)CN(C1CCOCC1)CC2,"6,900",16,N,1,0,1,0,SP3,FALSE,TRUE,4,3442,3441
mol1753,CCS(=O)O,CCS(=O)[O-],"2,270",4,O,0,-1,1,0,SP3,FALSE,FALSE,2,3443,3444
mol1754,CCSC(=[NH2+])c1ccccc1,CCSC(=N)c1ccccc1,"6,050",4,N,1,0,2,1,SP2,FALSE,FALSE,4,3445,3446
mol1755,CCSC(C)=[NH2+],CCSC(C)=N,"6,900",4,N,1,0,2,1,SP2,FALSE,FALSE,4,3447,3448
mol1756,CCSC(C)C(=O)O,CCSC(C)C(=O)[O-],"3,800",7,O,0,-1,1,0,SP2,FALSE,FALSE,2,3449,3450
mol1757,CCSCC[NH+](CC)CC,CCSCCN(CC)CC,"9,030",2,N,1,0,1,0,SP3,FALSE,FALSE,4,3451,3452
mol1758,CCSCC[NH3+],CCSCCN,"9,480",5,N,1,0,3,2,SP3,FALSE,FALSE,4,3453,3454
mol1759,CCS[C@@H]1C(O)C2CC(=O)CC1[NH+]2C,CCS[C@@H]1C(O)C2CC(=O)CC1N2C,"5,150",12,N,1,0,1,0,SP3,FALSE,TRUE,4,3456,3455
mol1760,CC[C@@H](C(=O)O)[C@@]1(O)C[C@H]2CC[C@@H]1C2,CC[C@@H](C(=O)[O-])[C@@]1(O)C[C@H]2CC[C@@H]1C2,"4,260",5,O,0,-1,1,0,SP2,FALSE,FALSE,2,3457,3458
mol1761,CC[C@@H](C)Nc1[nH+]cnc2c1ncn2[C@@H]1O[C@H](CO)[C@@H](O)[C@H]1O,CC[C@@H](C)Nc1ncnc2c1ncn2[C@@H]1O[C@H](CO)[C@@H](O)[C@H]1O,"3,700",10,N,1,0,1,0,SP2,TRUE,TRUE,4,3459,3460
mol1762,CC[C@@H](C[C@H]1COC(N)=[NH+]1)c1ccccc1,CC[C@@H](C[C@H]1COC(N)=N1)c1ccccc1,"8,980",8,N,1,0,1,0,SP2,FALSE,TRUE,4,3461,3462
mol1763,CC[C@@H]1C(=O)OC[C@@H]1Cc1c[nH+]cn1C,CC[C@@H]1C(=O)OC[C@@H]1Cc1cncn1C,"6,990",11,N,1,0,1,0,SP2,TRUE,TRUE,4,3463,3464
mol1764,CC[C@@H]1C(=O)OC[C@H]1Cc1c[nH+]cn1C,CC[C@@H]1C(=O)OC[C@H]1Cc1cncn1C,"7,170",11,N,1,0,1,0,SP2,TRUE,TRUE,4,3465,3466
mol1765,CC[C@H](C(=O)O)[C@@]1(O)C[C@H]2CC[C@@H]1C2,CC[C@H](C(=O)[O-])[C@@]1(O)C[C@H]2CC[C@@H]1C2,"4,070",5,O,0,-1,1,0,SP2,FALSE,FALSE,2,3467,3468
mol1766,CC[C@H](C)C(=O)O[C@H]1C[C@H](O)C=C2C=C[C@H](C)[C@H](CC[C@@H](O)C[C@@H](O)CC(=O)O)[C@H]21,CC[C@H](C)C(=O)O[C@H]1C[C@H](O)C=C2C=C[C@H](C)[C@H](CC[C@@H](O)C[C@@H](O)CC(=O)[O-])[C@H]21,"4,700",26,O,0,-1,1,0,SP2,FALSE,FALSE,2,3469,3470
mol1767,CC[C@H](C)Nc1cc(C(=O)N[C@@H](Cc2ccccc2)[C@H](O)[C@H]2CCC[NH2+]2)cc(S(C)(=O)=O)n1,CC[C@H](C)Nc1cc(C(=O)N[C@@H](Cc2ccccc2)[C@H](O)[C@H]2CCCN2)cc(S(C)(=O)=O)n1,"9,400",31,N,1,0,2,1,SP3,FALSE,TRUE,4,3471,3472
mol1768,CC[C@H](NC(=O)c1cc(F)ccc1[NH2+]S(=O)(=O)c1ccc(Cl)cc1)c1ccccc1,CC[C@H](NC(=O)c1cc(F)ccc1NS(=O)(=O)c1ccc(Cl)cc1)c1ccccc1,"3,800",18,N,1,0,2,1,SP3,FALSE,FALSE,4,3473,3474
mol1769,CC[C@H](NC(=O)c1cc(OC)ccc1NS(=O)(=O)c1ccc(C)cc1)c1ccccc1,CC[C@H](NC(=O)c1cc(OC)ccc1[N-]S(=O)(=O)c1ccc(C)cc1)c1ccccc1,"7,500",18,N,0,-1,1,0,SP2,FALSE,FALSE,3,3475,3476
mol1770,CC[C@H](NC(=O)c1ccccc1[NH2+]S(=O)(=O)c1ccc(C(F)(F)F)cc1)c1ccccc1,CC[C@H](NC(=O)c1ccccc1NS(=O)(=O)c1ccc(C(F)(F)F)cc1)c1ccccc1,"4,000",18,N,1,0,2,1,SP3,FALSE,FALSE,4,3477,3478
mol1771,CC[C@H]1C[NH+]2CCc3cc(OC)c(OC)cc3[C@@H]2C[C@@H]1CC=O,CC[C@H]1CN2CCc3cc(OC)c(OC)cc3[C@@H]2C[C@@H]1CC=O,"8,110",4,N,1,0,1,0,SP3,FALSE,TRUE,4,3479,3480
mol1772,CC[C@H]1OC(=O)C[C@@H](O)[C@H](C)[C@@H](O[C@@H]2O[C@H](C)C[C@H]([NH+](C)C)[C@H]2O)[C@@H](CC=O)C[C@@H](C)C(=O)/C=C\[C@]2(C)O[C@H]2[C@@H]1C,CC[C@H]1OC(=O)C[C@@H](O)[C@H](C)[C@@H](O[C@@H]2O[C@H](C)C[C@H](N(C)C)[C@H]2O)[C@@H](CC=O)C[C@@H](C)C(=O)/C=C\[C@]2(C)O[C@H]2[C@@H]1C,"8,790",31,N,1,0,1,0,SP3,FALSE,FALSE,4,3481,3482
mol1773,CC[C@]1(C)NC(=O)c2cc(S(=O)(=O)[NH2+]c3ccc(C(F)(F)F)cc3)ccc2NC1=O,CC[C@]1(C)NC(=O)c2cc(S(=O)(=O)Nc3ccc(C(F)(F)F)cc3)ccc2NC1=O,"6,900",18,N,1,0,2,1,SP3,FALSE,FALSE,4,3483,3484
mol1774,CC[C@]1(C)NC(=O)c2cc(S(=O)(=O)[NH2+]c3ccc(F)cc3F)ccc2NC1=O,CC[C@]1(C)NC(=O)c2cc(S(=O)(=O)Nc3ccc(F)cc3F)ccc2NC1=O,"7,300",18,N,1,0,2,1,SP3,FALSE,FALSE,4,3485,3486
mol1775,CC[C@]1(C)NC(=O)c2cc(S(=O)(=O)Nc3ccc(OC(F)F)cc3)ccc2NC1=O,CC[C@]1(C)NC(=O)c2cc(S(=O)(=O)[N-]c3ccc(OC(F)F)cc3)ccc2NC1=O,"7,900",18,N,0,-1,1,0,SP2,FALSE,FALSE,3,3487,3488
mol1776,CC[C@]1(O)C[C@@H](C)[NH2+][C@@H]2CCCC[C@H]21,CC[C@]1(O)C[C@@H](C)N[C@@H]2CCCC[C@H]21,"10,310",5,N,1,0,2,1,SP3,FALSE,TRUE,4,3489,3490
mol1777,CC[C@]1(O)C[C@@H](C)[NH2+][C@H]2CCCC[C@@H]21,CC[C@]1(O)C[C@@H](C)N[C@H]2CCCC[C@@H]21,"9,710",5,N,1,0,2,1,SP3,FALSE,TRUE,4,3491,3492
mol1778,CC[C@]1(O)C[C@H](C)[NH2+][C@@H]2CCCC[C@H]21,CC[C@]1(O)C[C@H](C)N[C@@H]2CCCC[C@H]21,"10,050",5,N,1,0,2,1,SP3,FALSE,TRUE,4,3493,3494
mol1779,CC[C@]1(c2ccccc2)NC(=O)NC1=O,CC[C@]1(c2ccccc2)NC(=O)[N-]C1=O,"8,500",5,N,0,-1,1,0,SP2,FALSE,TRUE,3,3495,3496
mol1780,CC[C@]12CCC[NH+]3CC[C@@]4(c5cccc(OC)c5N(C(C)=O)[C@H]4CC1)[C@@H]32,CC[C@]12CCCN3CC[C@@]4(c5cccc(OC)c5N(C(C)=O)[C@H]4CC1)[C@@H]32,"7,570",6,N,1,0,1,0,SP3,FALSE,TRUE,4,3497,3498
mol1781,CC[C@]12CCC[NH+]3CCc4c(n(c5ccccc45)CC1)[C@@H]32,CC[C@]12CCCN3CCc4c(n(c5ccccc45)CC1)[C@@H]32,"6,900",6,N,1,0,1,0,SP3,FALSE,TRUE,4,3500,3499
mol1782,CC[N+](C)(C)C1CN(c2cc3c(cc2F)c(=O)c(C(=O)O)cn3C2CC2)C1,CC[N+](C)(C)C1CN(c2cc3c(cc2F)c(=O)c(C(=O)[O-])cn3C2CC2)C1,"6,460",26,O,0,-1,1,0,SP2,FALSE,FALSE,2,3501,3502
mol1783,CC[N+](C)(CC)CCSC(N=O)C(=O)c1ccc(C#N)cc1,CC[N+](C)(CC)CCS[C+](N=O)C(=O)c1ccc(C#N)cc1,"6,720",9,C,0,1,1,0,SP3,FALSE,FALSE,4,3504,3503
mol1784,CC[N+](C)(CC)CCSC(N=O)C(=O)c1ccc(Cl)cc1,CC[N+](C)(CC)CCS[C+](N=O)C(=O)c1ccc(Cl)cc1,"7,170",9,C,0,1,1,0,SP3,FALSE,FALSE,4,3506,3505
mol1785,CC[N+](C)(CC)CCSC(N=O)C(=O)c1ccc(F)cc1,CC[N+](C)(CC)CCS[C+](N=O)C(=O)c1ccc(F)cc1,"7,310",9,C,0,1,1,0,SP3,FALSE,FALSE,4,3508,3507
mol1786,CC[N+](C)(CC)CCSC(N=O)C(=O)c1ccc(OC)cc1,CC[N+](C)(CC)CCS[C-](N=O)C(=O)c1ccc(OC)cc1,"7,700",9,C,0,-1,1,0,SP3,FALSE,FALSE,4,3509,3510
mol1787,CC[N+](O)(CC)CC,CC[N+]([O-])(CC)CC,"5,130",7,O,0,-1,1,0,SP3,FALSE,FALSE,2,3511,3512
mol1788,CC[NH+](C(C)C)C(C)C,CCN(C(C)C)C(C)C,"11,440",2,N,1,0,1,0,SP3,FALSE,FALSE,4,3513,3514
mol1789,CC[NH+](C)C,CCN(C)C,"10,125",2,N,1,0,1,0,SP3,FALSE,FALSE,4,3515,3516
mol1790,CC[NH+](C)CC,CCN(C)CC,"10,390",2,N,1,0,1,0,SP3,FALSE,FALSE,4,3517,3518
mol1791,CC[NH+](C)CCCNC(=O)CN=O,CCN(C)CCCNC(=O)CN=O,"9,345",2,N,1,0,1,0,SP3,FALSE,FALSE,4,3519,3520
mol1792,CC[NH+](C)Cc1no[n+]([O-])c1C#N,CCN(C)Cc1no[n+]([O-])c1C#N,"5,790",2,N,1,0,1,0,SP3,FALSE,FALSE,4,3522,3521
mol1794,CC[NH+](CC)C(C)(C)C=O,CCN(CC)C(C)(C)C=O,"8,300",2,N,1,0,1,0,SP3,FALSE,FALSE,4,3523,3524
mol1795,CC[NH+](CC)C(C)C(=O)Nc1c(C)cccc1C,CCN(CC)C(C)C(=O)Nc1c(C)cccc1C,"8,053",2,N,1,0,1,0,SP3,FALSE,FALSE,4,3525,3526
mol1796,CC[NH+](CC)C(C)C=C(c1cccs1)c1cccs1,CCN(CC)C(C)C=C(c1cccs1)c1cccs1,"8,900",2,N,1,0,1,0,SP3,FALSE,FALSE,4,3527,3528
mol1797,CC[NH+](CC)C(C)CC(=O)Nc1c(C)cccc1C,CCN(CC)C(C)CC(=O)Nc1c(C)cccc1C,"9,030",2,N,1,0,1,0,SP3,FALSE,FALSE,4,3529,3530
mol1798,CC[NH+](CC)C(C)CCC(=O)Nc1c(C)cccc1C,CCN(CC)C(C)CCC(=O)Nc1c(C)cccc1C,"9,870",2,N,1,0,1,0,SP3,FALSE,FALSE,4,3531,3532
mol1799,CC[NH+](CC)C(C)CCCC(=O)Nc1c(C)cccc1C,CCN(CC)C(C)CCCC(=O)Nc1c(C)cccc1C,"10,100",2,N,1,0,1,0,SP3,FALSE,FALSE,4,3533,3534
mol1800,CC[NH+](CC)C(C)O,CCN(CC)C(C)O,"10,200",2,N,1,0,1,0,SP3,FALSE,FALSE,4,3535,3536
mol1801,CC[NH+](CC)CC,CCN(CC)CC,"10,765",2,N,1,0,1,0,SP3,FALSE,FALSE,4,3537,3538
mol1802,CC[NH+](CC)CC(=O)N(C)c1ccccc1C,CCN(CC)CC(=O)N(C)c1ccccc1C,"8,740",2,N,1,0,1,0,SP3,FALSE,FALSE,4,3539,3540
mol1803,CC[NH+](CC)CC(=O)NC1CCCCC1,CCN(CC)CC(=O)NC1CCCCC1,"8,210",2,N,1,0,1,0,SP3,FALSE,FALSE,4,3541,3542
mol1804,CC[NH+](CC)CC(=O)NC1CCc2ccccc21,CCN(CC)CC(=O)NC1CCc2ccccc21,"8,190",2,N,1,0,1,0,SP3,FALSE,FALSE,4,3543,3544
mol1805,CC[NH+](CC)CC(=O)NC1c2ccccc2-c2ccccc21,CCN(CC)CC(=O)NC1c2ccccc2-c2ccccc21,"7,980",2,N,1,0,1,0,SP3,FALSE,FALSE,4,3545,3546
mol1806,CC[NH+](CC)CC(=O)NCc1ccccc1,CCN(CC)CC(=O)NCc1ccccc1,"8,070",2,N,1,0,1,0,SP3,FALSE,FALSE,4,3547,3548
mol1807,CC[NH+](CC)CC(=O)Nc1c(C)cc(C)cc1C,CCN(CC)CC(=O)Nc1c(C)cc(C)cc1C,"7,900",2,N,1,0,1,0,SP3,FALSE,FALSE,4,3549,3550
mol1808,CC[NH+](CC)CC(=O)Nc1c(C)cccc1C,CCN(CC)CC(=O)Nc1c(C)cccc1C,"7,874",2,N,1,0,1,0,SP3,FALSE,FALSE,4,3551,3552
mol1809,CC[NH+](CC)CC(=O)Nc1cc(C)cc(C)c1,CCN(CC)CC(=O)Nc1cc(C)cc(C)c1,"8,010",2,N,1,0,1,0,SP3,FALSE,FALSE,4,3553,3554
mol1810,CC[NH+](CC)CC(=O)Nc1cc(C)ccc1C,CCN(CC)CC(=O)Nc1cc(C)ccc1C,"7,920",2,N,1,0,1,0,SP3,FALSE,FALSE,4,3555,3556
mol1811,CC[NH+](CC)CC(=O)Nc1ccc(C)cc1,CCN(CC)CC(=O)Nc1ccc(C)cc1,"8,130",2,N,1,0,1,0,SP3,FALSE,FALSE,4,3557,3558
mol1812,CC[NH+](CC)CC(=O)Nc1ccc(C)cc1C,CCN(CC)CC(=O)Nc1ccc(C)cc1C,"7,950",2,N,1,0,1,0,SP3,FALSE,FALSE,4,3559,3560
mol1813,CC[NH+](CC)CC(=O)Nc1ccccc1,CCN(CC)CC(=O)Nc1ccccc1,"8,000",2,N,1,0,1,0,SP3,FALSE,FALSE,4,3561,3562
mol1814,CC[NH+](CC)CC(=O)Nc1ccccc1C,CCN(CC)CC(=O)Nc1ccccc1C,"7,950",2,N,1,0,1,0,SP3,FALSE,FALSE,4,3563,3564
mol1815,CC[NH+](CC)CC(C)N=O,CCN(CC)CC(C)N=O,"10,980",2,N,1,0,1,0,SP3,FALSE,FALSE,4,3565,3566
mol1816,CC[NH+](CC)CC(N=O)C(C)N=O,CCN(CC)CC(N=O)C(C)N=O,"10,750",2,N,1,0,1,0,SP3,FALSE,FALSE,4,3567,3568
mol1817,CC[NH+](CC)CC(O)CO,CCN(CC)CC(O)CO,"9,770",2,N,1,0,1,0,SP3,FALSE,FALSE,4,3569,3570
mol1818,CC[NH+](CC)CC1CO1,CCN(CC)CC1CO1,"8,550",2,N,1,0,1,0,SP3,FALSE,FALSE,4,3571,3572
mol1819,CC[NH+](CC)CCBr,CCN(CC)CCBr,"7,000",2,N,1,0,1,0,SP3,FALSE,FALSE,4,3574,3573
mol1820,CC[NH+](CC)CCC(=O)Nc1c(C)cccc1C,CCN(CC)CCC(=O)Nc1c(C)cccc1C,"8,895",2,N,1,0,1,0,SP3,FALSE,FALSE,4,3575,3576
mol1821,CC[NH+](CC)CCC(C)=O,CCN(CC)CCC(C)=O,"9,250",2,N,1,0,1,0,SP3,FALSE,FALSE,4,3577,3578
mol1822,CC[NH+](CC)CCC(OC(=O)c1ccccc1)c1ccccc1,CCN(CC)CCC(OC(=O)c1ccccc1)c1ccccc1,"7,530",2,N,1,0,1,0,SP3,FALSE,FALSE,4,3579,3580
mol1823,CC[NH+](CC)CCCC#N,CCN(CC)CCCC#N,"9,290",2,N,1,0,1,0,SP3,FALSE,FALSE,4,3581,3582
mol1824,CC[NH+](CC)CCCC(=O)Nc1c(C)cccc1C,CCN(CC)CCCC(=O)Nc1c(C)cccc1C,"9,520",2,N,1,0,1,0,SP3,FALSE,FALSE,4,3583,3584
mol1825,CC[NH+](CC)CCCC(C)=O,CCN(CC)CCCC(C)=O,"10,100",2,N,1,0,1,0,SP3,FALSE,FALSE,4,3585,3586
mol1826,CC[NH+](CC)CCCCC#N,CCN(CC)CCCCC#N,"10,080",2,N,1,0,1,0,SP3,FALSE,FALSE,4,3587,3588
mol1827,CC[NH+](CC)CCCCC(=O)Nc1c(C)cccc1C,CCN(CC)CCCCC(=O)Nc1c(C)cccc1C,"9,960",2,N,1,0,1,0,SP3,FALSE,FALSE,4,3589,3590
mol1828,CC[NH+](CC)CCCCCC(=O)Nc1c(C)cccc1C,CCN(CC)CCCCCC(=O)Nc1c(C)cccc1C,"10,240",2,N,1,0,1,0,SP3,FALSE,FALSE,4,3591,3592
mol1829,CC[NH+](CC)CCCCCCC(=O)Nc1c(C)cccc1C,CCN(CC)CCCCCCC(=O)Nc1c(C)cccc1C,"10,240",2,N,1,0,1,0,SP3,FALSE,FALSE,4,3593,3594
mol1830,CC[NH+](CC)CCCN1c2cc(F)ccc2CCc2ccc(F)cc21,CCN(CC)CCCN1c2cc(F)ccc2CCc2ccc(F)cc21,"7,650",2,N,1,0,1,0,SP3,FALSE,FALSE,4,3595,3596
mol1831,CC[NH+](CC)CCCNC(=O)CN=O,CCN(CC)CCCNC(=O)CN=O,"9,540",2,N,1,0,1,0,SP3,FALSE,FALSE,4,3597,3598
mol1832,CC[NH+](CC)CCC[C@@H](C)[C@H]1CC[C@H]2[C@@H]3CC[C@@H]4C[C@H](O)CC[C@]4(C)[C@H]3C[C@H](O)[C@]12C,CCN(CC)CCC[C@@H](C)[C@H]1CC[C@H]2[C@@H]3CC[C@@H]4C[C@H](O)CC[C@]4(C)[C@H]3C[C@H](O)[C@]12C,"10,340",2,N,1,0,1,0,SP3,FALSE,FALSE,4,3599,3600
mol1833,CC[NH+](CC)CCN1C(=O)Nc2ccccc2C1c1ccccc1,CCN(CC)CCN1C(=O)Nc2ccccc2C1c1ccccc1,"10,230",2,N,1,0,1,0,SP3,FALSE,FALSE,4,3601,3602
mol1834,CC[NH+](CC)CCNC(=O)[C@H]1C[C@@H]1c1ccccc1,CCN(CC)CCNC(=O)[C@H]1C[C@@H]1c1ccccc1,"8,900",2,N,1,0,1,0,SP3,FALSE,FALSE,4,3603,3604
mol1835,CC[NH+](CC)CCNC(=O)c1cc(Cl)c(N)cc1OC,CCN(CC)CCNC(=O)c1cc(Cl)c(N)cc1OC,"9,472",2,N,1,0,1,0,SP3,FALSE,FALSE,4,3605,3606
mol1836,CC[NH+](CC)CCNc1nc2c(=O)c3cc(C)ccc3[nH]c2s1,CCN(CC)CCNc1nc2c(=O)c3cc(C)ccc3[nH]c2s1,"8,400",2,N,1,0,1,0,SP3,FALSE,FALSE,4,3607,3608
mol1837,CC[NH+](CC)CCNc1nc2c(=O)c3cc(F)ccc3[nH]c2s1,CCN(CC)CCNc1nc2c(=O)c3cc(F)ccc3[nH]c2s1,"8,300",2,N,1,0,1,0,SP3,FALSE,FALSE,4,3609,3610
mol1838,CC[NH+](CC)CCNc1nc2c(=O)c3ccccc3[nH]c2s1,CCN(CC)CCNc1nc2c(=O)c3ccccc3[nH]c2s1,"9,300",2,N,1,0,1,0,SP3,FALSE,FALSE,4,3611,3612
mol1839,CC[NH+](CC)CCO,CCN(CC)CCO,"9,840",2,N,1,0,1,0,SP3,FALSE,FALSE,4,3613,3614
mol1840,CC[NH+](CC)CCO/N=C1/C[C@H]2C(C)(C)O[C@H]3CC(=O)OC[C@]32[C@H]2CC[C@@]3(C)[C@H](c4ccoc4)OC(=O)[C@H]4O[C@]43[C@]12C,CCN(CC)CCO/N=C1/C[C@H]2C(C)(C)O[C@H]3CC(=O)OC[C@]32[C@H]2CC[C@@]3(C)[C@H](c4ccoc4)OC(=O)[C@H]4O[C@]43[C@]12C,"9,170",2,N,1,0,1,0,SP3,FALSE,FALSE,4,3615,3616
mol1841,CC[NH+](CC)CCOC(=O)c1ccc2ccccc2c1,CCN(CC)CCOC(=O)c1ccc2ccccc2c1,"7,520",2,N,1,0,1,0,SP3,FALSE,FALSE,4,3617,3618
mol1842,CC[NH+](CC)CCOC(=O)c1ccccc1,CCN(CC)CCOC(=O)c1ccccc1,"8,900",2,N,1,0,1,0,SP3,FALSE,FALSE,4,3619,3620
mol1843,CC[NH+](CC)CCOc1ccc(C(=O)N2C/C(=C\c3ccccc3)C(=O)/C(=C/c3ccccc3)C2)cc1,CCN(CC)CCOc1ccc(C(=O)N2C/C(=C\c3ccccc3)C(=O)/C(=C/c3ccccc3)C2)cc1,"10,840",2,N,1,0,1,0,SP3,FALSE,FALSE,4,3621,3622
mol1844,CC[NH+](CC)CCSC,CCN(CC)CCSC,"9,620",2,N,1,0,1,0,SP3,FALSE,FALSE,4,3623,3624
mol1845,CC[NH+](CC)CCSC(C)C,CCN(CC)CCSC(C)C,"9,320",2,N,1,0,1,0,SP3,FALSE,FALSE,4,3625,3626
mol1846,CC[NH+](CC)CCSC1CCCCC1,CCN(CC)CCSC1CCCCC1,"8,110",2,N,1,0,1,0,SP3,FALSE,FALSE,4,3627,3628
mol1847,CC[NH+](CC)CCSCC(C)C,CCN(CC)CCSCC(C)C,"8,830",2,N,1,0,1,0,SP3,FALSE,FALSE,4,3629,3630
mol1848,CC[NH+](CC)CCn1ccc(=O)c([O-])c1C,CCN(CC)CCn1ccc(=O)c([O-])c1C,"8,570",2,N,1,0,1,0,SP3,FALSE,FALSE,4,3631,3632
mol1849,CC[NH+](CC)Cc1ccccc1,CCN(CC)Cc1ccccc1,"9,440",2,N,1,0,1,0,SP3,FALSE,FALSE,4,3633,3634
mol1850,CC[NH+](CC)Cc1ccccc1OC,CCN(CC)Cc1ccccc1OC,"10,200",2,N,1,0,1,0,SP3,FALSE,FALSE,4,3635,3636
mol1851,CC[NH+](CC)Cc1cn2nc(-c3ccccc3)cc(C)c2n1,CCN(CC)Cc1cn2nc(-c3ccccc3)cc(C)c2n1,"8,790",2,N,1,0,1,0,SP3,FALSE,FALSE,4,3637,3638
mol1852,CC[NH+](CC)Cc1no[n+]([O-])c1C#N,CCN(CC)Cc1no[n+]([O-])c1C#N,"5,800",2,N,1,0,1,0,SP3,FALSE,FALSE,4,3640,3639
mol1853,CC[NH+](CC1CO1)CC1CO1,CCN(CC1CO1)CC1CO1,"6,910",2,N,1,0,1,0,SP3,FALSE,FALSE,4,3642,3641
mol1854,CC[NH+](CCO)CC(C)O,CCN(CCO)CC(C)O,"8,900",2,N,1,0,1,0,SP3,FALSE,FALSE,4,3643,3644
mol1855,CC[NH+](Cc1ccccc1)Cc1no[n+]([O-])c1C#N,CCN(Cc1ccccc1)Cc1no[n+]([O-])c1C#N,"5,580",2,N,1,0,1,0,SP3,FALSE,FALSE,4,3646,3645
mol1856,CC[NH+]1CC1,CCN1CC1,"7,910",2,N,1,0,1,0,SP3,FALSE,TRUE,4,3647,3648
mol1857,CC[NH+]1CCC=C1C,CCN1CCC=C1C,"11,880",2,N,1,0,1,0,SP3,FALSE,TRUE,4,3649,3650
mol1858,CC[NH+]1CCCC1,CCN1CCCC1,"10,960",2,N,1,0,1,0,SP3,FALSE,TRUE,4,3651,3652
mol1859,CC[NH+]1CCCC1C,CCN1CCCC1C,"10,600",2,N,1,0,1,0,SP3,FALSE,TRUE,4,3653,3654
mol1860,CC[NH+]1CCCC=C1C,CCN1CCCC=C1C,"11,570",2,N,1,0,1,0,SP3,FALSE,TRUE,4,3655,3656
mol1861,CC[NH+]1CCCCC1,CCN1CCCCC1,"10,680",2,N,1,0,1,0,SP3,FALSE,TRUE,4,3657,3658
mol1862,CC[NH+]1CCCCC1C,CCN1CCCCC1C,"10,680",2,N,1,0,1,0,SP3,FALSE,TRUE,4,3659,3660
mol1863,CC[NH+]1CCC[C@H]1CNC(=O)c1c(OC)ccc(Br)c1OC,CCN1CCC[C@H]1CNC(=O)c1c(OC)ccc(Br)c1OC,"8,900",2,N,1,0,1,0,SP3,FALSE,TRUE,4,3661,3662
mol1864,CC[NH+]1CCN(c2cc(=O)oc3c(C)c(O[C@@H]4OC(C)(C)[C@H](OC)[C@@H](OC(=O)c5ccc(C)[nH]5)[C@H]4O)ccc23)CC1,CCN1CCN(c2cc(=O)oc3c(C)c(O[C@@H]4OC(C)(C)[C@H](OC)[C@@H](OC(=O)c5ccc(C)[nH]5)[C@H]4O)ccc23)CC1,"7,500",2,N,1,0,1,0,SP3,FALSE,TRUE,4,3663,3664
mol1865,CC[NH+]1CCOCC1,CCN1CCOCC1,"7,720",2,N,1,0,1,0,SP3,FALSE,TRUE,4,3665,3666
mol1866,CC[NH+]1CCc2onc(OC)c2C1,CCN1CCc2onc(OC)c2C1,"7,000",2,N,1,0,1,0,SP3,FALSE,TRUE,4,3668,3667
mol1867,CC[NH+]1[C@@H](C)[C@@H]1C,CCN1[C@@H](C)[C@@H]1C,"9,410",2,N,1,0,1,0,SP3,FALSE,TRUE,4,3669,3670
mol1868,CC[NH+]1[C@H](C)[C@@H]1C,CCN1[C@H](C)[C@@H]1C,"8,570",2,N,1,0,1,0,SP3,FALSE,TRUE,4,3671,3672
mol1869,CC[NH+]=C(N)[NH+]=C(N)Nc1ccc(Cl)cc1,CCN=C(N)[NH+]=C(N)Nc1ccc(Cl)cc1,"10,820",2,N,1,0,1,0,SP2,FALSE,FALSE,4,3673,3674
mol1870,CC[NH+]=C1Nc2ccccc2C(C)N1,CCN=C1Nc2ccccc2C(C)N1,"10,800",2,N,1,0,1,0,SP2,FALSE,FALSE,4,3675,3676
mol1871,CC[NH2+]C(C)C,CCNC(C)C,"11,030",2,N,1,0,2,1,SP3,FALSE,FALSE,4,3677,3678
mol1872,CC[NH2+]C(C)Cc1cccc(C(F)(F)F)c1,CCNC(C)Cc1cccc(C(F)(F)F)c1,"10,000",2,N,1,0,2,1,SP3,FALSE,FALSE,4,3679,3680
mol1873,CC[NH2+]CC,CCNCC,"11,050",2,N,1,0,2,1,SP3,FALSE,FALSE,4,3681,3682
mol1874,CC[NH2+]CC(=O)N(CC)CC,CCNCC(=O)N(CC)CC,"8,780",2,N,1,0,2,1,SP3,FALSE,FALSE,4,3683,3684
mol1875,CC[NH2+]CC(=O)Nc1c(C)cccc1C,CCNCC(=O)Nc1c(C)cccc1C,"8,060",2,N,1,0,2,1,SP3,FALSE,FALSE,4,3685,3686
mol1876,CC[NH2+]CCC[C@@]1(c2ccccc2)C=C(c2cc(F)ccc2F)CN1C(=O)N(C)C,CCNCCC[C@@]1(c2ccccc2)C=C(c2cc(F)ccc2F)CN1C(=O)N(C)C,"10,700",2,N,1,0,2,1,SP3,FALSE,FALSE,4,3687,3688
mol1877,CC[NH2+]Cc1ccc(C)cc1,CCNCc1ccc(C)cc1,"10,040",2,N,1,0,2,1,SP3,FALSE,FALSE,4,3689,3690
mol1878,CC[NH2+]Cc1ccccc1,CCNCc1ccccc1,"9,750",2,N,1,0,2,1,SP3,FALSE,FALSE,4,3691,3692
mol1879,CC[NH3+],CCN,"10,770",2,N,1,0,3,2,SP3,FALSE,FALSE,4,3693,3694
mol1880,CCc1[nH]c(C)c[nH+]1,CCc1ncc(C)[nH]1,"8,500",6,N,1,0,1,0,SP2,TRUE,TRUE,4,3695,3696
mol1881,CCc1[nH]c2cc(F)ccc2c1C1CC[NH+](CCCSc2ccc(F)cc2)CC1,CCc1[nH]c2cc(F)ccc2c1C1CCN(CCCSc2ccc(F)cc2)CC1,"9,800",15,N,1,0,1,0,SP3,FALSE,TRUE,4,3697,3698
mol1882,CCc1[nH]cc[nH+]1,CCc1ncc[nH]1,"7,837",6,N,1,0,1,0,SP2,TRUE,TRUE,4,3699,3700
mol1883,CCc1c(-c2ccccc2)[nH][nH]c1=O,CCc1c(-c2ccccc2)[n-][nH]c1=O,"7,800",4,N,0,-1,1,0,SP2,TRUE,TRUE,3,3701,3702
mol1884,CCc1c(-c2ccccc2)[nH]n(-c2ccccc2)c1=O,CCc1c(-c2ccccc2)[n-]n(-c2ccccc2)c1=O,"8,000",4,N,0,-1,1,0,SP2,TRUE,TRUE,3,3703,3704
mol1885,CCC1=C(C)[NH2+]N(C)C1=O,CCc1c(C)[nH]n(C)c1=O,"3,500",4,N,1,0,2,1,SP3,FALSE,TRUE,4,3705,3706
mol1886,CCc1c(C)[nH+]c2c3c(c(C(=O)N(C)C)cn12)CCC(c1ccccc1)O3,CCc1c(C)nc2c3c(c(C(=O)N(C)C)cn12)CCC(c1ccccc1)O3,"6,700",4,N,1,0,1,0,SP2,TRUE,TRUE,4,3707,3708
mol1887,CCc1c(C)[nH+]nc(C)c1C,CCc1c(C)nnc(C)c1C,"5,170",6,N,1,0,1,0,SP2,TRUE,TRUE,4,3709,3710
mol1888,CCc1c(O)ccc(C(C)C)c1C,CCc1c([O-])ccc(C(C)C)c1C,"10,850",8,O,0,-1,1,0,SP2,FALSE,FALSE,2,3711,3712
mol1890,CCc1c(O)cc(C)oc1=O,CCc1c([O-])cc(C)oc1=O,"5,300",10,O,0,-1,1,0,SP2,FALSE,FALSE,2,3713,3714
mol1891,CCc1c[nH+]ccc1N,CCc1cnccc1N,"9,170",4,N,1,0,1,0,SP2,TRUE,TRUE,4,3715,3716
mol1892,CCc1cc(/N=N/c2ccc([NH+](C)C)cc2)ccc1C,CCc1cc(/N=N/c2ccc(N(C)C)cc2)ccc1C,"2,590",17,N,1,0,1,0,SP3,FALSE,FALSE,4,3717,3718
mol1893,CCc1cc(C(=O)O)cs1,CCc1cc(C(=O)[O-])cs1,"4,190",9,O,0,-1,1,0,SP2,FALSE,FALSE,2,3719,3720
mol1894,CCc1cc(C(C)C)c(O)cc1C,CCc1cc(C(C)C)c([O-])cc1C,"10,910",9,O,0,-1,1,0,SP2,FALSE,FALSE,2,3721,3722
mol1895,CCc1cc(C(C)C)ccc1O,CCc1cc(C(C)C)ccc1[O-],"10,770",8,O,0,-1,1,0,SP2,FALSE,FALSE,2,3723,3724
mol1896,CCc1cc(C)cc(O)c1,CCc1cc(C)cc([O-])c1,"10,100",8,O,0,-1,1,0,SP2,FALSE,FALSE,2,3725,3726
mol1897,CCc1cc(C)[nH+]nc1C,CCc1cc(C)nnc1C,"4,730",5,N,1,0,1,0,SP2,TRUE,TRUE,4,3727,3728
mol1899,CCc1cc(N)cc(N2CCc3ccccc3C2)[nH+]1,CCc1cc(N)cc(N2CCc3ccccc3C2)n1,"9,000",7,N,1,0,1,0,SP2,TRUE,TRUE,4,3729,3730
mol1900,CCc1cc(O)cc(C)c1Cl,CCc1cc([O-])cc(C)c1Cl,"9,600",10,O,0,-1,1,0,SP2,FALSE,FALSE,2,3731,3732
mol1901,CCc1cc2c(C)cc(=O)oc2cc1O,CCc1cc2c(C)cc(=O)oc2cc1[O-],"8,010",13,O,0,-1,1,0,SP2,FALSE,FALSE,2,3733,3734
mol1902,CCc1ccc(-n2c(Cl)cc3[nH]c(=O)c(-c4ccccc4)c(O)c32)cc1,CCc1ccc(-n2c(Cl)cc3[nH]c(=O)c(-c4ccccc4)c([O-])c32)cc1,"6,000",24,O,0,-1,1,0,SP2,FALSE,FALSE,2,3735,3736
mol1903,CCc1ccc(/N=N/c2ccc([NH+](C)C)cc2)cc1C,CCc1ccc(/N=N/c2ccc(N(C)C)cc2)cc1C,"2,600",17,N,1,0,1,0,SP3,FALSE,FALSE,4,3737,3738
mol1904,CCc1ccc(/N=N/c2ccc([NH+](C)C)cc2)cc1CC,CCc1ccc(/N=N/c2ccc(N(C)C)cc2)cc1CC,"2,580",18,N,1,0,1,0,SP3,FALSE,FALSE,4,3739,3740
mol1905,CCc1ccc(C(=O)/C=C/C(=O)O)cc1,CCc1ccc(C(=O)/C=C/C(=O)[O-])cc1,"3,380",14,O,0,-1,1,0,SP2,FALSE,FALSE,2,3741,3742
mol1906,CCc1ccc(C(=O)O)nc1,CCc1ccc(C(=O)[O-])nc1,"5,860",10,O,0,-1,1,0,SP2,FALSE,FALSE,2,3743,3744
mol1907,CCc1ccc(C(C)C)cc1O,CCc1ccc(C(C)C)cc1[O-],"10,610",8,O,0,-1,1,0,SP2,FALSE,FALSE,2,3745,3746
mol1908,CCc1ccc(C)[nH+]n1,CCc1ccc(C)nn1,"4,170",6,N,1,0,1,0,SP2,TRUE,TRUE,4,3747,3748
mol1909,CCc1ccc(CCCC[NH+](C)C)cc1,CCc1ccc(CCCCN(C)C)cc1,"9,900",12,N,1,0,1,0,SP3,FALSE,FALSE,4,3749,3750
mol1910,CCc1ccc(CCC[NH+](C)C)cc1,CCc1ccc(CCCN(C)C)cc1,"10,630",11,N,1,0,1,0,SP3,FALSE,FALSE,4,3751,3752
mol1911,CCc1ccc([NH3+])cc1,CCc1ccc(N)cc1,"5,160",8,N,1,0,3,2,SP3,FALSE,FALSE,4,3753,3754
mol1912,CCc1ccc(O)c(C(C)C)c1,CCc1ccc([O-])c(C(C)C)c1,"10,820",11,O,0,-1,1,0,SP2,FALSE,FALSE,2,3755,3756
mol1913,CCc1ccc(O)cc1,CCc1ccc([O-])cc1,"10,105",8,O,0,-1,1,0,SP2,FALSE,FALSE,2,3757,3758
mol1914,CCc1ccc2c(c1)[C@@H]([NH2+]C[C@@H](O)[C@H](Cc1cc(F)cc(F)c1)NC(C)=O)CS(=O)(=O)C2,CCc1ccc2c(c1)[C@@H](NC[C@@H](O)[C@H](Cc1cc(F)cc(F)c1)NC(C)=O)CS(=O)(=O)C2,"5,800",14,N,1,0,2,1,SP3,FALSE,FALSE,4,3759,3760
mol1915,CCc1cccc(/N=N/c2ccc([NH+](C)C)cc2)c1,CCc1cccc(/N=N/c2ccc(N(C)C)cc2)c1,"2,160",16,N,1,0,1,0,SP3,FALSE,FALSE,4,3761,3762
mol1916,CCc1cccc(C)c1CNc1cc(C(=O)N(C)C)[nH+]c2c(Br)c(C)[nH]c12,CCc1cccc(C)c1CNc1cc(C(=O)N(C)C)nc2c(Br)c(C)[nH]c12,"5,840",13,N,1,0,1,0,SP2,TRUE,TRUE,4,3764,3763
mol1917,CCc1cccc(C)c1CNc1cc(C(=O)N(C)C)[nH+]c2c(C)c(C)[nH]c12,CCc1cccc(C)c1CNc1cc(C(=O)N(C)C)nc2c(C)c(C)[nH]c12,"7,570",13,N,1,0,1,0,SP2,TRUE,TRUE,4,3765,3766
mol1918,CCc1cccc(C)c1CNc1cc(C(=O)N(C)C)[nH+]c2c(CO)c(C)[nH]c12,CCc1cccc(C)c1CNc1cc(C(=O)N(C)C)nc2c(CO)c(C)[nH]c12,"7,070",13,N,1,0,1,0,SP2,TRUE,TRUE,4,3768,3767
mol1919,CCc1cccc(C)c1CNc1cc(C(=O)N(C)C)[nH+]c2cc(C)[nH]c12,CCc1cccc(C)c1CNc1cc(C(=O)N(C)C)nc2cc(C)[nH]c12,"7,390",13,N,1,0,1,0,SP2,TRUE,TRUE,4,3770,3769
mol1920,CCc1cccc(C)c1CNc1cc(C(N)=O)cn2c(C)c(C)[nH+]c12,CCc1cccc(C)c1CNc1cc(C(N)=O)cn2c(C)c(C)nc12,"6,100",16,N,1,0,1,0,SP2,TRUE,TRUE,4,3771,3772
mol1921,CCc1cccc(CC)c1NC1=[NH+]CCN1,CCc1cccc(CC)c1NC1=NCCN1,"10,607",10,N,1,0,1,0,SP2,FALSE,TRUE,4,3773,3774
mol1922,CCc1cccc2c3c([nH]c12)C(CC)(CC(=O)O)OCC3,CCc1cccc2c3c([nH]c12)C(CC)(CC(=O)[O-])OCC3,"4,700",20,O,0,-1,1,0,SP2,FALSE,FALSE,2,3775,3776
mol1923,CCc1cccc2cc(C(O)C[NH2+]C(C)(C)C)oc12,CCc1cccc2cc(C(O)CNC(C)(C)C)oc12,"8,950",13,N,1,0,2,1,SP3,FALSE,FALSE,4,3777,3778
mol1924,CCc1cccc2ccc(O)cc12,CCc1cccc2ccc([O-])cc12,"9,540",12,O,0,-1,1,0,SP2,FALSE,FALSE,2,3779,3780
mol1925,CCc1ccccc1C(=O)N(C1CCC2(CC1)OCCO2)C(Cc1ccc(Cl)cc1)C[NH+](C)C,CCc1ccccc1C(=O)N(C1CCC2(CC1)OCCO2)C(Cc1ccc(Cl)cc1)CN(C)C,"7,400",31,N,1,0,1,0,SP3,FALSE,FALSE,4,3782,3781
mol1926,CCc1ccccc1C(=O)O,CCc1ccccc1C(=O)[O-],"3,790",10,O,0,-1,1,0,SP2,FALSE,FALSE,2,3783,3784
mol1927,CCc1ccccc1[NH3+],CCc1ccccc1N,"4,370",8,N,1,0,3,2,SP3,FALSE,FALSE,4,3785,3786
mol1929,CCc1ccccc1O,CCc1ccccc1[O-],"10,200",8,O,0,-1,1,0,SP2,FALSE,FALSE,2,3787,3788
mol1930,CCc1cccc[nH+]1,CCc1ccccn1,"5,975",7,N,1,0,1,0,SP2,TRUE,TRUE,4,3789,3790
mol1931,CCc1ccc[nH+]c1,CCc1cccnc1,"5,570",6,N,1,0,1,0,SP2,TRUE,TRUE,4,3791,3792
mol1932,CCc1cccn[nH+]1,CCc1cccnn1,"3,580",7,N,1,0,1,0,SP2,TRUE,TRUE,4,3793,3794
mol1933,CCc1ccnc2c1ccc1c(CC)cc[nH+]c12,CCc1ccnc2c1ccc1c(CC)ccnc12,"5,600",12,N,1,0,1,0,SP2,TRUE,TRUE,4,3795,3796
mol1934,CCc1cc[nH+]c2c1ccc1cccnc12,CCc1ccnc2c1ccc1cccnc12,"5,440",5,N,1,0,1,0,SP2,TRUE,TRUE,4,3797,3798
mol1935,CCc1cc[nH+]cc1,CCc1ccncc1,"5,940",5,N,1,0,1,0,SP2,TRUE,TRUE,4,3799,3800
mol1936,CCc1cc[nH+]nc1C,CCc1ccnnc1C,"4,030",5,N,1,0,1,0,SP2,TRUE,TRUE,4,3801,3802
mol1937,CCc1cnc(C(=O)O)cc1CC,CCc1cnc(C(=O)[O-])cc1CC,"6,580",12,O,0,-1,1,0,SP2,FALSE,FALSE,2,3803,3804
mol1938,CCc1c[nH+]c2c(ccc3cccnc32)c1,CCc1cnc2c(ccc3cccnc32)c1,"4,980",14,N,1,0,1,0,SP2,TRUE,TRUE,4,3805,3806
mol1939,CCc1c[nH+]cc(C)c1,CCc1cncc(C)c1,"5,200",6,N,1,0,1,0,SP2,TRUE,TRUE,4,3807,3808
mol1940,CCc1cn[nH+]c(C)c1,CCc1cnnc(C)c1,"4,170",5,N,1,0,1,0,SP2,TRUE,TRUE,4,3809,3810
mol1941,CCc1[nH+]c(N)nc(N)c1-c1ccc(Cl)cc1,CCc1nc(N)nc(N)c1-c1ccc(Cl)cc1,"7,360",7,N,1,0,1,0,SP2,TRUE,TRUE,4,3811,3812
mol1948,CCc1[nH+]c2c(-c3ccc(Cl)cc3Cl)ccnc2n1C(CC)C1CC1,CCc1nc2c(-c3ccc(Cl)cc3Cl)ccnc2n1C(CC)C1CC1,"3,860",3,N,1,0,1,0,SP2,TRUE,TRUE,4,3813,3814
mol1949,CCc1[nH]c2cc3c(cc2[nH+]1)CCCC3,CCc1nc2cc3c(cc2[nH]1)CCCC3,"6,640",10,N,1,0,1,0,SP2,TRUE,TRUE,4,3815,3816
mol1950,CCc1[nH]c2cc3ccccc3cc2[nH+]1,CCc1nc2cc3ccccc3cc2[nH]1,"6,140",14,N,1,0,1,0,SP2,TRUE,TRUE,4,3817,3818
mol1951,CCc1[nH]c2ccccc2[nH+]1,CCc1nc2ccccc2[nH]1,"6,200",10,N,1,0,1,0,SP2,TRUE,TRUE,4,3819,3820
mol1952,CCc1nn(CCC[NH+]2CCN(c3cccc(Cl)c3)CC2)c(=O)n1CCOc1ccccc1,CCc1nn(CCCN2CCN(c3cccc(Cl)c3)CC2)c(=O)n1CCOc1ccccc1,"6,645",20,N,1,0,1,0,SP3,FALSE,TRUE,4,3822,3821
mol1953,CCc1nn[nH]n1,CCc1nn[n-]n1,"5,590",4,N,0,-1,1,0,SP2,TRUE,TRUE,3,3823,3824
mol1954,CCC1=NSC(=O)[NH2+]1,CCc1nsc(=O)[nH]1,"6,890",3,N,1,0,2,1,SP3,FALSE,TRUE,4,3825,3826
mol1955,CCc1oc2ccccc2c(=O)c1C(=O)c1cc(Br)c(O)c(Br)c1,CCc1oc2ccccc2c(=O)c1C(=O)c1cc(Br)c([O-])c(Br)c1,"4,720",22,O,0,-1,1,0,SP2,FALSE,FALSE,2,3827,3828
mol1956,CCc1oc2ccccc2c(=O)c1C(=O)c1cc(I)c(O)c(I)c1,CCc1oc2ccccc2c(=O)c1C(=O)c1cc(I)c([O-])c(I)c1,"4,890",22,O,0,-1,1,0,SP2,FALSE,FALSE,2,3829,3830
mol1957,CCc1oc2ccccc2c(=O)c1C(=O)c1ccc(O)cc1,CCc1oc2ccccc2c(=O)c1C(=O)c1ccc([O-])cc1,"7,740",21,O,0,-1,1,0,SP2,FALSE,FALSE,2,3831,3832
mol1959,CCc1oc2ccccc2c1C(=O)c1cc(Br)c(O)c(Br)c1,CCc1oc2ccccc2c1C(=O)c1cc(Br)c([O-])c(Br)c1,"4,500",20,O,0,-1,1,0,SP2,FALSE,FALSE,2,3833,3834
mol1960,CCc1oc2ccccc2c1C(=O)c1cc(C)c(O)c(C)c1,CCc1oc2ccccc2c1C(=O)c1cc(C)c([O-])c(C)c1,"8,500",20,O,0,-1,1,0,SP2,FALSE,FALSE,2,3835,3836
mol1963,CCn1c(=O)c2[nH]c(-c3ccccc3)nc2n(CC)c1=O,CCn1c(=O)c2[n-]c(-c3ccccc3)nc2n(CC)c1=O,"9,100",12,N,0,-1,1,0,SP2,TRUE,TRUE,3,3837,3838
mol1964,CCn1c(=O)nc2sc(S([NH3+])(=O)=O)nn2c1=O,CCn1c(=O)nc2sc(S(N)(=O)=O)nn2c1=O,"7,300",16,N,1,0,3,2,SP3,FALSE,FALSE,4,3839,3840
mol1965,CCn1c(C)c(C)c2cc(-n3ccccc3=O)[nH+]c(NCc3c(C)cccc3C)c21,CCn1c(C)c(C)c2cc(-n3ccccc3=O)nc(NCc3c(C)cccc3C)c21,"4,000",8,N,1,0,1,0,SP2,TRUE,TRUE,4,3841,3842
mol1966,CCn1cc(C(=O)OCN(C)C(=O)OC)c(=O)c2ccc(C)[nH+]c21,CCn1cc(C(=O)OCN(C)C(=O)OC)c(=O)c2ccc(C)nc21,"6,000",9,N,1,0,1,0,SP2,TRUE,TRUE,4,3843,3844
mol1967,CCn1cc(C2(c3cccc(-c4cncnc4)c3)[NH+]=C(N)c3c(F)cccc32)cc(C)c1=O,CCn1cc(C2(c3cccc(-c4cncnc4)c3)N=C(N)c3c(F)cccc32)cc(C)c1=O,"7,700",18,N,1,0,1,0,SP2,FALSE,TRUE,4,3845,3846
mol1968,CCn1cc([C@]2(c3cccc(C#CC4CC4)c3)[NH+]=C(N)c3c(F)cccc32)cc(C)c1=O,CCn1cc([C@]2(c3cccc(C#CC4CC4)c3)N=C(N)c3c(F)cccc32)cc(C)c1=O,"7,600",18,N,1,0,1,0,SP2,FALSE,TRUE,4,3847,3848
mol1969,CCn1cc([C@]2(c3cccc(NC(=O)c4ccc(Cl)cn4)c3)[NH+]=C(N)c3c(F)cccc32)cc(C)c1=O,CCn1cc([C@]2(c3cccc(NC(=O)c4ccc(Cl)cn4)c3)N=C(N)c3c(F)cccc32)cc(C)c1=O,"7,300",18,N,1,0,1,0,SP2,FALSE,TRUE,4,3850,3849
mol1973,CCn1c[nH+]c2ccccc21,CCn1cnc2ccccc21,"5,660",4,N,1,0,1,0,SP2,TRUE,TRUE,4,3851,3852
mol1974,CCn1c[nH+]cn1,CCn1cncn1,"2,390",4,N,1,0,1,0,SP2,TRUE,TRUE,4,3853,3854
mol1975,CCn1nc(-c2ccccc2)sc1=[NH2+],CCn1nc(-c2ccccc2)sc1=N,"6,100",4,N,1,0,2,1,SP2,FALSE,FALSE,4,3855,3856
mol1976,CCn1nc(C(=O)O)c(=O)c2cc3c(cc21)OCO3,CCn1nc(C(=O)[O-])c(=O)c2cc3c(cc21)OCO3,"4,700",15,O,0,-1,1,0,SP2,FALSE,FALSE,2,3857,3858
mol1977,CCn1nnc(CC(=O)O)n1,CCn1nnc(CC(=O)[O-])n1,"3,450",10,O,0,-1,1,0,SP2,FALSE,FALSE,2,3859,3860
mol1978,CCn1nnnc1CC(=O)O,CCn1nnnc1CC(=O)[O-],"2,850",10,O,0,-1,1,0,SP2,FALSE,FALSE,2,3861,3862
mol1979,CCn1nnnc1NC(C)=O,CCn1nnnc1[N-]C(C)=O,"8,380",7,N,0,-1,1,0,SP2,FALSE,FALSE,3,3863,3864
mol1980,CN(C(=O)N1CC(c2cc(F)ccc2F)=C[C@@]1(CO)c1ccccc1)C1CC[NH+](CC(F)F)CC1,CN(C(=O)N1CC(c2cc(F)ccc2F)=C[C@@]1(CO)c1ccccc1)C1CCN(CC(F)F)CC1,"4,900",5,N,1,0,1,0,SP3,FALSE,TRUE,4,3865,3866
mol1981,CN(C(=O)N1CC(c2cc(F)ccc2F)=C[C@@]1(CO)c1ccccc1)C1CC[NH+](C)CC1,CN1CCC(N(C)C(=O)N2CC(c3cc(F)ccc3F)=C[C@@]2(CO)c2ccccc2)CC1,"8,800",1,N,1,0,1,0,SP3,FALSE,TRUE,4,3867,3868
mol1982,CN(C(=O)N1CC(c2cc(F)ccc2F)=C[C@@]1(CO)c1ccccc1)C1CC[NH+](C2CC2)CC1,CN(C(=O)N1CC(c2cc(F)ccc2F)=C[C@@]1(CO)c1ccccc1)C1CCN(C2CC2)CC1,"7,500",5,N,1,0,1,0,SP3,FALSE,TRUE,4,3869,3870
mol1983,CN(C(=O)N1CC(c2cc(F)ccc2F)=C[C@@]1(CO)c1ccccc1)C1CC[NH+](CC2CC2)CC1,CN(C(=O)N1CC(c2cc(F)ccc2F)=C[C@@]1(CO)c1ccccc1)C1CCN(CC2CC2)CC1,"9,100",5,N,1,0,1,0,SP3,FALSE,TRUE,4,3871,3872
mol1984,CN(C(=O)N1CC(c2cc(F)ccc2F)=C[C@@]1(CO)c1ccccc1)C1CC[NH+](CCF)CC1,CN(C(=O)N1CC(c2cc(F)ccc2F)=C[C@@]1(CO)c1ccccc1)C1CCN(CCF)CC1,"7,600",5,N,1,0,1,0,SP3,FALSE,TRUE,4,3873,3874
mol1985,CN(C(=O)N1CC(c2cc(F)ccc2F)=C[C@@]1(CO)c1ccccc1)C1CC[NH2+]CC1,CN(C(=O)N1CC(c2cc(F)ccc2F)=C[C@@]1(CO)c1ccccc1)C1CCNCC1,"9,800",5,N,1,0,2,1,SP3,FALSE,TRUE,4,3875,3876
mol1986,CN(C(=O)N1CC(c2cc(F)ccc2F)=C[C@@]1(CO)c1ccccc1)[C@H]1CC[NH+](C)C[C@@H]1F,CN1CC[C@H](N(C)C(=O)N2CC(c3cc(F)ccc3F)=C[C@@]2(CO)c2ccccc2)[C@@H](F)C1,"6,600",1,N,1,0,1,0,SP3,FALSE,TRUE,4,3878,3877
mol1987,CN(C(=O)N1CC(c2cc(F)ccc2F)=C[C@@]1(CO)c1ccccc1)[C@H]1CC[NH+](C)C[C@H]1F,CN1CC[C@H](N(C)C(=O)N2CC(c3cc(F)ccc3F)=C[C@@]2(CO)c2ccccc2)[C@H](F)C1,"7,600",1,N,1,0,1,0,SP3,FALSE,TRUE,4,3879,3880
mol1988,CN(C(=O)c1ccccc1)c1ccc[nH+]c1,CN(C(=O)c1ccccc1)c1cccnc1,"3,660",6,N,1,0,1,0,SP2,TRUE,TRUE,4,3881,3882
mol1989,CN(C(=O)c1ccccc1)c1cc[nH+]cc1,CN(C(=O)c1ccccc1)c1ccncc1,"4,680",5,N,1,0,1,0,SP2,TRUE,TRUE,4,3883,3884
mol1990,CN(C)/C=[NH+]/c1ccc(Br)cc1,CN(C)/C=N/c1ccc(Br)cc1,"8,100",4,N,1,0,1,0,SP2,FALSE,FALSE,4,3885,3886
mol1991,CN(C)/C=[NH+]/c1ccc(Cl)cc1,CN(C)/C=N/c1ccc(Cl)cc1,"8,460",4,N,1,0,1,0,SP2,FALSE,FALSE,4,3887,3888
mol1992,CN(C)/C=[NH+]/c1ccc(O)cc1,CN(C)/C=[NH+]/c1ccc([O-])cc1,"9,410",11,O,0,-1,1,0,SP2,FALSE,FALSE,2,3889,3890
mol1993,CN(C)/C=[NH+]/c1cccc(Br)c1,CN(C)/C=N/c1cccc(Br)c1,"8,080",4,N,1,0,1,0,SP2,FALSE,FALSE,4,3891,3892
mol1994,CN(C)/C=[NH+]/c1cccc(Cl)c1,CN(C)/C=N/c1cccc(Cl)c1,"7,970",4,N,1,0,1,0,SP2,FALSE,FALSE,4,3893,3894
mol1995,CN(C)/C=[NH+]/c1ccccc1,CN(C)/C=N/c1ccccc1,"9,000",4,N,1,0,1,0,SP2,FALSE,FALSE,4,3895,3896
mol1996,CN(C)/C=[NH+]/c1ccccc1Br,CN(C)/C=N/c1ccccc1Br,"6,710",4,N,1,0,1,0,SP2,FALSE,FALSE,4,3898,3897
mol1997,CN(C)/C=[NH+]/c1ccccc1Cl,CN(C)/C=N/c1ccccc1Cl,"6,850",4,N,1,0,1,0,SP2,FALSE,FALSE,4,3900,3899
mol1998,CN(C)C(=O)C(CC[NH+]1CCC(O)(c2ccc(Cl)cc2)CC1)(c1ccccc1)c1ccccc1,CN(C)C(=O)C(CCN1CCC(O)(c2ccc(Cl)cc2)CC1)(c1ccccc1)c1ccccc1,"8,855",8,N,1,0,1,0,SP3,FALSE,TRUE,4,3901,3902
mol1999,CN(C)C(=O)CS,CN(C)C(=O)C[S-],"8,100",6,S,0,-1,1,0,SP3,FALSE,FALSE,2,3903,3904
mol2000,CN(C)C(=O)Cn1c(-c2ccccc2)c(C2CCCCC2)c2ccc(C3=NOC(=O)[NH2+]3)cc21,CN(C)C(=O)Cn1c(-c2ccccc2)c(C2CCCCC2)c2ccc(-c3noc(=O)[nH]3)cc21,"4,800",28,N,1,0,2,1,SP3,FALSE,TRUE,4,3905,3906
mol2001,CN(C)C(=O)Cn1c(-c2ccccc2)c(C2CCCCC2)c2ccc(C(=O)O)cc21,CN(C)C(=O)Cn1c(-c2ccccc2)c(C2CCCCC2)c2ccc(C(=O)[O-])cc21,"4,800",29,O,0,-1,1,0,SP2,FALSE,FALSE,2,3907,3908
mol2002,CN(C)C(=O)N1CC(c2cc(F)ccc2F)=C[C@@]1(CCC[NH2+]CC(F)(F)F)c1ccccc1,CN(C)C(=O)N1CC(c2cc(F)ccc2F)=C[C@@]1(CCCNCC(F)(F)F)c1ccccc1,"5,200",13,N,1,0,2,1,SP3,FALSE,FALSE,4,3909,3910
mol2003,CN(C)C(=O)N1CC(c2cc(F)ccc2F)=C[C@@]1(CCC[NH2+]CC(F)F)c1ccccc1,CN(C)C(=O)N1CC(c2cc(F)ccc2F)=C[C@@]1(CCCNCC(F)F)c1ccccc1,"7,000",13,N,1,0,2,1,SP3,FALSE,FALSE,4,3911,3912
mol2004,CN(C)C(=O)N1CC(c2cc(F)ccc2F)=C[C@@]1(CCC[NH2+]CCF)c1ccccc1,CN(C)C(=O)N1CC(c2cc(F)ccc2F)=C[C@@]1(CCCNCCF)c1ccccc1,"8,800",13,N,1,0,2,1,SP3,FALSE,FALSE,4,3913,3914
mol2005,CN(C)C(=O)N1CC(c2cc(F)ccc2F)=C[C@@]1(CCC[NH3+])c1ccccc1,CN(C)C(=O)N1CC(c2cc(F)ccc2F)=C[C@@]1(CCCN)c1ccccc1,"10,300",13,N,1,0,3,2,SP3,FALSE,FALSE,4,3915,3916
mol2006,CN(C)C(=O)N1N=C(c2cc(F)ccc2F)C[C@@]1(CCC[NH3+])c1ccccc1,CN(C)C(=O)N1N=C(c2cc(F)ccc2F)C[C@@]1(CCCN)c1ccccc1,"10,300",21,N,1,0,3,2,SP3,FALSE,FALSE,4,3917,3918
mol2007,CN(C)C(=O)OCC(=O)O,CN(C)C(=O)OCC(=O)[O-],"3,010",9,O,0,-1,1,0,SP2,FALSE,FALSE,2,3919,3920
mol2008,CN(C)C(=O)OCC1C2c3ccccc3C(c3ccccc32)C1C[NH+](C)C,CN(C)CC1C2c3ccccc3C(c3ccccc32)C1COC(=O)N(C)C,"8,990",1,N,1,0,1,0,SP3,FALSE,FALSE,4,3921,3922
mol2009,CN(C)C(=O)n1nc(C(C)(C)C)nc1SCC(=O)O,CN(C)C(=O)n1nc(C(C)(C)C)nc1SCC(=O)[O-],"3,490",18,O,0,-1,1,0,SP2,FALSE,FALSE,2,3923,3924
mol2010,CN(C)C(=S)NCC(=O)O,CN(C)C(=S)NCC(=O)[O-],"3,710",9,O,0,-1,1,0,SP2,FALSE,FALSE,2,3925,3926
mol2011,CN(C)C(=S)OCC(=O)O,CN(C)C(=S)OCC(=O)[O-],"2,870",9,O,0,-1,1,0,SP2,FALSE,FALSE,2,3927,3928
mol2012,CN(C)C(=S)SCC(=O)O,CN(C)C(=S)SCC(=O)[O-],"3,340",9,O,0,-1,1,0,SP2,FALSE,FALSE,2,3929,3930
mol2013,C[NH+](C)CC#N,CN(C)CC#N,"4,500",1,N,1,0,1,0,SP3,FALSE,FALSE,4,3931,3932
mol2014,C[NH+](C)CC(F)(F)F,CN(C)CC(F)(F)F,"4,800",1,N,1,0,1,0,SP3,FALSE,FALSE,4,3933,3934
mol2015,C[NH+](C)CCC#N,CN(C)CCC#N,"7,010",1,N,1,0,1,0,SP3,FALSE,FALSE,4,3935,3936
mol2016,CN(C)[NH3+],CN(C)N,"7,160",3,N,1,0,3,2,SP3,FALSE,FALSE,4,3937,3938
mol2017,CN(C)[NH+](C)C,CN(C)N(C)C,"6,190",3,N,1,0,1,0,SP3,FALSE,FALSE,4,3939,3940
mol2018,CN(C)S(=O)(=O)[NH2+]C(=O)CCc1ccccc1,CN(C)S(=O)(=O)NC(=O)CCc1ccccc1,"5,860",6,N,1,0,2,1,SP3,FALSE,FALSE,4,3941,3942
mol2019,C[NH+](C)[C@H]1CCC[C@@H]1C#N,CN(C)[C@H]1CCC[C@@H]1C#N,"7,020",1,N,1,0,1,0,SP3,FALSE,FALSE,4,3943,3944
mol2020,C[NH+](C)[O-],CN(C)[O-],"5,200",1,N,1,0,1,0,SP3,FALSE,FALSE,4,3945,3946
mol2021,C[NH+](C)c1cc[n+]([O-])cc1,CN(C)c1cc[n+]([O-])cc1,"3,900",1,N,1,0,1,0,SP3,FALSE,FALSE,4,3947,3948
mol2022,CN(C)c1cc[nH+]c(N2CCc3ccccc3C2)c1,CN(C)c1ccnc(N2CCc3ccccc3C2)c1,"8,800",6,N,1,0,1,0,SP2,TRUE,TRUE,4,3949,3950
mol2023,CN(C)c1cc[nH+]cc1,CN(C)c1ccncc1,"9,700",6,N,1,0,1,0,SP2,TRUE,TRUE,4,3951,3952
mol2024,C[NH+](C)c1ccc(/C=C/c2cc[n+]([O-])cc2)cc1,CN(C)c1ccc(/C=C/c2cc[n+]([O-])cc2)cc1,"4,300",1,N,1,0,1,0,SP3,FALSE,FALSE,4,3953,3954
mol2025,C[NH+](C)c1ccc(/C=C/c2nnnn2-c2ccccc2)cc1,CN(C)c1ccc(/C=C/c2nnnn2-c2ccccc2)cc1,"3,470",1,N,1,0,1,0,SP3,FALSE,FALSE,4,3955,3956
mol2026,C[NH+](C)c1ccc(/N=N/c2ccccc2)cc1,CN(C)c1ccc(/N=N/c2ccccc2)cc1,"2,850",1,N,1,0,1,0,SP3,FALSE,FALSE,4,3957,3958
mol2027,C[NH+](C)c1ccc(/N=N/c2ccccn2)cc1,CN(C)c1ccc(/N=N/c2ccccn2)cc1,"3,250",1,N,1,0,1,0,SP3,FALSE,FALSE,4,3959,3960
mol2028,C[NH+](C)c1ccc(Br)cc1,CN(C)c1ccc(Br)cc1,"4,250",1,N,1,0,1,0,SP3,FALSE,FALSE,4,3961,3962
mol2029,C[NH+](C)c1ccc(Cl)cc1,CN(C)c1ccc(Cl)cc1,"4,390",1,N,1,0,1,0,SP3,FALSE,FALSE,4,3963,3964
mol2030,C[NH+](C)c1ccc(N2CCOCC2)cc1,CN(C)c1ccc(N2CCOCC2)cc1,"5,700",1,N,1,0,1,0,SP3,FALSE,FALSE,4,3965,3966
mol2031,CN(C)c1ccc(N=[OH+])cc1,CN(C)c1ccc(N=O)cc1,"4,540",10,O,1,0,1,0,SP2,FALSE,FALSE,3,3967,3968
mol2032,C[NH+](C)c1ccc(NC(=O)CN=O)cc1,CN(C)c1ccc(NC(=O)CN=O)cc1,"4,940",1,N,1,0,1,0,SP3,FALSE,FALSE,4,3969,3970
mol2033,C[NH+](C)c1ccc(SC#N)cc1,CN(C)c1ccc(SC#N)cc1,"3,300",1,N,1,0,1,0,SP3,FALSE,FALSE,4,3971,3972
mol2034,C[NH+](C)c1ccc([N+](C)(C)C)cc1,CN(C)c1ccc([N+](C)(C)C)cc1,"2,640",1,N,1,0,1,0,SP3,FALSE,FALSE,4,3973,3974
mol2035,CN(C)c1ccc2cc3c(ccc4ccccc43)[nH+]c2c1,CN(C)c1ccc2cc3c(ccc4ccccc43)nc2c1,"7,310",18,N,1,0,1,0,SP2,TRUE,TRUE,4,3975,3976
mol2036,C[NH+](C)c1ccc2ccccc2c1,CN(C)c1ccc2ccccc2c1,"4,570",1,N,1,0,1,0,SP3,FALSE,FALSE,4,3977,3978
mol2037,C[NH+](C)c1cccc(C#N)c1,CN(C)c1cccc(C#N)c1,"2,970",1,N,1,0,1,0,SP3,FALSE,FALSE,4,3979,3980
mol2038,C[NH+](C)c1cccc(Cl)c1,CN(C)c1cccc(Cl)c1,"3,830",1,N,1,0,1,0,SP3,FALSE,FALSE,4,3981,3982
mol2039,C[NH+](C)c1cccc([N+](C)(C)C)c1,CN(C)c1cccc([N+](C)(C)C)c1,"2,600",1,N,1,0,1,0,SP3,FALSE,FALSE,4,3983,3984
mol2040,C[NH+](C)c1cccc2ccccc12,CN(C)c1cccc2ccccc12,"4,830",1,N,1,0,1,0,SP3,FALSE,FALSE,4,3985,3986
mol2041,C[NH+](C)c1ccccc1,CN(C)c1ccccc1,"5,100",1,N,1,0,1,0,SP3,FALSE,FALSE,4,3987,3988
mol2043,CN(C)c1ccc[nH+]c1,CN(C)c1cccnc1,"6,670",7,N,1,0,1,0,SP2,TRUE,TRUE,4,3989,3990
mol2044,CN(C)c1cc[nH+]cn1,CN(C)c1ccncn1,"6,350",6,N,1,0,1,0,SP2,TRUE,TRUE,4,3991,3992
mol2045,CN(C)c1nc([NH2+]N=O)nn1C,CN(C)c1nc(NN=O)nn1C,"5,940",6,N,1,0,2,1,SP3,FALSE,FALSE,4,3993,3994
mol2046,CN(C)c1[nH+]c2c(s1)CCCC2,CN(C)c1nc2c(s1)CCCC2,"6,160",4,N,1,0,1,0,SP2,TRUE,TRUE,4,3995,3996
mol2048,CN(C)c1[nH+]cc(-c2ccccc2)s1,CN(C)c1ncc(-c2ccccc2)s1,"4,890",4,N,1,0,1,0,SP2,TRUE,TRUE,4,3997,3998
mol2049,CN(C)c1[nH+]cc(Br)s1,CN(C)c1ncc(Br)s1,"3,660",4,N,1,0,1,0,SP2,TRUE,TRUE,4,3999,4000
mol2050,CN(C)c1nccc[nH+]1,CN(C)c1ncccn1,"3,960",8,N,1,0,1,0,SP2,TRUE,TRUE,4,4001,4002
mol2051,CN(C)c1[nH+]cnc2c1cnn2C,CN(C)c1ncnc2c1cnn2C,"4,060",7,N,1,0,1,0,SP2,TRUE,TRUE,4,4003,4004
mol2052,CN(C)c1[nH+]cnc2c1ncn2[C@H]1O[C@@H](CO)[C@H](O)[C@@H]1O,CN(C)c1ncnc2c1ncn2[C@H]1O[C@@H](CO)[C@H](O)[C@@H]1O,"3,650",8,N,1,0,1,0,SP2,TRUE,TRUE,4,4005,4006
mol2053,CN(C)c1nn[nH]n1,CN(C)c1nn[n-]n1,"5,920",5,N,0,-1,1,0,SP2,TRUE,TRUE,3,4007,4008
mol2054,CN(C)c1noc(C2=CCC[NH+](C)C2)n1,CN1CCC=C(c2nc(N(C)C)no2)C1,"7,240",1,N,1,0,1,0,SP3,FALSE,TRUE,4,4010,4009
mol2055,CN(C)c1noc(C2=CCC[NH2+]C2)n1,CN(C)c1noc(C2=CCCNC2)n1,"8,580",12,N,1,0,2,1,SP3,FALSE,TRUE,4,4011,4012
mol2056,CN(C1=[NH+]CCN1)c1c(Br)cccc1Br,CN(C1=NCCN1)c1c(Br)cccc1Br,"10,700",11,N,1,0,1,0,SP2,FALSE,TRUE,4,4013,4014
mol2057,CN(C1=[NH+]CCO1)c1ccccc1,CN(C1=NCCO1)c1ccccc1,"8,510",9,N,1,0,1,0,SP2,FALSE,TRUE,4,4015,4016
mol2058,C[NH+](CCC#N)CCC#N,CN(CCC#N)CCC#N,"4,240",1,N,1,0,1,0,SP3,FALSE,FALSE,4,4017,4018
mol2059,CN(CCC[NH+](C)C)C(=O)CN=O,CN(C)CCCN(C)C(=O)CN=O,"9,255",1,N,1,0,1,0,SP3,FALSE,FALSE,4,4019,4020
mol2060,C[NH+](CCO)c1ccccc1,CN(CCO)c1ccccc1,"4,890",1,N,1,0,1,0,SP3,FALSE,FALSE,4,4021,4022
mol2061,CN(CCc1ccccc1)c1[nH+]cnc2c1ncn2C1O[C@H](CO)[C@@H](O)[C@H]1O,CN(CCc1ccccc1)c1ncnc2c1ncn2C1O[C@H](CO)[C@@H](O)[C@H]1O,"3,000",15,N,1,0,1,0,SP2,TRUE,TRUE,4,4023,4024
mol2062,CN(O)C(=O)C(C)(C)C,CN([O-])C(=O)C(C)(C)C,"9,940",8,O,0,-1,1,0,SP3,FALSE,FALSE,2,4025,4026
mol2063,CN(O)C(=O)c1ccccc1,CN([O-])C(=O)c1ccccc1,"8,070",10,O,0,-1,1,0,SP3,FALSE,FALSE,2,4027,4028
mol2064,CN(O)C(N)=O,CN([O-])C(N)=O,"9,950",5,O,0,-1,1,0,SP3,FALSE,FALSE,2,4029,4030
mol2065,C[NH+]([O-])Cc1ccccc1,CN([O-])Cc1ccccc1,"4,600",1,N,1,0,1,0,SP3,FALSE,FALSE,4,4031,4032
mol2066,CN(c1ccc(Nc2c3ccccc3[nH+]c3ccccc23)cc1)S(C)(=O)=O,CN(c1ccc(Nc2c3ccccc3nc3ccccc23)cc1)S(C)(=O)=O,"6,950",16,N,1,0,1,0,SP2,TRUE,TRUE,4,4033,4034
mol2068,C[NH+](c1ccccc1)C1CCCC1,CN(c1ccccc1)C1CCCC1,"6,710",1,N,1,0,1,0,SP3,FALSE,FALSE,4,4035,4036
mol2069,C[NH+](c1ccccc1)C1CCCCC1,CN(c1ccccc1)C1CCCCC1,"6,350",1,N,1,0,1,0,SP3,FALSE,FALSE,4,4037,4038
mol2070,CN(c1ccccc1Nc1c2ccccc2[nH+]c2ccccc12)S(C)(=O)=O,CN(c1ccccc1Nc1c2ccccc2nc2ccccc12)S(C)(=O)=O,"6,970",16,N,1,0,1,0,SP2,TRUE,TRUE,4,4039,4040
mol2071,CN1C(=O)C(C)(C)NC1=S,CN1C(=O)C(C)(C)[N-]C1=S,"10,800",7,N,0,-1,1,0,SP2,FALSE,TRUE,3,4041,4042
mol2072,CN1C(=O)C(C)(c2cccc(NC(=O)c3ccc(Cl)cn3)c2)[NH+]=C1N,CN1C(=O)C(C)(c2cccc(NC(=O)c3ccc(Cl)cn3)c2)N=C1N,"7,300",6,N,1,0,1,0,SP2,FALSE,TRUE,4,4044,4043
mol2073,CN1C(=O)C(c2ccccc2)(c2ccccc2)[NH+]=C1N,CN1C(=O)C(c2ccccc2)(c2ccccc2)N=C1N,"5,700",5,N,1,0,1,0,SP2,FALSE,TRUE,4,4046,4045
mol2074,CN1C(=O)C2(CCCCC2)NC1=S,CN1C(=O)C2(CCCCC2)[N-]C1=S,"11,230",10,N,0,-1,1,0,SP2,FALSE,TRUE,3,4047,4048
mol2075,CN1C(=O)CC[C@H]1c1ccc[nH+]c1,CN1C(=O)CC[C@H]1c1cccnc1,"4,500",11,N,1,0,1,0,SP2,TRUE,TRUE,4,4049,4050
mol2076,CN1C(=O)C[C@@](C)(c2cccc(NC(=O)c3ccc(Cl)cn3)c2)[NH+]=C1N,CN1C(=O)C[C@@](C)(c2cccc(NC(=O)c3ccc(Cl)cn3)c2)N=C1N,"8,400",7,N,1,0,1,0,SP2,FALSE,TRUE,4,4051,4052
mol2077,CN1C(=O)N(CC[NH+]2CCOCC2)C(=O)C(C)(C2=CCCCC2)C1=O,CN1C(=O)N(CCN2CCOCC2)C(=O)C(C)(C2=CCCCC2)C1=O,"5,750",12,N,1,0,1,0,SP3,FALSE,TRUE,4,4054,4053
mol2078,CN1C(=O)NC(=O)C(C)(C2=CCCCC2)C1=O,CN1C(=O)[N-]C(=O)C(C)(C2=CCCCC2)C1=O,"7,830",4,N,0,-1,1,0,SP2,FALSE,TRUE,3,4055,4056
mol2079,CN1C(=O)[C@]2([NH+]=C1N)c1cc(-c3cccnc3F)ccc1O[C@H]1CCOC[C@@H]12,CN1C(=O)[C@]2(N=C1N)c1cc(-c3cccnc3F)ccc1O[C@H]1CCOC[C@@H]12,"5,800",25,N,1,0,1,0,SP2,FALSE,TRUE,4,4058,4057
mol2080,CN1C(=S)NC(=O)C12CCCCC2,CN1C(=S)[N-]C(=O)C12CCCCC2,"9,250",4,N,0,-1,1,0,SP2,FALSE,TRUE,3,4059,4060
mol2081,CN1C(=[NH2+])C(C)(C)c2ccccc21,CN1C(=N)C(C)(C)c2ccccc21,"9,250",10,N,1,0,2,1,SP2,FALSE,FALSE,4,4061,4062
mol2082,CN1C2CCC(C2)[NH+]1C,CN1C2CCC(C2)N1C,"6,890",7,N,1,0,1,0,SP3,FALSE,TRUE,4,4063,4064
mol2083,CN1C2CCC(CC2)[NH+]1C,CN1C2CCC(CC2)N1C,"7,140",6,N,1,0,1,0,SP3,FALSE,TRUE,4,4065,4066
mol2084,CN1CC(=O)NC1=O,CN1CC(=O)[N-]C1=O,"11,400",5,N,0,-1,1,0,SP2,FALSE,TRUE,3,4067,4068
mol2085,CN1CC(C(=O)Nc2ccc(Cl)cc2)=C([OH2+])C1=O,CN1CC(C(=O)Nc2ccc(Cl)cc2)=C(O)C1=O,"5,510",7,O,1,0,2,1,SP2,FALSE,FALSE,3,4069,4070
mol2086,CN1CC(C(=O)Nc2ccc(F)cc2)=C([OH2+])C1=O,CN1CC(C(=O)Nc2ccc(F)cc2)=C(O)C1=O,"5,550",7,O,1,0,2,1,SP2,FALSE,FALSE,3,4071,4072
mol2087,CN1CC(C(=O)Nc2ccccc2)=C([OH2+])C1=O,CN1CC(C(=O)Nc2ccccc2)=C(O)C1=O,"5,860",7,O,1,0,2,1,SP2,FALSE,FALSE,3,4073,4074
mol2088,CN1CC(C)(c2cccc(NC(=O)c3ccc(Cl)cn3)c2)[NH+]=C(N)C1=O,CN1CC(C)(c2cccc(NC(=O)c3ccc(Cl)cn3)c2)N=C(N)C1=O,"7,600",7,N,1,0,1,0,SP2,FALSE,TRUE,4,4075,4076
mol2089,CN1CC(N)=[NH+]C(C)(c2cccc(NC(=O)c3ccc(Cl)cn3)c2)C1=O,CN1CC(N)=NC(C)(c2cccc(NC(=O)c3ccc(Cl)cn3)c2)C1=O,"7,800",7,N,1,0,1,0,SP2,FALSE,TRUE,4,4077,4078
mol2090,CN1CC(O)c2cc(N=O)c(O)cc21,CN1CC(O)c2cc(N=O)c([O-])cc21,"8,600",12,O,0,-1,1,0,SP2,FALSE,FALSE,2,4079,4080
mol2091,CN1CC=CC[NH+]1C,CN1CC=CCN1C,"5,700",6,N,1,0,1,0,SP3,FALSE,TRUE,4,4081,4082
mol2092,CN1CCC(=O)NC1=O,CN1CCC(=O)[N-]C1=O,"11,860",6,N,0,-1,1,0,SP2,FALSE,TRUE,3,4083,4084
mol2093,C[NH+]1CCC=C(C#N)C1,CN1CCC=C(C#N)C1,"6,350",1,N,1,0,1,0,SP3,FALSE,TRUE,4,4085,4086
mol2094,CN1CCCC/C1=[NH+]\c1ccc2c(c1)[C@@H](NC(=O)c1ccc(Br)cc1)[C@H](O)C2,CN1CCCC/C1=N\c1ccc2c(c1)[C@@H](NC(=O)c1ccc(Br)cc1)[C@H](O)C2,"9,900",7,N,1,0,1,0,SP2,FALSE,FALSE,4,4087,4088
mol2095,CN1CCCC2CC[NH+]=C21,CN1CCCC2CCN=C21,"11,500",7,N,1,0,1,0,SP2,FALSE,TRUE,4,4089,4090
mol2096,CN1CCCCC[NH+]1C,CN1CCCCCN1C,"6,660",7,N,1,0,1,0,SP3,FALSE,TRUE,4,4091,4092
mol2097,CN1CCCC[NH+]1C,CN1CCCCN1C,"6,660",6,N,1,0,1,0,SP3,FALSE,TRUE,4,4093,4094
mol2098,CN1CCC[NH+]1C,CN1CCCN1C,"6,670",5,N,1,0,1,0,SP3,FALSE,TRUE,4,4095,4096
mol2099,C[NH+]1CC[NH+](C)C(c2nc(N)no2)C1,CN1CC[NH+](C)C(c2nc(N)no2)C1,"6,000",4,N,1,0,1,0,SP3,FALSE,TRUE,4,4097,4098
mol2100,CN1CC[NH+](C)c2cccc3cccc1c23,CN1CCN(C)c2cccc3cccc1c23,"4,620",1,N,1,0,1,0,SP3,FALSE,TRUE,4,4100,4099
mol2103,C[NH+]1CC[NH2+]C(c2nc(N)no2)C1,CN1CC[NH2+]C(c2nc(N)no2)C1,"6,200",1,N,1,0,1,0,SP3,FALSE,TRUE,4,4101,4102
mol2104,C[NH+]1CCc2cccc(c2)CCc2ccc1cc2,CN1CCc2cccc(c2)CCc2ccc1cc2,"6,760",1,N,1,0,1,0,SP3,FALSE,TRUE,4,4103,4104
mol2105,C[NH+]1Cc2c(ccc3c2OCO3)-c2ccc3cc4c(cc3c21)OCO4,CN1Cc2c(ccc3c2OCO3)-c2ccc3cc4c(cc3c21)OCO4,"2,600",1,N,1,0,1,0,SP3,FALSE,TRUE,4,4105,4106
mol2106,CN1Cc2cc(-c3ccc(C[C@@H](C#N)NC(=O)[C@@H]4CCCC[NH2+]4)cc3)ccc2C1=O,CN1Cc2cc(-c3ccc(C[C@@H](C#N)NC(=O)[C@@H]4CCCCN4)cc3)ccc2C1=O,"7,100",29,N,1,0,2,1,SP3,FALSE,TRUE,4,4108,4107
mol2107,CN1c2ccccc2Nc2c(O)cccc21,CN1c2ccccc2Nc2c([O-])cccc21,"9,260",15,O,0,-1,1,0,SP2,FALSE,FALSE,2,4109,4110
mol2108,CN1c2ccccc2Nc2ccc(O)cc21,CN1c2ccccc2Nc2ccc([O-])cc21,"10,100",15,O,0,-1,1,0,SP2,FALSE,FALSE,2,4111,4112
mol2109,C[NH+]=C1C(C)(C)c2ccccc2C1(C)C,CN=C1C(C)(C)c2ccccc2C1(C)C,"7,000",10,N,1,0,1,0,SP2,FALSE,FALSE,4,4113,4114
mol2111,CNC(=O)/C=C(/C)C(=O)O,CNC(=O)/C=C(/C)C(=O)[O-],"3,230",9,O,0,-1,1,0,SP2,FALSE,FALSE,2,4115,4116
mol2112,CNC(=O)/C=C(\c1ccc2[nH+]c(N)n(C(C)C)c2c1)c1cccc(F)c1F,CNC(=O)/C=C(\c1ccc2nc(N)n(C(C)C)c2c1)c1cccc(F)c1F,"6,690",10,N,1,0,1,0,SP2,TRUE,TRUE,4,4117,4118
mol2113,CNC(=O)/C=C(\c1ccc2[nH+]c(N)n(C3CCCC3)c2c1)c1ccccc1F,CNC(=O)/C=C(\c1ccc2nc(N)n(C3CCCC3)c2c1)c1ccccc1F,"6,700",14,N,1,0,1,0,SP2,TRUE,TRUE,4,4119,4120
mol2114,CNC(=O)/C=C\C(=O)O,CNC(=O)/C=C\C(=O)[O-],"3,980",8,O,0,-1,1,0,SP2,FALSE,FALSE,2,4121,4122
mol2115,CNC(=O)C(CC[NH+]1CCC(O)(c2ccc(Cl)cc2)CC1)(c1ccccc1)c1ccccc1,CNC(=O)C(CCN1CCC(O)(c2ccc(Cl)cc2)CC1)(c1ccccc1)c1ccccc1,"7,200",7,N,1,0,1,0,SP3,FALSE,TRUE,4,4124,4123
mol2116,CNC(=O)C1CCCC[NH2+]1,CNC(=O)C1CCCCN1,"8,800",9,N,1,0,2,1,SP3,FALSE,TRUE,4,4125,4126
mol2117,CNC(=O)CNC(=O)C1=C([O-])C(=O)C=C[NH2+]1,CNC(=O)CNC(=O)c1[nH]ccc(=O)c1[O-],"6,300",14,N,1,0,2,1,SP3,FALSE,TRUE,4,4127,4128
mol2118,CNC(=O)CS,CNC(=O)C[S-],"8,050",5,S,0,-1,1,0,SP3,FALSE,FALSE,2,4129,4130
mol2119,CNC(=O)CS(=O)(=O)[NH2+]C(N)=O,CNC(=O)CS(=O)(=O)NC(N)=O,"4,890",8,N,1,0,2,1,SP3,FALSE,FALSE,4,4131,4132
mol2120,CNC(=O)C[NH2+]C,CNCC(=O)NC,"8,280",1,N,1,0,2,1,SP3,FALSE,FALSE,4,4133,4134
mol2123,CNC(=O)O[C@H]1CCc2ccc(N3CC[NH+](C4COC4)CC3)cc2[C@@H]1NC(=O)c1ccc(F)cc1,CNC(=O)O[C@H]1CCc2ccc(N3CCN(C4COC4)CC3)cc2[C@@H]1NC(=O)c1ccc(F)cc1,"5,000",28,N,1,0,1,0,SP3,FALSE,TRUE,4,4136,4135
mol2124,CNC(=O)O[C@H]1COc2ccc(N3CC[NH+](C4COC4)CC3)cc2[C@@H]1NC(=O)c1ccc(F)cc1,CNC(=O)O[C@H]1COc2ccc(N3CCN(C4COC4)CC3)cc2[C@@H]1NC(=O)c1ccc(F)cc1,"5,110",28,N,1,0,1,0,SP3,FALSE,TRUE,4,4138,4137
mol2125,CNC(=O)Oc1ccc2c(c1)[C@@]1(C)CC[NH+](C)[C@H]1N2C,CNC(=O)Oc1ccc2c(c1)[C@@]1(C)CCN(C)[C@H]1N2C,"6,120",4,N,1,0,1,0,SP3,FALSE,TRUE,4,4140,4139
mol2126,CNC(=O)Oc1ccc2c(c1)[C@]1(C)CC[NH+](C)[C@@H]1N2C,CNC(=O)Oc1ccc2c(c1)[C@]1(C)CCN(C)[C@@H]1N2C,"7,900",4,N,1,0,1,0,SP3,FALSE,TRUE,4,4141,4142
mol2127,CNC(=O)[C@H](C)NC(=O)C1=C([O-])C(=O)C=C[NH2+]1,CNC(=O)[C@H](C)NC(=O)c1[nH]ccc(=O)c1[O-],"6,000",15,N,1,0,2,1,SP3,FALSE,TRUE,4,4143,4144
mol2128,CNC(=O)[C@H](Cc1ccccc1)NC(=O)C1=C([O-])C(=O)C=C[NH2+]1,CNC(=O)[C@H](Cc1ccccc1)NC(=O)c1[nH]ccc(=O)c1[O-],"6,100",21,N,1,0,2,1,SP3,FALSE,TRUE,4,4145,4146
mol2129,CNC(=O)c1cc(NCc2c(C)cccc2C)c2[nH]c(C)c(Br)c2[nH+]1,CNC(=O)c1cc(NCc2c(C)cccc2C)c2[nH]c(C)c(Br)c2n1,"7,390",12,N,1,0,1,0,SP2,TRUE,TRUE,4,4148,4147
mol2130,CNC(=O)c1cc(NCc2c(C)cccc2C)c2[nH]c(C)cc2[nH+]1,CNC(=O)c1cc(NCc2c(C)cccc2C)c2[nH]c(C)cc2n1,"7,330",12,N,1,0,1,0,SP2,TRUE,TRUE,4,4150,4149
mol2131,CNC(=O)c1cc(N[C@H]2c3ccccc3C[C@@H]2O)c2[nH+]c(C)c(C)n2c1,CNC(=O)c1cc(N[C@H]2c3ccccc3C[C@@H]2O)c2nc(C)c(C)n2c1,"5,970",9,N,1,0,1,0,SP2,TRUE,TRUE,4,4151,4152
mol2132,CNC(=O)c1cc2c([nH+]c(C)n2C)c2c1CC[C@@H](c1ccc(Cl)cc1C)O2,CNC(=O)c1cc2c(nc(C)n2C)c2c1CC[C@@H](c1ccc(Cl)cc1C)O2,"5,600",17,N,1,0,1,0,SP2,TRUE,TRUE,4,4153,4154
mol2133,CNC(=O)c1cc2cc(S([NH3+])(=O)=O)sc2s1,CNC(=O)c1cc2cc(S(N)(=O)=O)sc2s1,"5,200",15,N,1,0,3,2,SP3,FALSE,FALSE,4,4155,4156
mol2134,CNC(=O)c1ccc2c(c1)[C@@H]([NH2+]C)CC[C@H]2c1ccc(Cl)c(Cl)c1,CNC(=O)c1ccc2c(c1)[C@@H](NC)CC[C@H]2c1ccc(Cl)c(Cl)c1,"8,800",1,N,1,0,2,1,SP3,FALSE,FALSE,4,4157,4158
mol2135,CNC(=O)c1ccccc1O,CNC(=O)c1ccccc1[O-],"8,030",10,O,0,-1,1,0,SP2,FALSE,FALSE,2,4159,4160
mol2136,CNC(=O)c1cc[nH+]cc1,CNC(=O)c1ccncc1,"3,800",7,N,1,0,1,0,SP2,TRUE,TRUE,4,4161,4162
mol2137,CNC(=O)c1cn2c(C)c(C)[nH+]c2c2c1CCC(c1ccccc1)O2,CNC(=O)c1cn2c(C)c(C)nc2c2c1CCC(c1ccccc1)O2,"6,740",9,N,1,0,1,0,SP2,TRUE,TRUE,4,4163,4164
mol2138,CNC(=O)c1cn2c(C)c(C)[nH+]c2c2c1CCC1(CCc3ccccc31)O2,CNC(=O)c1cn2c(C)c(C)nc2c2c1CCC1(CCc3ccccc31)O2,"6,800",9,N,1,0,1,0,SP2,TRUE,TRUE,4,4165,4166
mol2139,CNC(=O)c1nc(-c2nc(-c3c[nH+]c4ccccn34)c(C)nc2N)n(C)n1,CNC(=O)c1nc(-c2nc(-c3cnc4ccccn34)c(C)nc2N)n(C)n1,"6,200",20,N,1,0,1,0,SP2,TRUE,TRUE,4,4168,4167
mol2140,CNC(=S)N(C)CCNc1c2ccccc2[nH+]c2ccccc12,CNC(=S)N(C)CCNc1c2ccccc2nc2ccccc12,"9,000",16,N,1,0,1,0,SP2,TRUE,TRUE,4,4169,4170
mol2141,CNC(=S)NCCSCc1[nH+]c[nH]c1C,CNC(=S)NCCSCc1nc[nH]c1C,"6,800",3,N,1,0,1,0,SP2,TRUE,TRUE,4,4171,4172
mol2142,CNC(=S)OC(C)C,C[N-]C(=S)OC(C)C,"11,560",6,N,0,-1,1,0,SP2,FALSE,FALSE,3,4173,4174
mol2143,CNC1=[NH+]c2ccc(Cl)cc2C(c2ccccc2)=[N+]([O-])C1,CNC1=Nc2ccc(Cl)cc2C(c2ccccc2)=[N+]([O-])C1,"4,800",3,N,1,0,1,0,SP2,FALSE,TRUE,4,4176,4175
mol2144,C[NH2+]CC#N,CNCC#N,"5,260",1,N,1,0,2,1,SP3,FALSE,FALSE,4,4177,4178
mol2145,C[NH2+]CC(F)(F)F,CNCC(F)(F)F,"6,000",1,N,1,0,2,1,SP3,FALSE,FALSE,4,4179,4180
mol2146,CNCCC#N,C[N-]CCC#N,"8,100",1,N,0,-1,1,0,SP3,FALSE,FALSE,3,4181,4182
mol2147,CNCCS(=O)(=O)CC[C@@H]1OCC[C@@]2(S(=O)(=O)c3ccc(Cl)cc3)c3c(F)ccc(F)c3OC[C@@H]12,C[N-]CCS(=O)(=O)CC[C@@H]1OCC[C@@]2(S(=O)(=O)c3ccc(Cl)cc3)c3c(F)ccc(F)c3OC[C@@H]12,"7,700",1,N,0,-1,1,0,SP3,FALSE,FALSE,3,4183,4184
mol2148,CNN,C[N-]N,"7,870",1,N,0,-1,1,0,SP3,FALSE,FALSE,3,4185,4186
mol2149,C[NH2+]N(C)C,CNN(C)C,"6,640",1,N,1,0,2,1,SP3,FALSE,FALSE,4,4187,4188
mol2150,CN[NH2+]C,CNNC,"5,200",2,N,1,0,2,1,SP3,FALSE,FALSE,4,4189,4190
mol2151,C[NH2+]OC,CNOC,"4,750",1,N,1,0,2,1,SP3,FALSE,FALSE,4,4191,4192
mol2152,CNS(=O)(=O)C(F)(F)F,C[N-]S(=O)(=O)C(F)(F)F,"7,560",1,N,0,-1,1,0,SP3,FALSE,FALSE,3,4193,4194
mol2153,CNS(=O)(=O)Nc1cccc(Cc2c(C)c3ccc(Oc4ncccn4)cc3oc2=O)c1F,CNS(=O)(=O)[N-]c1cccc(Cc2c(C)c3ccc(Oc4ncccn4)cc3oc2=O)c1F,"8,860",20,N,0,-1,1,0,SP2,FALSE,FALSE,3,4195,4196
mol2154,CNS(=O)(=O)c1ccc(C(F)(F)F)cc1,C[N-]S(=O)(=O)c1ccc(C(F)(F)F)cc1,"10,700",1,N,0,-1,1,0,SP3,FALSE,FALSE,3,4197,4198
mol2155,CNS(=O)(=O)c1ccc(Cl)cc1,C[N-]S(=O)(=O)c1ccc(Cl)cc1,"10,960",1,N,0,-1,1,0,SP3,FALSE,FALSE,3,4199,4200
mol2156,C[NH2+][O-],CN[O-],"6,050",1,N,1,0,2,1,SP3,FALSE,FALSE,4,4201,4202
mol2157,CNC1=C(C)C=[N+]([C@@H]2C[C@@H](O)[C@H](CO)O2)C(=O)[NH2+]1,CNc1[nH]c(=O)[n+]([C@@H]2C[C@@H](O)[C@H](CO)O2)cc1C,"4,040",6,N,1,0,2,1,SP3,FALSE,TRUE,4,4203,4204
mol2158,C[NH2+]c1c(C)cccc1C,CNc1c(C)cccc1C,"6,120",7,N,1,0,2,1,SP3,FALSE,FALSE,4,4205,4206
mol2159,CNc1c[nH+]ccc1N,CNc1cnccc1N,"9,140",4,N,1,0,1,0,SP2,TRUE,TRUE,4,4207,4208
mol2160,CNC1=CC=[N+](C)C(=O)[NH2+]1,CNc1cc[n+](C)c(=O)[nH]1,"4,470",8,N,1,0,2,1,SP3,FALSE,TRUE,4,4209,4210
mol2161,C[NH2+]c1cc[n+]([O-])cc1,CNc1cc[n+]([O-])cc1,"3,850",1,N,1,0,2,1,SP3,FALSE,FALSE,4,4211,4212
mol2162,CNc1cc[nH+]c(N2CCc3ccccc3C2)c1,CNc1ccnc(N2CCc3ccccc3C2)c1,"8,850",5,N,1,0,1,0,SP2,TRUE,TRUE,4,4213,4214
mol2163,C[NH2+]c1ccc(C)cc1,CNc1ccc(C)cc1,"5,360",7,N,1,0,2,1,SP3,FALSE,FALSE,4,4215,4216
mol2164,C[NH2+]c1ccc(OC)cc1,CNc1ccc(OC)cc1,"5,930",1,N,1,0,2,1,SP3,FALSE,FALSE,4,4217,4218
mol2165,C[NH2+]c1cccc(C)c1,CNc1cccc(C)c1,"4,940",7,N,1,0,2,1,SP3,FALSE,FALSE,4,4219,4220
mol2166,C[NH2+]c1cccc2ccccc12,CNc1cccc2ccccc12,"3,700",1,N,1,0,2,1,SP3,FALSE,FALSE,4,4221,4222
mol2167,C[NH2+]c1ccccc1,CNc1ccccc1,"4,800",1,N,1,0,2,1,SP3,FALSE,FALSE,4,4223,4224
mol2168,C[NH2+]c1ccccc1C,CNc1ccccc1C,"4,590",7,N,1,0,2,1,SP3,FALSE,FALSE,4,4225,4226
mol2169,CNc1cccc[nH+]1,CNc1ccccn1,"7,130",7,N,1,0,1,0,SP2,TRUE,TRUE,4,4227,4228
mol2170,CNc1ccc[nH+]c1,CNc1cccnc1,"6,410",6,N,1,0,1,0,SP2,TRUE,TRUE,4,4229,4230
mol2171,CNc1cc[nH+]cn1,CNc1ccncn1,"6,120",5,N,1,0,1,0,SP2,TRUE,TRUE,4,4231,4232
mol2172,CNc1cnc2ccccc2[nH+]1,CNc1cnc2ccccc2n1,"4,100",11,N,1,0,1,0,SP2,TRUE,TRUE,4,4233,4234
mol2173,CNc1nc(C(F)(F)c2ccccc2)nc2c1CC[NH2+]CC2,CNc1nc(C(F)(F)c2ccccc2)nc2c1CCNCC2,"8,700",19,N,1,0,2,1,SP3,FALSE,TRUE,4,4235,4236
mol2174,CNc1[nH+]c(C)nc2c1cnn2C,CNc1nc(C)nc2c1cnn2C,"5,000",2,N,1,0,1,0,SP2,TRUE,TRUE,4,4237,4238
mol2175,CNc1nccc[nH+]1,CNc1ncccn1,"3,820",7,N,1,0,1,0,SP2,TRUE,TRUE,4,4239,4240
mol2176,CNc1nccn2cc(-c3ccc(S(C)=O)cc3OC)[nH+]c12,CNc1nccn2cc(-c3ccc(S(C)=O)cc3OC)nc12,"5,360",4,N,1,0,1,0,SP2,TRUE,TRUE,4,4242,4241
mol2177,CNc1[nH+]cnc2c1ccn2Cc1ccccc1F,CNc1ncnc2c1ccn2Cc1ccccc1F,"5,560",10,N,1,0,1,0,SP2,TRUE,TRUE,4,4243,4244
mol2178,CNc1[nH+]cnc2c1cnn2C,CNc1ncnc2c1cnn2C,"4,240",10,N,1,0,1,0,SP2,TRUE,TRUE,4,4245,4246
mol2179,CNc1[nH+]cnc2c1cnn2Cc1ccccc1F,CNc1ncnc2c1cnn2Cc1ccccc1F,"4,400",10,N,1,0,1,0,SP2,TRUE,TRUE,4,4247,4248
mol2180,CNc1[nH+]cnc2c1ncn2Cc1ccccc1F,CNc1ncnc2c1ncn2Cc1ccccc1F,"3,880",7,N,1,0,1,0,SP2,TRUE,TRUE,4,4249,4250
mol2181,CNc1nn[nH]n1,CNc1nn[n-]n1,"6,060",4,N,0,-1,1,0,SP2,TRUE,TRUE,3,4251,4252
mol2182,CNc1nnc(S(N)(=O)=O)s1,CNc1nnc(S([NH-])(=O)=O)s1,"7,800",10,N,0,-1,2,1,SP3,FALSE,FALSE,3,4253,4254
mol2183,CO/C(C)=C\C(=O)O,CO/C(C)=C\C(=O)[O-],"5,810",5,O,0,-1,1,0,SP2,FALSE,FALSE,2,4255,4256
mol2184,CO/N=C(\C#N)C1=CCC[NH+](C)C1,CO/N=C(\C#N)C1=CCCN(C)C1,"7,650",1,N,1,0,1,0,SP3,FALSE,TRUE,4,4257,4258
mol2185,CO/N=C(\C#N)C1=CCC[NH2+]C1,CO/N=C(\C#N)C1=CCCNC1,"8,600",10,N,1,0,2,1,SP3,FALSE,TRUE,4,4259,4260
mol2186,CO/N=C(\C#N)C1C[NH+]2CCC1CC2,CO/N=C(\C#N)C1CN2CCC1CC2,"8,960",8,N,1,0,1,0,SP3,FALSE,TRUE,4,4261,4262
mol2187,CO/N=C(\C(=O)N=C1C(=O)N2C(C(=O)O)C(COC(C)=O)CS[C@H]12)c1csc(N)n1,CO/N=C(\C(=O)N=C1C(=O)N2C(C(=O)[O-])C(COC(C)=O)CS[C@H]12)c1csc(N)n1,"3,750",29,O,0,-1,1,0,SP2,FALSE,FALSE,2,4263,4264
mol2188,CO/N=C(\F)C1=CCC[NH+](C)C1,CO/N=C(\F)C1=CCCN(C)C1,"7,390",1,N,1,0,1,0,SP3,FALSE,TRUE,4,4266,4265
mol2189,COC(=O)/C=C(/C)O,COC(=O)/C=C(/C)[O-],"9,480",7,O,0,-1,1,0,SP2,FALSE,FALSE,2,4267,4268
mol2190,COC(=O)C(CCCC[NH3+])NC(=O)OC(C)(C)C,COC(=O)C(CCCCN)NC(=O)OC(C)(C)C,"10,790",13,N,1,0,3,2,SP3,FALSE,FALSE,4,4269,4270
mol2191,COC(=O)C([NH3+])CCCCNC(=O)OC(C)(C)C,COC(=O)C(N)CCCCNC(=O)OC(C)(C)C,"8,900",17,N,1,0,3,2,SP3,FALSE,FALSE,4,4271,4272
mol2192,COC(=O)C([NH3+])Cc1ccccc1,COC(=O)C(N)Cc1ccccc1,"7,000",12,N,1,0,3,2,SP3,FALSE,FALSE,4,4274,4273
mol2193,COC(=O)C(c1ccccc1)C1CCCC[NH2+]1,COC(=O)C(c1ccccc1)C1CCCCN1,"9,240",16,N,1,0,2,1,SP3,FALSE,TRUE,4,4275,4276
mol2194,COC(=O)C1=CCC[NH+](C)C1,COC(=O)C1=CCCN(C)C1,"7,675",1,N,1,0,1,0,SP3,FALSE,TRUE,4,4277,4278
mol2195,COC(=O)C1=CCC[NH2+]C1,COC(=O)C1=CCCNC1,"8,700",8,N,1,0,2,1,SP3,FALSE,TRUE,4,4279,4280
mol2196,COC(=O)C1C(C[NH+]2CCOC[C@H]2C(=O)O)=NC(c2nccs2)=N[C@H]1c1ccc(F)c(F)c1C,COC(=O)C1C(C[NH+]2CCOC[C@H]2C(=O)[O-])=NC(c2nccs2)=N[C@H]1c1ccc(F)c(F)c1C,"5,700",29,O,0,-1,1,0,SP2,FALSE,FALSE,2,4281,4282
mol2197,COC(=O)C1C(C[NH+]2CCOC[C@H]2C(=O)O)=NC(c2nccs2)=N[C@H]1c1ccc(F)cc1Cl,COC(=O)C1C(C[NH+]2CCOC[C@H]2C(=O)[O-])=NC(c2nccs2)=N[C@H]1c1ccc(F)cc1Cl,"5,800",19,O,0,-1,1,0,SP2,FALSE,FALSE,2,4283,4284
mol2198,COC(=O)C1CCC[NH+](C)C1,COC(=O)C1CCCN(C)C1,"8,450",1,N,1,0,1,0,SP3,FALSE,TRUE,4,4285,4286
mol2199,COC(=O)C1C[NH+]2CCC1CC2,COC(=O)C1CN2CCC1CC2,"9,400",6,N,1,0,1,0,SP3,FALSE,TRUE,4,4287,4288
mol2200,COC(=O)C1c2ccccc2-c2ccccc21,COC(=O)[c-]1c2ccccc2c2ccccc21,"11,520",4,C,0,-1,1,0,SP3,FALSE,TRUE,4,4289,4290
mol2201,COC(=O)C=C(C)O,COC(=O)C=C(C)[O-],"10,600",7,O,0,-1,1,0,SP2,FALSE,FALSE,2,4291,4292
mol2202,COC(=O)CC1c2ccc(Cl)cc2NC(=O)C1C#N,COC(=O)CC1c2ccc(Cl)cc2NC(=O)[C-]1C#N,"10,200",15,C,0,-1,1,0,SP3,FALSE,TRUE,4,4293,4294
mol2203,COC(=O)CC1c2ccc(Cl)cc2NC(=O)C1S(=O)(=O)c1ccccc1,COC(=O)CC1c2ccc(Cl)cc2NC(=O)[C-]1S(=O)(=O)c1ccccc1,"10,800",15,C,0,-1,1,0,SP3,FALSE,TRUE,4,4295,4296
mol2204,COC(=O)CCCc1c[nH+]c[nH]1,COC(=O)CCCc1cnc[nH]1,"7,330",9,N,1,0,1,0,SP2,TRUE,TRUE,4,4297,4298
mol2205,COC(=O)CCS,COC(=O)CC[S-],"9,330",6,S,0,-1,1,0,SP3,FALSE,FALSE,2,4299,4300
mol2206,COC(=O)CCc1ccc(OCC(O)C[NH2+]C(C)C)cc1,COC(=O)CCc1ccc(OCC(O)CNC(C)C)cc1,"9,500",3,N,1,0,2,1,SP3,FALSE,FALSE,4,4301,4302
mol2207,COC(=O)CS,COC(=O)C[S-],"7,570",5,S,0,-1,1,0,SP3,FALSE,FALSE,2,4303,4304
mol2208,COC(=O)C[C@@H]1[C@@H](C(=O)[O-])[NH2+]C[C@H]1C(C)O,COC(=O)C[C@@H]1[C@@H](C(=O)[O-])NC[C@H]1C(C)O,"9,410",4,N,1,0,2,1,SP3,FALSE,TRUE,4,4305,4306
mol2209,COC(=O)C[NH3+],COC(=O)CN,"7,685",5,N,1,0,3,2,SP3,FALSE,FALSE,4,4307,4308
mol2210,COC(=O)Cc1ccccc1[NH3+],COC(=O)Cc1ccccc1N,"3,710",11,N,1,0,3,2,SP3,FALSE,FALSE,4,4309,4310
mol2211,COC(=O)Cc1csc(=N)n1C,COC(=O)Cc1csc(=[N-])n1C,"9,770",6,N,0,-1,1,0,SP2,FALSE,FALSE,3,4311,4312
mol2212,COC(=O)Cc1csc(N)[nH+]1,COC(=O)Cc1csc(N)n1,"4,830",9,N,1,0,1,0,SP2,TRUE,TRUE,4,4313,4314
mol2213,COC(=O)Cn1cc[nH+]c1,COC(=O)Cn1ccnc1,"7,100",8,N,1,0,1,0,SP2,TRUE,TRUE,4,4315,4316
mol2214,COC(=O)N(C)CC(=O)Oc1ccc([NH+](C)C)cc1,COC(=O)N(C)CC(=O)Oc1ccc(N(C)C)cc1,"5,030",1,N,1,0,1,0,SP3,FALSE,FALSE,4,4317,4318
mol2215,COC(=O)N1CCC2=C(C1)O[NH2+]C2=O,COC(=O)N1CCc2c(o[nH]c2=O)C1,"5,300",10,N,1,0,2,1,SP3,FALSE,TRUE,4,4319,4320
mol2216,COC(=O)N1CCC2=C(C1)S[NH2+]C2=O,COC(=O)N1CCc2c(s[nH]c2=O)C1,"7,300",10,N,1,0,2,1,SP3,FALSE,TRUE,4,4321,4322
mol2217,COC(=O)N1CCC2=C(C1)C(=O)[NH2+]S2,COC(=O)N1CCc2s[nH]c(=O)c2C1,"7,400",11,N,1,0,2,1,SP3,FALSE,TRUE,4,4323,4324
mol2218,COC(=O)N1CCc2s[nH]c(=O)c2CC1,COC(=O)N1CCc2s[n-]c(=O)c2CC1,"7,600",10,N,0,-1,1,0,SP2,TRUE,TRUE,3,4325,4326
mol2221,COC(=O)Nc1ccccc1Nc1c2ccccc2[nH+]c2ccccc12,COC(=O)Nc1ccccc1Nc1c2ccccc2nc2ccccc12,"7,240",19,N,1,0,1,0,SP2,TRUE,TRUE,4,4327,4328
mol2222,COC(=O)Nc1nc2nc(C)[nH+]cc2cc1-c1c(Cl)cccc1Cl,COC(=O)Nc1nc2nc(C)ncc2cc1-c1c(Cl)cccc1Cl,"4,200",2,N,1,0,1,0,SP2,TRUE,TRUE,4,4329,4330
mol2223,COC(=O)[C@@H]1CSC[NH2+]1,COC(=O)[C@@H]1CSCN1,"3,920",8,N,1,0,2,1,SP3,FALSE,TRUE,4,4332,4331
mol2224,COC(=O)[C@@H]1[C@@H](O)C[C@H]2CC[C@@H]1[NH+]2C,COC(=O)[C@@H]1[C@@H](O)C[C@H]2CC[C@@H]1N2C,"8,210",1,N,1,0,1,0,SP3,FALSE,TRUE,4,4333,4334
mol2225,COC(=O)[C@H]1[C@@H]2Cc3c4[nH]c5ccccc5c4cc[n+]3C[C@H]2CC[C@H]1O,COC(=O)[C@H]1[C@@H]2Cc3c4[n-]c5ccccc5c4cc[n+]3C[C@H]2CC[C@H]1O,"10,690",24,N,0,-1,1,0,SP2,TRUE,TRUE,3,4335,4336
mol2226,COC(=O)[C@@H]1[C@H](O)C[C@@H]2CC[C@H]1[NH+]2C,COC(=O)[C@@H]1[C@H](O)C[C@@H]2CC[C@H]1N2C,"8,850",1,N,1,0,1,0,SP3,FALSE,TRUE,4,4337,4338
mol2227,COC(=O)[C@H]1[C@H]2CC[C@@H](C[C@H]1OC(=O)c1ccccc1)[NH+]2C,COC(=O)[C@H]1[C@H]2CC[C@@H](C[C@H]1OC(=O)c1ccccc1)N2C,"8,630",1,N,1,0,1,0,SP3,FALSE,TRUE,4,4339,4340
mol2228,COC(=O)[C@H](Cc1c[nH+]c[nH]1)NC(C)=O,COC(=O)[C@H](Cc1cnc[nH]1)NC(C)=O,"6,300",8,N,1,0,1,0,SP2,TRUE,TRUE,4,4341,4342
mol2229,COC(=O)[C@H](NC(=O)Cc1ccccc1)[C@@H]1SC(C)(C)[C@H]2C(=O)NC(=S)N12,COC(=O)[C@H](NC(=O)Cc1ccccc1)[C@@H]1SC(C)(C)[C@H]2C(=O)[N-]C(=S)N12,"8,000",5,N,0,-1,1,0,SP2,FALSE,TRUE,3,4343,4344
mol2230,COC(=O)[C@H]1[C@@H](OC(=O)c2ccccc2)C[C@@H]2CC[C@H]1[NH+]2C,COC(=O)[C@H]1[C@@H](OC(=O)c2ccccc2)C[C@@H]2CC[C@H]1N2C,"8,700",1,N,1,0,1,0,SP3,FALSE,TRUE,4,4345,4346
mol2231,COC(=O)[C@H]1[C@H]2C[C@@H]3c4[nH]c5cc(OC)ccc5c4CC[NH+]3C[C@H]2C[C@@H](OC(=O)c2cc(OC)c(OC)c(OC)c2)[C@@H]1OC,COC(=O)[C@H]1[C@H]2C[C@@H]3c4[nH]c5cc(OC)ccc5c4CCN3C[C@H]2C[C@@H](OC(=O)c2cc(OC)c(OC)c(OC)c2)[C@@H]1OC,"6,925",13,N,1,0,1,0,SP3,FALSE,TRUE,4,4348,4347
mol2232,COC(=O)c1c2ccccc2[nH+]c2ccccc12,COC(=O)c1c2ccccc2nc2ccccc12,"3,450",11,N,1,0,1,0,SP2,TRUE,TRUE,4,4349,4350
mol2233,COC(=O)c1cc(Br)c(=O)n([NH3+])c1,COC(=O)c1cc(Br)c(=O)n(N)c1,"2,400",11,N,1,0,3,2,SP3,FALSE,FALSE,4,4351,4352
mol2234,COC(=O)c1cc(S(N)(=O)=O)ccc1S(=O)(=O)CCCO,COC(=O)c1cc(S([NH-])(=O)=O)ccc1S(=O)(=O)CCCO,"8,900",20,N,0,-1,2,1,SP3,FALSE,FALSE,3,4353,4354
mol2235,COC(=O)c1cc(S(N)(=O)=O)ccc1S(=O)(=O)CCO,COC(=O)c1cc(S([NH-])(=O)=O)ccc1S(=O)(=O)CCO,"9,200",19,N,0,-1,2,1,SP3,FALSE,FALSE,3,4355,4356
mol2236,COC(=O)c1cc(S(N)(=O)=O)ccc1SCCCO,COC(=O)c1cc(S([NH-])(=O)=O)ccc1SCCCO,"9,300",18,N,0,-1,2,1,SP3,FALSE,FALSE,3,4357,4358
mol2237,COC(=O)c1ccc([NH+](C)C)cc1,COC(=O)c1ccc(N(C)C)cc1,"2,610",1,N,1,0,1,0,SP3,FALSE,FALSE,4,4359,4360
mol2238,COC(=O)c1ccc([NH3+])cc1,COC(=O)c1ccc(N)cc1,"2,450",10,N,1,0,3,2,SP3,FALSE,FALSE,4,4361,4362
mol2239,COC(=O)c1ccc(NC=S)cc1,COC(=O)c1ccc([N-]C=S)cc1,"10,950",10,N,0,-1,1,0,SP2,FALSE,FALSE,3,4363,4364
mol2240,COC(=O)c1ccc(Nc2c3ccccc3[nH+]c3ccccc23)cc1,COC(=O)c1ccc(Nc2c3ccccc3nc3ccccc23)cc1,"6,210",18,N,1,0,1,0,SP2,TRUE,TRUE,4,4365,4366
mol2241,COC(=O)c1ccc(O)cc1,COC(=O)c1ccc([O-])cc1,"8,420",10,O,0,-1,1,0,SP2,FALSE,FALSE,2,4367,4368
mol2242,COC(=O)c1ccc(OS(N)(=O)=O)cc1,COC(=O)c1ccc(OS([NH-])(=O)=O)cc1,"8,280",14,N,0,-1,2,1,SP3,FALSE,FALSE,3,4369,4370
mol2243,COC(=O)c1ccc2[nH+]cccc2c1,COC(=O)c1ccc2ncccc2c1,"3,800",13,N,1,0,1,0,SP2,TRUE,TRUE,4,4371,4372
mol2244,COC(=O)c1cccc([NH3+])c1,COC(=O)c1cccc(N)c1,"3,550",10,N,1,0,3,2,SP3,FALSE,FALSE,4,4373,4374
mol2245,COC(=O)c1cccc(NC=S)c1,COC(=O)c1cccc([N-]C=S)c1,"10,810",10,N,0,-1,1,0,SP2,FALSE,FALSE,3,4375,4376
mol2246,COC(=O)c1ccccc1Nc1c2ccccc2[nH+]c2ccccc12,COC(=O)c1ccccc1Nc1c2ccccc2nc2ccccc12,"6,300",18,N,1,0,1,0,SP2,TRUE,TRUE,4,4377,4378
mol2247,COC(=O)c1ccccc1O,COC(=O)c1ccccc1[O-],"10,250",10,O,0,-1,1,0,SP2,FALSE,FALSE,2,4379,4380
mol2248,COC(=O)c1ccccc1S,COC(=O)c1ccccc1[S-],"6,300",10,S,0,-1,1,0,SP3,FALSE,FALSE,2,4381,4382
mol2249,COC(=O)c1ccc[nH+]c1,COC(=O)c1cccnc1,"3,535",8,N,1,0,1,0,SP2,TRUE,TRUE,4,4383,4384
mol2250,COC(=O)c1cc[nH+]cc1,COC(=O)c1ccncc1,"3,380",7,N,1,0,1,0,SP2,TRUE,TRUE,4,4385,4386
mol2251,COC(=O)C1=Nc2c(N[C@H](C)CO)nc(SCc3cccc(F)c3F)nc2[NH2+]C1=O,COC(=O)c1nc2c(N[C@H](C)CO)nc(SCc3cccc(F)c3F)nc2[nH]c1=O,"6,600",8,N,1,0,2,1,SP3,FALSE,TRUE,4,4387,4388
mol2252,COC(=S)C1c2ccccc2-c2ccccc21,COC(=S)[C+]1c2ccccc2-c2ccccc21,"7,400",4,C,0,1,1,0,SP3,FALSE,TRUE,4,4390,4389
mol2253,COC(N)=[NH2+],COC(=N)N,"9,720",3,N,1,0,2,1,SP2,FALSE,FALSE,4,4391,4392
mol2254,COC1=C(O)C(=O)O[C@@H]1[C@@H](O)CO,COC1=C([O-])C(=O)O[C@@H]1[C@@H](O)CO,"7,540",12,O,0,-1,1,0,SP2,FALSE,FALSE,2,4393,4394
mol2255,COC1=CC2CCC1(C(=O)O)CC2,COC1=CC2CCC1(C(=O)[O-])CC2,"4,450",12,O,0,-1,1,0,SP2,FALSE,FALSE,2,4395,4396
mol2256,COC1=CC=C2[C@@H]3Cc4ccc(OC)c5c4[C@]2(CC[NH+]3C)[C@@H]1O5,COC1=CC=C2[C@@H]3Cc4ccc(OC)c5c4[C@]2(CCN3C)[C@@H]1O5,"8,150",1,N,1,0,1,0,SP3,FALSE,TRUE,4,4397,4398
mol2257,COC1CC2CC[NH+]1CC2,COC1CC2CCN1CC2,"8,870",7,N,1,0,1,0,SP3,FALSE,TRUE,4,4399,4400
mol2258,COC1CCN(C(=O)c2cc3cc(OC4CC[NH+](C(C)C)CC4)ccc3[nH]2)CC1,COC1CCN(C(=O)c2cc3cc(OC4CCN(C(C)C)CC4)ccc3[nH]2)CC1,"9,900",3,N,1,0,1,0,SP3,FALSE,TRUE,4,4401,4402
mol2259,COC1CCN(C(=O)c2ccc3cc(OC4CC[NH+](C(C)C)CC4)ccc3c2)CC1,COC1CCN(C(=O)c2ccc3cc(OC4CCN(C(C)C)CC4)ccc3c2)CC1,"9,400",3,N,1,0,1,0,SP3,FALSE,TRUE,4,4403,4404
mol2260,COC1CCN(C(=O)c2ccc3cc(OC4CC[NH+](C(C)C)CC4)ccc3n2)CC1,COC1CCN(C(=O)c2ccc3cc(OC4CCN(C(C)C)CC4)ccc3n2)CC1,"9,500",3,N,1,0,1,0,SP3,FALSE,TRUE,4,4405,4406
mol2261,COC1CCN(C(=O)c2ccc3cc(OCCC[NH+]4CCCCC4)ccc3c2)CC1,COC1CCN(C(=O)c2ccc3cc(OCCCN4CCCCC4)ccc3c2)CC1,"9,570",24,N,1,0,1,0,SP3,FALSE,TRUE,4,4407,4408
mol2262,COC1CCN(S(=O)(=O)c2ccc(S(N)(=O)=O)c(C(F)(F)F)c2)CC1,COC1CCN(S(=O)(=O)c2ccc(S([NH-])(=O)=O)c(C(F)(F)F)c2)CC1,"8,120",24,N,0,-1,2,1,SP3,FALSE,FALSE,3,4409,4410
mol2263,COC1CCN(S(=O)(=O)c2ccc(S(N)(=O)=O)c(Cl)c2)CC1,COC1CCN(S(=O)(=O)c2ccc(S([NH-])(=O)=O)c(Cl)c2)CC1,"8,760",21,N,0,-1,2,1,SP3,FALSE,FALSE,3,4411,4412
mol2264,COC1CCN(S(=O)(=O)c2ccc(S(N)(=O)=O)cc2)CC1,COC1CCN(S(=O)(=O)c2ccc(S([NH-])(=O)=O)cc2)CC1,"9,420",20,N,0,-1,2,1,SP3,FALSE,FALSE,3,4413,4414
mol2265,COC1CN(C(=O)c2cc3c([nH+]c(C)n3C)c3c2CC[C@@H](c2ccc(Cl)cc2C)O3)C1,COC1CN(C(=O)c2cc3c(nc(C)n3C)c3c2CC[C@@H](c2ccc(Cl)cc2C)O3)C1,"5,480",17,N,1,0,1,0,SP2,TRUE,TRUE,4,4415,4416
mol2266,COCC(=O)OCCCS(=O)(=O)c1ccc(S(N)(=O)=O)s1,COCC(=O)OCCCS(=O)(=O)c1ccc(S([NH-])(=O)=O)s1,"8,100",20,N,0,-1,2,1,SP3,FALSE,FALSE,3,4417,4418
mol2267,COCC(=O)O,COCC(=O)[O-],"3,530",5,O,0,-1,1,0,SP2,FALSE,FALSE,2,4419,4420
mol2268,COCC(C)C[NH+](C)C,COCC(C)CN(C)C,"9,690",3,N,1,0,1,0,SP3,FALSE,FALSE,4,4421,4422
mol2269,COCC(COC)NC(=O)c1nc(N2CC[C@@H](NC(=O)c3[nH]c(C)c(Cl)c3Cl)[C@@H](OC)C2)sc1C(=O)O,COCC(COC)NC(=O)c1nc(N2CC[C@@H](NC(=O)c3[nH]c(C)c(Cl)c3Cl)[C@@H](OC)C2)sc1C(=O)[O-],"4,500",24,O,0,-1,1,0,SP2,FALSE,FALSE,2,4423,4424
mol2270,COCC/[NH+]=C(\c1ccccc1)C(C)(C)O,COCC/N=C(\c1ccccc1)C(C)(C)O,"5,750",4,N,1,0,1,0,SP2,FALSE,FALSE,4,4425,4426
mol2271,COCC1(C)[NH2+]CCc2c1oc1cc(S(=O)(=O)c3cccc(F)c3)ccc21,COCC1(C)NCCc2c1oc1cc(S(=O)(=O)c3cccc(F)c3)ccc21,"7,500",23,N,1,0,2,1,SP3,FALSE,TRUE,4,4427,4428
mol2272,COCC1=C(C(=O)O)C2C=CC1C2,COCC1=C(C(=O)[O-])C2C=CC1C2,"4,590",12,O,0,-1,1,0,SP2,FALSE,FALSE,2,4429,4430
mol2273,COCC1=C(C(=O)O)CC1,COCC1=C(C(=O)[O-])CC1,"4,310",9,O,0,-1,1,0,SP2,FALSE,FALSE,2,4431,4432
mol2274,COCC1=C(C(=O)O)CCC1,COCC1=C(C(=O)[O-])CCC1,"4,500",10,O,0,-1,1,0,SP2,FALSE,FALSE,2,4433,4434
mol2275,COCC1CC(C(=O)NC[C@H]2CCCO2)C[NH+](Cc2nc(N3CCOCC3)oc2C)C1,COCC1CC(C(=O)NC[C@H]2CCCO2)CN(Cc2nc(N3CCOCC3)oc2C)C1,"7,500",13,N,1,0,1,0,SP3,FALSE,TRUE,4,4435,4436
mol2276,COCCCC/C(=N\OCC[NH3+])c1ccc(C(F)(F)F)cc1,COCCCC/C(=N\OCCN)c1ccc(C(F)(F)F)cc1,"9,450",11,N,1,0,3,2,SP3,FALSE,FALSE,4,4437,4438
mol2277,COCCCC[NH2+]c1ccccc1,COCCCCNc1ccccc1,"4,600",6,N,1,0,2,1,SP3,FALSE,FALSE,4,4439,4440
mol2278,COCCCCc1cc(C[C@@H](C[C@H]([NH3+])[C@@H](O)C[C@H](C(=O)NCC(C)(C)C(N)=O)C(C)C)C(C)C)ccc1OC,COCCCCc1cc(C[C@@H](C[C@H](N)[C@@H](O)C[C@H](C(=O)NCC(C)(C)C(N)=O)C(C)C)C(C)C)ccc1OC,"9,440",38,N,1,0,3,2,SP3,FALSE,FALSE,4,4441,4442
mol2279,COCCCOc1cc(C[C@@H](C[C@H]([NH3+])[C@@H](O)C[C@H](C(=O)NCC(C)(C)C(N)=O)C(C)C)C(C)C)ccc1OC,COCCCOc1cc(C[C@@H](C[C@H](N)[C@@H](O)C[C@H](C(=O)NCC(C)(C)C(N)=O)C(C)C)C(C)C)ccc1OC,"9,800",38,N,1,0,3,2,SP3,FALSE,FALSE,4,4443,4444
mol2280,COCCCOc1cc(C[C@@H](C[C@H]([NH3+])[C@@H](O)C[C@H](C(=O)NC[C@H]2CCC(=O)N2)C(C)C)C(C)C)ccc1OC,COCCCOc1cc(C[C@@H](C[C@H](N)[C@@H](O)C[C@H](C(=O)NC[C@H]2CCC(=O)N2)C(C)C)C(C)C)ccc1OC,"9,090",38,N,1,0,3,2,SP3,FALSE,FALSE,4,4445,4446
mol2281,COCCC[NH+](C)C,COCCCN(C)C,"9,360",1,N,1,0,1,0,SP3,FALSE,FALSE,4,4447,4448
mol2282,COCCC[NH3+],COCCCN,"9,920",5,N,1,0,3,2,SP3,FALSE,FALSE,4,4449,4450
mol2283,COCC[NH+](C)c1ccccc1,COCCN(C)c1ccccc1,"4,810",1,N,1,0,1,0,SP3,FALSE,FALSE,4,4451,4452
mol2284,COCCNC(=O)c1cc(N[C@H]2c3ccccc3C[C@@H]2O)c2[nH+]c(C)c(C)n2c1,COCCNC(=O)c1cc(N[C@H]2c3ccccc3C[C@@H]2O)c2nc(C)c(C)n2c1,"6,010",9,N,1,0,1,0,SP2,TRUE,TRUE,4,4453,4454
mol2285,COCCNC(=O)c1cn2c(C)c(C)[nH+]c2c2c1CCC(c1ccccc1)C2,COCCNC(=O)c1cn2c(C)c(C)nc2c2c1CCC(c1ccccc1)C2,"7,220",9,N,1,0,1,0,SP2,TRUE,TRUE,4,4455,4456
mol2286,COCCNC(=O)c1nc(N2CC[C@@H](NC(=O)c3[nH]c(C)c(Cl)c3Cl)[C@@H](OC)C2)sc1C(=O)O,COCCNC(=O)c1nc(N2CC[C@@H](NC(=O)c3[nH]c(C)c(Cl)c3Cl)[C@@H](OC)C2)sc1C(=O)[O-],"4,400",24,O,0,-1,1,0,SP2,FALSE,FALSE,2,4457,4458
mol2287,COCCNC(=S)[SH2+],COCCNC(=S)S,"2,850",7,S,1,0,2,1,SP3,FALSE,FALSE,3,4459,4460
mol2288,COCC[NH2+]c1ccc(C)cc1,COCCNc1ccc(C)cc1,"4,640",7,N,1,0,2,1,SP3,FALSE,FALSE,4,4461,4462
mol2289,COCC[NH2+]c1ccc(Cl)cc1,COCCNc1ccc(Cl)cc1,"3,300",4,N,1,0,2,1,SP3,FALSE,FALSE,4,4463,4464
mol2290,COCC[NH2+]c1ccc(OC)cc1,COCCNc1ccc(OC)cc1,"5,020",4,N,1,0,2,1,SP3,FALSE,FALSE,4,4465,4466
mol2291,COCC[NH2+]c1cccc(C)c1,COCCNc1cccc(C)c1,"4,290",7,N,1,0,2,1,SP3,FALSE,FALSE,4,4467,4468
mol2292,COCC[NH2+]c1cccc(OC)c1,COCCNc1cccc(OC)c1,"3,700",4,N,1,0,2,1,SP3,FALSE,FALSE,4,4469,4470
mol2293,COCC[NH2+]c1ccccc1,COCCNc1ccccc1,"4,050",4,N,1,0,2,1,SP3,FALSE,FALSE,4,4471,4472
mol2294,COCCOc1ccc(-c2cc3c(C(=O)O)c[nH]c3cc2Cl)cc1,COCCOc1ccc(-c2cc3c(C(=O)[O-])c[nH]c3cc2Cl)cc1,"5,000",23,O,0,-1,1,0,SP2,FALSE,FALSE,2,4473,4474
mol2295,COCC[NH+](C)C,COCCN(C)C,"8,960",1,N,1,0,1,0,SP3,FALSE,FALSE,4,4475,4476
mol2296,COCC[NH+]1CCC[C@@H](Cn2c(-c3ccccc3C)nc3cn(-c4ccc(Cl)cc4)nc3c2=O)C1,COCCN1CCC[C@@H](Cn2c(-c3ccccc3C)nc3cn(-c4ccc(Cl)cc4)nc3c2=O)C1,"8,500",22,N,1,0,1,0,SP3,FALSE,TRUE,4,4477,4478
mol2297,COCC[NH3+],COCCN,"9,670",4,N,1,0,3,2,SP3,FALSE,FALSE,4,4479,4480
mol2298,COCCc1[nH]c(C)c[nH+]1,COCCc1ncc(C)[nH]1,"8,130",3,N,1,0,1,0,SP2,TRUE,TRUE,4,4481,4482
mol2299,COCCc1ccc(OCC(O)C[NH2+]C(C)C)cc1,COCCc1ccc(OCC(O)CNC(C)C)cc1,"9,536",3,N,1,0,2,1,SP3,FALSE,FALSE,4,4483,4484
mol2300,COCCc1ccc(OC[C@@H](O)C[NH2+]C(C)C)cc1,COCCc1ccc(OC[C@@H](O)CNC(C)C)cc1,"9,600",3,N,1,0,2,1,SP3,FALSE,FALSE,4,4485,4486
mol2301,COCCn1cc(C(=O)c2cccc3ccccc23)c2cc[nH+]cc21,COCCn1cc(C(=O)c2cccc3ccccc23)c2ccncc21,"5,800",10,N,1,0,1,0,SP2,TRUE,TRUE,4,4487,4488
mol2302,COC[C@@H](Oc1cc(C[C@@H]2CS(=O)C[C@H]([NH2+]Cc3cc(CC(C)(C)C)on3)[C@H]2O)cc(F)c1N)C(F)(F)F,COC[C@@H](Oc1cc(C[C@@H]2CS(=O)C[C@H](NCc3cc(CC(C)(C)C)on3)[C@H]2O)cc(F)c1N)C(F)(F)F,"4,900",11,N,1,0,2,1,SP3,FALSE,FALSE,4,4489,4490
mol2303,COC[C@H](C)NC(=O)c1nc(N2CC[C@@H](NC(=O)c3[nH]c(C)c(Cl)c3Cl)[C@@H](OC)C2)sc1C(=O)O,COC[C@H](C)NC(=O)c1nc(N2CC[C@@H](NC(=O)c3[nH]c(C)c(Cl)c3Cl)[C@@H](OC)C2)sc1C(=O)[O-],"4,200",24,O,0,-1,1,0,SP2,FALSE,FALSE,2,4491,4492
mol2304,COC[C@H](C1CC1)n1cc(Cl)nc(Nc2cc(C)c(OC)[nH+]c2C)c1=O,COC[C@H](C1CC1)n1cc(Cl)nc(Nc2cc(C)c(OC)nc2C)c1=O,"3,100",5,N,1,0,1,0,SP2,TRUE,TRUE,4,4493,4494
mol2305,COCc1[nH]c(C)c[nH+]1,COCc1ncc(C)[nH]1,"7,030",3,N,1,0,1,0,SP2,TRUE,TRUE,4,4496,4495
mol2306,COCc1ccc(C(=O)O)cc1,COCc1ccc(C(=O)[O-])cc1,"4,180",11,O,0,-1,1,0,SP2,FALSE,FALSE,2,4497,4498
mol2307,COCc1cccc(COC)[nH+]1,COCc1cccc(COC)n1,"3,430",8,N,1,0,1,0,SP2,TRUE,TRUE,4,4499,4500
mol2308,COCc1ccccc1C(=O)O,COCc1ccccc1C(=O)[O-],"3,850",11,O,0,-1,1,0,SP2,FALSE,FALSE,2,4501,4502
mol2309,COCc1ccccc1C[NH+](C)C,COCc1ccccc1CN(C)C,"9,190",1,N,1,0,1,0,SP3,FALSE,FALSE,4,4503,4504
mol2310,COCc1ccccc1[C@@H]1CCc2c(C(=O)N(C)C)cc3c([nH+]c(C)n3C)c2O1,COCc1ccccc1[C@@H]1CCc2c(C(=O)N(C)C)cc3c(nc(C)n3C)c2O1,"5,610",2,N,1,0,1,0,SP2,TRUE,TRUE,4,4505,4506
mol2312,COCc1nc2c(n1C)C(=O)C1=C(C(=O)[NH2+]C=N1)C2=O,COCc1nc2c(n1C)C(=O)c1nc[nH]c(=O)c1C2=O,"6,170",12,N,1,0,2,1,SP3,FALSE,TRUE,4,4507,4508
mol2313,CO[NH3+],CON,"4,620",2,N,1,0,3,2,SP3,FALSE,FALSE,4,4509,4510
mol2314,CO[NH+](C)C,CON(C)C,"3,650",1,N,1,0,1,0,SP3,FALSE,FALSE,4,4511,4512
mol2315,CON(C)C(=O)c1cn2c(C)c(C)[nH+]c2c2c1CCC(c1ccccc1)O2,CON(C)C(=O)c1cn2c(C)c(C)nc2c2c1CCC(c1ccccc1)O2,"6,490",9,N,1,0,1,0,SP2,TRUE,TRUE,4,4513,4514
mol2316,CON(C)C(=O)c1cn2c(C)c(C)[nH+]c2c2c1CCC1(CCc3ccccc31)O2,CON(C)C(=O)c1cn2c(C)c(C)nc2c2c1CCC1(CCc3ccccc31)O2,"6,630",9,N,1,0,1,0,SP2,TRUE,TRUE,4,4515,4516
mol2317,CONC(=O)CCc1ccccc1,CO[N-]C(=O)CCc1ccccc1,"9,470",2,N,0,-1,1,0,SP2,FALSE,FALSE,3,4517,4518
mol2318,COO,CO[O-],"11,500",2,O,0,-1,1,0,SP3,FALSE,FALSE,2,4519,4520
mol2319,CO[C@@H]1[C@@H](OC(=O)c2ccc(C)[nH]2)[C@@H](O)[C@H](Oc2ccc3c(N(C)CC[NH+](C)C)cc(=O)oc3c2C)OC1(C)C,CO[C@@H]1[C@@H](OC(=O)c2ccc(C)[nH]2)[C@@H](O)[C@H](Oc2ccc3c(N(C)CCN(C)C)cc(=O)oc3c2C)OC1(C)C,"8,200",36,N,1,0,1,0,SP3,FALSE,FALSE,4,4521,4522
mol2320,CO[C@@H]1[C@@H](OC(=O)c2ccc(C)[nH]2)[C@@H](O)[C@H](Oc2ccc3c(N4CC(C)[NH2+]C(C)C4)cc(=O)oc3c2C)OC1(C)C,CO[C@@H]1[C@@H](OC(=O)c2ccc(C)[nH]2)[C@@H](O)[C@H](Oc2ccc3c(N4CC(C)NC(C)C4)cc(=O)oc3c2C)OC1(C)C,"8,000",35,N,1,0,2,1,SP3,FALSE,TRUE,4,4523,4524
mol2321,CO[C@@H]1[C@@H](OC(=O)c2ccc(C)[nH]2)[C@@H](O)[C@H](Oc2ccc3c(N4CCC([NH+](C)C)CC4)cc(=O)oc3c2C)OC1(C)C,CO[C@@H]1[C@@H](OC(=O)c2ccc(C)[nH]2)[C@@H](O)[C@H](Oc2ccc3c(N4CCC(N(C)C)CC4)cc(=O)oc3c2C)OC1(C)C,"9,000",38,N,1,0,1,0,SP3,FALSE,FALSE,4,4525,4526
mol2322,CO[C@@H]1[C@@H](OC(=O)c2ccc(C)[nH]2)[C@@H](O)[C@H](Oc2ccc3c(N4CC[NH+](C)CC4)c(Cl)c(=O)oc3c2C)OC1(C)C,CO[C@@H]1[C@@H](OC(=O)c2ccc(C)[nH]2)[C@@H](O)[C@H](Oc2ccc3c(N4CCN(C)CC4)c(Cl)c(=O)oc3c2C)OC1(C)C,"7,400",36,N,1,0,1,0,SP3,FALSE,TRUE,4,4528,4527
mol2323,CO[C@@H]1[C@@H](OC(=O)c2ccc(C)[nH]2)[C@@H](O)[C@H](Oc2ccc3c(N4CC[NH+](C)CC4)cc(=O)oc3c2C)OC1(C)C,CO[C@@H]1[C@@H](OC(=O)c2ccc(C)[nH]2)[C@@H](O)[C@H](Oc2ccc3c(N4CCN(C)CC4)cc(=O)oc3c2C)OC1(C)C,"7,300",35,N,1,0,1,0,SP3,FALSE,TRUE,4,4530,4529
mol2324,CO[C@@H]1[C@@H](OC(=O)c2ccc(C)[nH]2)[C@@H](O)[C@H](Oc2ccc3c(N4CC[NH2+]C(C)C4)cc(=O)oc3c2C)OC1(C)C,CO[C@@H]1[C@@H](OC(=O)c2ccc(C)[nH]2)[C@@H](O)[C@H](Oc2ccc3c(N4CCNC(C)C4)cc(=O)oc3c2C)OC1(C)C,"8,300",35,N,1,0,2,1,SP3,FALSE,TRUE,4,4531,4532
mol2325,CO[C@@H]1[C@@H](OC(=O)c2ccc(C)[nH]2)[C@@H](O)[C@H](Oc2ccc3c(N4CC[NH2+]CC4)cc(=O)oc3c2C)OC1(C)C,CO[C@@H]1[C@@H](OC(=O)c2ccc(C)[nH]2)[C@@H](O)[C@H](Oc2ccc3c(N4CCNCC4)cc(=O)oc3c2C)OC1(C)C,"8,300",35,N,1,0,2,1,SP3,FALSE,TRUE,4,4533,4534
mol2326,CO[C@H]1C(=O)N2C(C(=O)C(C)(C)C)=C(C)C(Sc3nnc(C)s3)S(=O)(=O)[C@H]12,CO[C@H]1C(=O)N2C(C(=O)C(C)(C)C)=C(C)[C-](Sc3nnc(C)s3)S(=O)(=O)[C@H]12,"7,500",7,C,0,-1,1,0,SP3,FALSE,TRUE,4,4535,4536
mol2327,CO[C@H]1C(=O)N2C(C(=O)C(C)(C)C)=C(C)C(Sc3nnnn3C)S(=O)(=O)[C@H]12,CO[C@H]1C(=O)N2C(C(=O)C(C)(C)C)=C(C)[C-](Sc3nnnn3C)S(=O)(=O)[C@H]12,"7,900",13,C,0,-1,1,0,SP3,FALSE,TRUE,4,4537,4538
mol2328,CO[C@H]1C(=O)N2C(C(=O)C(C)(C)C)=C(CSc3nnc(C)s3)CS(=O)(=O)[C@H]12,CO[C-]1C(=O)N2C(C(=O)C(C)(C)C)=C(CSc3nnc(C)s3)CS(=O)(=O)[C@H]12,"11,900",12,C,0,-1,1,0,SP3,FALSE,TRUE,4,4539,4540
mol2329,CO[C@H]1C(=O)N2C(C(=O)C(C)(C)C)=C(CSc3nnnn3C)CS(=O)(=O)[C@H]12,CO[C-]1C(=O)N2C(C(=O)C(C)(C)C)=C(CSc3nnnn3C)CS(=O)(=O)[C@H]12,"11,600",16,C,0,-1,1,0,SP3,FALSE,TRUE,4,4541,4542
mol2330,CO[C@H]1C(=O)N2C(C(=O)c3ccccc3)=C(C)CS(=O)(=O)[C@H]12,CO[C-]1C(=O)N2C(C(=O)c3ccccc3)=C(C)CS(=O)(=O)[C@H]12,"9,600",5,C,0,-1,1,0,SP3,FALSE,TRUE,4,4543,4544
mol2331,CO[C@H]1C(=O)N2C(C(=O)c3ccccc3)=C(CSc3nnnn3C)CS(=O)(=O)[C@H]12,CO[C-]1C(=O)N2C(C(=O)c3ccccc3)=C(CSc3nnnn3C)CS(=O)(=O)[C@H]12,"8,400",12,C,0,-1,1,0,SP3,FALSE,TRUE,4,4545,4546
mol2332,CO[C@H]1C=CC2=CC[NH+]3CCC(CO)=C(CCO)[C@]23C1,CO[C@H]1C=CC2=CCN3CCC(CO)=C(CCO)[C@]23C1,"7,800",8,N,1,0,1,0,SP3,FALSE,TRUE,4,4547,4548
mol2333,CO[C@H]1C=CC2=CC[NH+]3CC[C@H](CO)/C(=C\CO)[C@]23C1,CO[C@H]1C=CC2=CCN3CC[C@H](CO)/C(=C\CO)[C@]23C1,"7,790",8,N,1,0,1,0,SP3,FALSE,TRUE,4,4549,4550
mol2334,CO[C@H]1CC=C2CC[NH+]3CCC(CO)=C(CCO)[C@]23C1,CO[C@H]1CC=C2CCN3CCC(CO)=C(CCO)[C@]23C1,"8,690",8,N,1,0,1,0,SP3,FALSE,TRUE,4,4551,4552
mol2335,CO[C@H]1CC=C2CC[NH+]3CC[C@H](CO)/C(=C\CO)[C@]23C1,CO[C@H]1CC=C2CCN3CC[C@H](CO)/C(=C\CO)[C@]23C1,"8,420",8,N,1,0,1,0,SP3,FALSE,TRUE,4,4553,4554
mol2336,CO[C@H]1CN(c2nc(-c3cnccn3)c(C(=O)O)s2)CC[C@H]1NC(=O)c1[nH]c(C)c(Cl)c1Cl,CO[C@H]1CN(c2nc(-c3cnccn3)c(C(=O)[O-])s2)CC[C@H]1NC(=O)c1[nH]c(C)c(Cl)c1Cl,"5,400",24,O,0,-1,1,0,SP2,FALSE,FALSE,2,4555,4556
mol2337,CO[C@H]1CN(c2nc(-c3ncccn3)c(C(=O)O)s2)CC[C@H]1NC(=O)c1[nH]c(C)c(Cl)c1Cl,CO[C@H]1CN(c2nc(-c3ncccn3)c(C(=O)[O-])s2)CC[C@H]1NC(=O)c1[nH]c(C)c(Cl)c1Cl,"5,200",24,O,0,-1,1,0,SP2,FALSE,FALSE,2,4557,4558
mol2338,CO[C@H]1CN(c2nc(-c3ncnn3C)c(C(=O)O)s2)CC[C@H]1NC(=O)c1[nH]c(C)c(Cl)c1Cl,CO[C@H]1CN(c2nc(-c3ncnn3C)c(C(=O)[O-])s2)CC[C@H]1NC(=O)c1[nH]c(C)c(Cl)c1Cl,"4,500",24,O,0,-1,1,0,SP2,FALSE,FALSE,2,4559,4560
mol2339,CO[C@H]1CN(c2ncc(C(=O)O)s2)CC[C@H]1NC(=O)c1[nH]c(C)c(Cl)c1Cl,CO[C@H]1CN(c2ncc(C(=O)[O-])s2)CC[C@H]1NC(=O)c1[nH]c(C)c(Cl)c1Cl,"3,600",24,O,0,-1,1,0,SP2,FALSE,FALSE,2,4561,4562
mol2340,CO[C@H]1C[C@@H]1C(=O)O,CO[C@H]1C[C@@H]1C(=O)[O-],"4,470",7,O,0,-1,1,0,SP2,FALSE,FALSE,2,4563,4564
mol2341,CO[C@H]1C[C@H]1C(=O)O,CO[C@H]1C[C@H]1C(=O)[O-],"4,760",7,O,0,-1,1,0,SP2,FALSE,FALSE,2,4565,4566
mol2342,CO[C@H]1O[C@H](C(=O)O)[C@H](O)[C@H](O)[C@H]1O,CO[C@H]1O[C@H](C(=O)[O-])[C@H](O)[C@H](O)[C@H]1O,"3,550",10,O,0,-1,1,0,SP2,FALSE,FALSE,2,4567,4568
mol2343,COc1c(Br)cccc1C(=O)N[C@@H]1C[C@H]2CC[C@@H](C1)[NH+]2Cc1ccccc1,COc1c(Br)cccc1C(=O)N[C@@H]1C[C@H]2CC[C@@H](C1)N2Cc1ccccc1,"8,730",19,N,1,0,1,0,SP3,FALSE,TRUE,4,4569,4570
mol2344,COc1c(C(=O)O)oc2ccccc12,COc1c(C(=O)[O-])oc2ccccc12,"3,700",13,O,0,-1,1,0,SP2,FALSE,FALSE,2,4571,4572
mol2345,COc1c(C)cc(C2(c3cccc(-c4cncnc4)c3)N=C(C)C(N)=[NH+]2)cc1C,COc1c(C)cc(C2(c3cccc(-c4cncnc4)c3)N=C(C)C(N)=N2)cc1C,"5,300",11,N,1,0,1,0,SP2,FALSE,TRUE,4,4574,4573
mol2346,COc1c(C)cc(C2(c3cccc(-c4cncnc4)c3)[NH+]=C(N)c3c(F)cccc32)nc1C,COc1c(C)cc(C2(c3cccc(-c4cncnc4)c3)N=C(N)c3c(F)cccc32)nc1C,"8,100",18,N,1,0,1,0,SP2,FALSE,TRUE,4,4575,4576
mol2347,COc1c(C)cc([C@@]2(c3cccc(-c4cncnc4)c3)N=C(C)C(N)=[NH+]2)cc1C,COc1c(C)cc([C@@]2(c3cccc(-c4cncnc4)c3)N=C(C)C(N)=N2)cc1C,"5,200",11,N,1,0,1,0,SP2,FALSE,TRUE,4,4578,4577
mol2348,COc1c(C)cc2c(c1C(=O)O)COC2,COc1c(C)cc2c(c1C(=O)[O-])COC2,"3,130",11,O,0,-1,1,0,SP2,FALSE,FALSE,2,4579,4580
mol2349,COc1c(C)cccc1C(=O)N[C@@H]1C[C@H]2CC[C@@H](C1)[NH+]2Cc1ccccc1,COc1c(C)cccc1C(=O)N[C@@H]1C[C@H]2CC[C@@H](C1)N2Cc1ccccc1,"8,920",19,N,1,0,1,0,SP3,FALSE,TRUE,4,4581,4582
mol2350,COc1c(C)cccc1C(=O)O,COc1c(C)cccc1C(=O)[O-],"3,840",11,O,0,-1,1,0,SP2,FALSE,FALSE,2,4583,4584
mol2351,COc1c(C)[nH+]cc(CO)c1C=O,COc1c(C)ncc(CO)c1C=O,"4,750",6,N,1,0,1,0,SP2,TRUE,TRUE,4,4585,4586
mol2352,COc1c(CC=C(C)C)c(O)c(C(=O)O)c(CCc2ccccc2)c1CC=C(C)C,COc1c(CC=C(C)C)c(O)c(C(=O)[O-])c(CCc2ccccc2)c1CC=C(C)C,"3,500",20,O,0,-1,1,0,SP2,FALSE,FALSE,2,4587,4588
mol2353,COc1c(Cl)ccc2c1C(C)NC(=[NH+]CC(F)F)N2,COc1c(Cl)ccc2c1C(C)NC(=NCC(F)F)N2,"8,900",13,N,1,0,1,0,SP2,FALSE,FALSE,4,4589,4590
mol2354,COc1c(O)ccc2c1C[N+]1(C)CCc3cc4c(cc3[C@@H]1C2)OCO4,COc1c([O-])ccc2c1C[N+]1(C)CCc3cc4c(cc3[C@@H]1C2)OCO4,"8,450",21,O,0,-1,1,0,SP2,FALSE,FALSE,2,4591,4592
mol2355,COc1c2ccccc2[nH+]c2ccccc12,COc1c2ccccc2nc2ccccc12,"7,000",9,N,1,0,1,0,SP2,TRUE,TRUE,4,4593,4594
mol2356,COc1c[nH+]ccc1N,COc1cnccc1N,"9,030",4,N,1,0,1,0,SP2,TRUE,TRUE,4,4595,4596
mol2357,COc1cc(-c2cccc(Cl)c2)[nH+]cc1C1CCCN1C(=O)c1cncs1,COc1cc(-c2cccc(Cl)c2)ncc1C1CCCN1C(=O)c1cncs1,"5,000",5,N,1,0,1,0,SP2,TRUE,TRUE,4,4597,4598
mol2358,COc1cc(-n2c[nH+]cc2-c2ccc3ccccc3c2)cc(OC)c1OC,COc1cc(-n2cncc2-c2ccc3ccccc3c2)cc(OC)c1OC,"5,580",14,N,1,0,1,0,SP2,TRUE,TRUE,4,4599,4600
mol2359,COc1cc(/C=C/C(O)=C/C(C)=O)ccc1O[C@@H]1O[C@H](CO)[C@@H](O)[C@H](O)[C@H]1O,COc1cc(/C=C/C([O-])=C/C(C)=O)ccc1O[C@@H]1O[C@H](CO)[C@@H](O)[C@H](O)[C@H]1O,"8,740",27,O,0,-1,1,0,SP2,FALSE,FALSE,2,4601,4602
mol2360,COc1cc(/C=C2\CCCN3C2=[NH+]OC3(C)c2ccc(F)cc2)ccc1-n1c[nH+]c(C)c1,COc1cc(/C=C2\CCCN3C2=[NH+]OC3(C)c2ccc(F)cc2)ccc1-n1cnc(C)c1,"6,700",5,N,1,0,1,0,SP2,TRUE,TRUE,4,4603,4604
mol2361,COc1cc(/C=C2\CCCN3C2=[NH+]O[C@@]3(CO)c2ccc(F)cc2)ccc1-n1c[nH+]c(C)c1,COc1cc(/C=C2\CCCN3C2=[NH+]O[C@@]3(CO)c2ccc(F)cc2)ccc1-n1cnc(C)c1,"5,800",5,N,1,0,1,0,SP2,TRUE,TRUE,4,4605,4606
mol2362,COc1cc(=O)nc2sc(S([NH3+])(=O)=O)nn12,COc1cc(=O)nc2sc(S(N)(=O)=O)nn12,"7,100",15,N,1,0,3,2,SP3,FALSE,FALSE,4,4607,4608
mol2363,COc1cc(Br)cc(C(=O)N[C@@H]2C[C@H]3CC[C@@H](C2)[NH+]3Cc2ccccc2)c1OC,COc1cc(Br)cc(C(=O)N[C@@H]2C[C@H]3CC[C@@H](C2)N3Cc2ccccc2)c1OC,"8,840",20,N,1,0,1,0,SP3,FALSE,TRUE,4,4609,4610
mol2364,COc1cc(C#N)cc(C(=O)N[C@@H]2C[C@H]3CC[C@@H](C2)[NH+]3Cc2ccccc2)c1OC,COc1cc(C#N)cc(C(=O)N[C@@H]2C[C@H]3CC[C@@H](C2)N3Cc2ccccc2)c1OC,"8,700",20,N,1,0,1,0,SP3,FALSE,TRUE,4,4611,4612
mol2365,COc1cc(C(=O)N[C@@H]2CCC[C@@H]3CC[NH+](C)C[C@@H]32)cc(OC)c1OC,COc1cc(C(=O)N[C@@H]2CCC[C@@H]3CCN(C)C[C@@H]32)cc(OC)c1OC,"9,020",1,N,1,0,1,0,SP3,FALSE,TRUE,4,4613,4614
mol2366,COc1cc(C(=O)N[C@@H]2CCC[C@@H]3CC[NH+](C)C[C@H]32)cc(OC)c1OC,COc1cc(C(=O)N[C@@H]2CCC[C@@H]3CCN(C)C[C@H]32)cc(OC)c1OC,"8,750",1,N,1,0,1,0,SP3,FALSE,TRUE,4,4615,4616
mol2367,COc1cc(C(=O)O[C@@H]2CCC[C@@H]3CC[NH+](C)C[C@@H]32)cc(OC)c1OC,COc1cc(C(=O)O[C@@H]2CCC[C@@H]3CCN(C)C[C@@H]32)cc(OC)c1OC,"8,910",1,N,1,0,1,0,SP3,FALSE,TRUE,4,4617,4618
mol2368,COc1cc(C(=O)O[C@@H]2CCC[C@@H]3CC[NH+](C)C[C@H]32)cc(OC)c1OC,COc1cc(C(=O)O[C@@H]2CCC[C@@H]3CCN(C)C[C@H]32)cc(OC)c1OC,"8,820",1,N,1,0,1,0,SP3,FALSE,TRUE,4,4619,4620
mol2369,COc1cc(C(=O)O)ccc1C,COc1cc(C(=O)[O-])ccc1C,"4,130",11,O,0,-1,1,0,SP2,FALSE,FALSE,2,4621,4622
mol2370,COc1cc(C(C#N)[NH+]2CCCC2)cc(OC)c1OC,COc1cc(C(C#N)N2CCCC2)cc(OC)c1OC,"4,200",15,N,1,0,1,0,SP3,FALSE,TRUE,4,4623,4624
mol2371,COc1cc(C(C#N)[NH+]2CCCCC2)cc(OC)c1OC,COc1cc(C(C#N)N2CCCCC2)cc(OC)c1OC,"3,900",15,N,1,0,1,0,SP3,FALSE,TRUE,4,4625,4626
mol2372,COc1cc(C(C#N)N2CC[NH+](C)CC2)cc(OC)c1OC,COc1cc(C(C#N)N2CCN(C)CC2)cc(OC)c1OC,"7,600",1,N,1,0,1,0,SP3,FALSE,TRUE,4,4627,4628
mol2373,COc1cc(C(C)=O)ccc1O,COc1cc(C(C)=O)ccc1[O-],"7,650",11,O,0,-1,1,0,SP2,FALSE,FALSE,2,4629,4630
mol2374,COc1cc(C(F)(F)F)cc(SC)c1C(=O)N[C@@]1(c2ccccc2)CCC[NH+](C)C1,COc1cc(C(F)(F)F)cc(SC)c1C(=O)N[C@@]1(c2ccccc2)CCCN(C)C1,"7,720",1,N,1,0,1,0,SP3,FALSE,TRUE,4,4631,4632
mol2375,COc1cc(C(F)(F)F)ccc1-c1cccc2cc(S(=O)(=O)[NH2+]c3cscn3)ccc12,COc1cc(C(F)(F)F)ccc1-c1cccc2cc(S(=O)(=O)Nc3cscn3)ccc12,"7,200",21,N,1,0,2,1,SP3,FALSE,FALSE,4,4633,4634
mol2376,COc1cc(C(F)(F)F)ccc1-c1cccc2cc(S(=O)(=O)[NH2+]c3nccs3)ccc12,COc1cc(C(F)(F)F)ccc1-c1cccc2cc(S(=O)(=O)Nc3nccs3)ccc12,"6,700",21,N,1,0,2,1,SP3,FALSE,FALSE,4,4635,4636
mol2377,COc1cc(C(F)(F)F)ccc1-c1cccc2cc(S(=O)(=O)[NH2+]c3ncns3)ccc12,COc1cc(C(F)(F)F)ccc1-c1cccc2cc(S(=O)(=O)Nc3ncns3)ccc12,"3,700",21,N,1,0,2,1,SP3,FALSE,FALSE,4,4637,4638
mol2378,COc1cc(C(F)(F)F)ccc1-c1ncnc2cc(S(=O)(=O)[NH2+]c3nccs3)ccc12,COc1cc(C(F)(F)F)ccc1-c1ncnc2cc(S(=O)(=O)Nc3nccs3)ccc12,"6,500",21,N,1,0,2,1,SP3,FALSE,FALSE,4,4639,4640
mol2379,COc1cc(C)c(-c2[nH]cc[nH+]2)cc1-c1ccc(C#CCO)s1,COc1cc(C)c(-c2ncc[nH]2)cc1-c1ccc(C#CCO)s1,"6,600",11,N,1,0,1,0,SP2,TRUE,TRUE,4,4641,4642
mol2380,COc1cc(C)c(C2=NOC(=O)[NH2+]2)cc1-c1ccc(C#CCO)s1,COc1cc(C)c(-c2noc(=O)[nH]2)cc1-c1ccc(C#CCO)s1,"5,500",8,N,1,0,2,1,SP3,FALSE,TRUE,4,4643,4644
mol2381,COc1cc(C)c(C(=O)[NH2+]S(=O)(=O)c2ccccc2)cc1-c1ccc(C#CCO)s1,COc1cc(C)c(C(=O)NS(=O)(=O)c2ccccc2)cc1-c1ccc(C#CCO)s1,"3,800",9,N,1,0,2,1,SP3,FALSE,FALSE,4,4645,4646
mol2382,COc1cc(C)c(C(=O)[NH2+]S(C)(=O)=O)cc1-c1ccc(C#CCO)s1,COc1cc(C)c(C(=O)NS(C)(=O)=O)cc1-c1ccc(C#CCO)s1,"4,000",9,N,1,0,2,1,SP3,FALSE,FALSE,4,4647,4648
mol2383,COc1cc(C)c(C(=O)O)cc1-c1ccc(C#CCO)s1,COc1cc(C)c(C(=O)[O-])cc1-c1ccc(C#CCO)s1,"4,200",9,O,0,-1,1,0,SP2,FALSE,FALSE,2,4649,4650
mol2384,COc1cc(C)c(Nc2nc(Cl)cn([C@H](C)C3CC3)c2=O)c(C)[nH+]1,COc1cc(C)c(Nc2nc(Cl)cn([C@H](C)C3CC3)c2=O)c(C)n1,"3,800",4,N,1,0,1,0,SP2,TRUE,TRUE,4,4651,4652
mol2385,COc1cc(C)c(S(=O)(=O)[NH2+]C(C)=O)cc1-c1ccc(C#CCO)s1,COc1cc(C)c(S(=O)(=O)NC(C)=O)cc1-c1ccc(C#CCO)s1,"4,800",10,N,1,0,2,1,SP3,FALSE,FALSE,4,4653,4654
mol2386,COc1cc(C)ccc1C(=O)O,COc1cc(C)ccc1C(=O)[O-],"4,380",11,O,0,-1,1,0,SP2,FALSE,FALSE,2,4655,4656
mol2387,COc1cc(C)ccc1NC1=[NH+]CCN1,COc1cc(C)ccc1NC1=NCCN1,"10,600",11,N,1,0,1,0,SP2,FALSE,TRUE,4,4657,4658
mol2388,COc1cc(C)[nH+]c(NN)n1,COc1cc(C)nc(NN)n1,"6,200",6,N,1,0,1,0,SP2,TRUE,TRUE,4,4659,4660
mol2389,COc1cc(C)[nH+]cn1,COc1cc(C)ncn1,"3,650",6,N,1,0,1,0,SP2,TRUE,TRUE,4,4661,4662
mol2390,COc1cc(C=O)ccc1[OH2+],COc1cc(C=O)ccc1O,"7,380",8,O,1,0,2,1,SP2,FALSE,FALSE,3,4663,4664
mol2391,COc1cc(CO)ccc1O,COc1cc(CO)ccc1[O-],"9,790",8,O,0,-1,1,0,SP2,FALSE,FALSE,2,4665,4666
mol2392,COc1cc(COc2cccc(NC(=O)C3CCN(c4cc[nH+]cc4)CC3)c2)cc(OC)c1,COc1cc(COc2cccc(NC(=O)C3CCN(c4ccncc4)CC3)c2)cc(OC)c1,"8,900",30,N,1,0,1,0,SP2,TRUE,TRUE,4,4667,4668
mol2393,COc1cc(Cc2c[nH+]c(N)nc2N)cc(OC)c1OC,COc1cc(Cc2cnc(N)nc2N)cc(OC)c1OC,"7,198",15,N,1,0,1,0,SP2,TRUE,TRUE,4,4669,4670
mol2394,COc1cc(Cl)c(NC2=[NH+]CCN2)c(Cl)c1,COc1cc(Cl)c(NC2=NCCN2)c(Cl)c1,"8,570",11,N,1,0,1,0,SP2,FALSE,TRUE,4,4671,4672
mol2395,COc1cc(Cl)c(Nc2ccccc2CC(=O)O)c(Cl)c1,COc1cc(Cl)c(Nc2ccccc2CC(=O)[O-])c(Cl)c1,"4,200",19,O,0,-1,1,0,SP2,FALSE,FALSE,2,4673,4674
mol2396,COc1cc(Cl)ccc1OC(c1ccccc1)C1C[NH2+]CCO1,COc1cc(Cl)ccc1OC(c1ccccc1)C1CNCCO1,"7,700",18,N,1,0,2,1,SP3,FALSE,TRUE,4,4675,4676
mol2397,COc1cc(F)cc(N2CC[NH+](CCCCNC(=O)c3ccc4nonc4c3)CC2)c1,COc1cc(F)cc(N2CCN(CCCCNC(=O)c3ccc4nonc4c3)CC2)c1,"7,340",12,N,1,0,1,0,SP3,FALSE,TRUE,4,4678,4677
mol2398,COc1cc(F)ccc1Cn1ccc2c3c(ncc21)C(=O)N(O)CC3,COc1cc(F)ccc1Cn1ccc2c3c(ncc21)C(=O)N([O-])CC3,"7,600",23,O,0,-1,1,0,SP3,FALSE,FALSE,2,4679,4680
mol2399,COc1cc(N)c(C#N)c(N)[nH+]1,COc1cc(N)c(C#N)c(N)n1,"4,170",7,N,1,0,1,0,SP2,TRUE,TRUE,4,4682,4681
mol2400,COc1cc(N)c(Cl)cc1C(=O)NC1CC[NH+](CCCOc2ccc(F)cc2)CC1OC,COc1cc(N)c(Cl)cc1C(=O)NC1CCN(CCCOc2ccc(F)cc2)CC1OC,"7,800",14,N,1,0,1,0,SP3,FALSE,TRUE,4,4683,4684
mol2401,COc1cc(N)c(Cl)cc1C(=O)NC1CC[NH+](Cc2ccccc2)CC1,COc1cc(N)c(Cl)cc1C(=O)NC1CCN(Cc2ccccc2)CC1,"8,590",14,N,1,0,1,0,SP3,FALSE,TRUE,4,4685,4686
mol2402,COc1cc(N)c(Cl)cc1C(=O)NC1CC[NH+]2C(C)CCCC2C1,COc1cc(N)c(Cl)cc1C(=O)NC1CCN2C(C)CCCC2C1,"9,200",6,N,1,0,1,0,SP3,FALSE,TRUE,4,4687,4688
mol2403,COc1cc(N)c(Cl)cc1C(=O)NC1CC[NH+]2CCOCC2C1,COc1cc(N)c(Cl)cc1C(=O)NC1CCN2CCOCC2C1,"6,300",14,N,1,0,1,0,SP3,FALSE,TRUE,4,4690,4689
mol2404,COc1cc(NCc2ccccc2)nc(N)[nH+]1,COc1cc(NCc2ccccc2)nc(N)n1,"5,760",7,N,1,0,1,0,SP2,TRUE,TRUE,4,4691,4692
mol2405,COc1cc([NH2+]S(=O)(=O)C(F)(F)F)cc(OC)c1Oc1ccc(C#N)c(Cl)c1,COc1cc(NS(=O)(=O)C(F)(F)F)cc(OC)c1Oc1ccc(C#N)c(Cl)c1,"4,500",20,N,1,0,2,1,SP3,FALSE,FALSE,4,4693,4694
mol2406,COc1cc([NH2+]S(=O)(=O)c2ccc(N)cc2)nc(OC)n1,COc1cc(NS(=O)(=O)c2ccc(N)cc2)nc(OC)n1,"5,980",10,N,1,0,2,1,SP3,FALSE,FALSE,4,4695,4696
mol2407,COc1cc(NS(C)(=O)=O)cc(OC)c1Oc1ccc(C#N)c(Cl)c1,COc1cc([N-]S(C)(=O)=O)cc(OC)c1Oc1ccc(C#N)c(Cl)c1,"8,500",20,N,0,-1,1,0,SP2,FALSE,FALSE,3,4697,4698
mol2408,COc1cc(OC)c(-c2ccc(C#CCO)s2)cc1C(=O)[NH2+]S(=O)(=O)c1ccccc1,COc1cc(OC)c(-c2ccc(C#CCO)s2)cc1C(=O)NS(=O)(=O)c1ccccc1,"4,800",19,N,1,0,2,1,SP3,FALSE,FALSE,4,4699,4700
mol2409,COc1cc(OC)c(/C=C/S(=O)(=O)Cc2ccc(OC)c(N)[nH+]2)c(OC)c1,COc1cc(OC)c(/C=C/S(=O)(=O)Cc2ccc(OC)c(N)n2)c(OC)c1,"4,670",6,N,1,0,1,0,SP2,TRUE,TRUE,4,4701,4702
mol2410,COc1cc(OC)c(/C=C/S(=O)(=O)Cc2ccc(OC)c([NH2+]S(C)(=O)=O)n2)c(OC)c1,COc1cc(OC)c(/C=C/S(=O)(=O)Cc2ccc(OC)c(NS(C)(=O)=O)n2)c(OC)c1,"7,280",8,N,1,0,2,1,SP3,FALSE,FALSE,4,4703,4704
mol2411,COc1cc(OC)c(/C=C/S(=O)(=O)Cc2c[nH+]c(OC)c(N)c2)c(OC)c1,COc1cc(OC)c(/C=C/S(=O)(=O)Cc2cnc(OC)c(N)c2)c(OC)c1,"2,390",20,N,1,0,1,0,SP2,TRUE,TRUE,4,4705,4706
mol2412,COc1cc(OC)c(/C=C/S(=O)(=O)Cc2cnc(OC)c(NS(C)(=O)=O)c2)c(OC)c1,COc1cc(OC)c(/C=C/S(=O)(=O)Cc2cnc(OC)c([N-]S(C)(=O)=O)c2)c(OC)c1,"7,660",24,N,0,-1,1,0,SP2,FALSE,FALSE,3,4707,4708
mol2413,COc1cc(OC)c(NC2=[NH+]CCN2)cc1Cl,COc1cc(OC)c(NC2=NCCN2)cc1Cl,"10,150",10,N,1,0,1,0,SP2,FALSE,TRUE,4,4709,4710
mol2414,COc1cc(OC)c(OC)c(C(=O)N[C@H]2C[C@H]3CC[C@@H](C2)[NH+]3Cc2ccccc2)c1,COc1cc(OC)c(OC)c(C(=O)N[C@H]2C[C@H]3CC[C@@H](C2)N3Cc2ccccc2)c1,"8,840",22,N,1,0,1,0,SP3,FALSE,TRUE,4,4711,4712
mol2415,COc1cc(OC)c2c(c1Cl)O[C@]1(C(=O)C=C(O)C[C@@H]1C)C2=O,COc1cc(OC)c2c(c1Cl)O[C@]1(C(=O)C=C([O-])C[C@@H]1C)C2=O,"4,490",22,O,0,-1,1,0,SP2,FALSE,FALSE,2,4713,4714
mol2416,COc1cc(OC)nc(NS(=O)(=O)c2ccc(N)cc2)n1,COc1cc(OC)nc([N-]S(=O)(=O)c2ccc(N)cc2)n1,"7,120",8,N,0,-1,1,0,SP2,FALSE,FALSE,3,4715,4716
mol2417,COc1cc(S(C)(=O)=O)cc(C(=O)N[C@@H]2C[C@H]3CC[C@@H](C2)[NH+]3Cc2ccccc2)c1OC,COc1cc(S(C)(=O)=O)cc(C(=O)N[C@@H]2C[C@H]3CC[C@@H](C2)N3Cc2ccccc2)c1OC,"8,920",20,N,1,0,1,0,SP3,FALSE,TRUE,4,4717,4718
mol2418,COc1cc(S(C)=O)ccc1-c1cn2ccncc2[nH+]1,COc1cc(S(C)=O)ccc1-c1cn2ccncc2n1,"2,880",16,N,1,0,1,0,SP2,TRUE,TRUE,4,4720,4719
mol2419,COc1cc(S(C)=O)ccc1-c1nc2nccnc2[nH]1,COc1cc(S(C)=O)ccc1-c1nc2nccnc2[n-]1,"8,940",9,N,0,-1,1,0,SP2,TRUE,TRUE,3,4721,4722
mol2420,COc1cc(S(C)=O)ccc1-c1nc2ncncc2[nH]1,COc1cc(S(C)=O)ccc1-c1nc2ncncc2[n-]1,"8,910",9,N,0,-1,1,0,SP2,TRUE,TRUE,3,4723,4724
mol2421,COc1cc([C@H]2C[NH+]=C(c3ccc4c(ccn4C)c3)O2)cc(OC)c1OC,COc1cc([C@H]2CN=C(c3ccc4c(ccn4C)c3)O2)cc(OC)c1OC,"5,000",11,N,1,0,1,0,SP2,FALSE,TRUE,4,4725,4726
mol2422,COc1cc2[nH+]c(N3CCCN(C(=O)N4CCOCC4)CC3)cc(N)c2c(-c2ccc(F)cc2)c1OC,COc1cc2nc(N3CCCN(C(=O)N4CCOCC4)CC3)cc(N)c2c(-c2ccc(F)cc2)c1OC,"8,500",9,N,1,0,1,0,SP2,TRUE,TRUE,4,4727,4728
mol2423,COc1cc2[nH+]c(N3CCCN(C(=O)N4CCOCC4)CC3)cc(N)c2c(-c2ccccc2)c1OC,COc1cc2nc(N3CCCN(C(=O)N4CCOCC4)CC3)cc(N)c2c(-c2ccccc2)c1OC,"8,500",9,N,1,0,1,0,SP2,TRUE,TRUE,4,4729,4730
mol2424,COc1cc2[nH+]c(N3CCCN(C(=O)N4CCOCC4)CC3)cc(N)c2c(-c2ncco2)c1OC,COc1cc2nc(N3CCCN(C(=O)N4CCOCC4)CC3)cc(N)c2c(-c2ncco2)c1OC,"7,500",9,N,1,0,1,0,SP2,TRUE,TRUE,4,4731,4732
mol2425,COc1cc2c(Nc3c(Cl)ccc4c3OCO4)nc[nH+]c2cc1OCc1ccnc(C#N)c1,COc1cc2c(Nc3c(Cl)ccc4c3OCO4)ncnc2cc1OCc1ccnc(C#N)c1,"4,900",18,N,1,0,1,0,SP2,TRUE,TRUE,4,4733,4734
mol2426,COc1cc2c(Nc3ccc(Br)cc3F)nc[nH+]c2cc1OCCn1ccnn1,COc1cc2c(Nc3ccc(Br)cc3F)ncnc2cc1OCCn1ccnn1,"5,300",16,N,1,0,1,0,SP2,TRUE,TRUE,4,4735,4736
mol2427,COc1cc2c(cc1O)CC[n+]1cc3c(OC)c(OC)ccc3cc1-2,COc1cc2c(cc1[O-])CC[n+]1cc3c(OC)c(OC)ccc3cc1-2,"9,600",22,O,0,-1,1,0,SP2,FALSE,FALSE,2,4737,4738
mol2428,COc1cc2c(cc1OC)-c1c(-c3cnc(C(=O)N(C)C(C)(C)C)s3)[nH+]cn1CC2,COc1cc2c(cc1OC)-c1c(-c3cnc(C(=O)N(C)C(C)(C)C)s3)ncn1CC2,"4,000",17,N,1,0,1,0,SP2,TRUE,TRUE,4,4739,4740
mol2429,COc1cc2c(cc1OC)-c1c(-c3cncs3)[nH+]c(C)n1CC2,COc1cc2c(cc1OC)-c1c(-c3cncs3)nc(C)n1CC2,"5,000",2,N,1,0,1,0,SP2,TRUE,TRUE,4,4741,4742
mol2430,COc1cc2c(cc1OC)-c1c(-c3cncs3)[nH+]cn1CC2,COc1cc2c(cc1OC)-c1c(-c3cncs3)ncn1CC2,"4,300",12,N,1,0,1,0,SP2,TRUE,TRUE,4,4743,4744
mol2431,COc1cc2c(cc1OC)C(=O)C(CC1CC[NH+](Cc3ccccc3)CC1)C2,COc1cc2c(cc1OC)C(=O)C(CC1CCN(Cc3ccccc3)CC1)C2,"9,080",18,N,1,0,1,0,SP3,FALSE,TRUE,4,4745,4746
mol2432,COc1cc2c(cc1OC)C(=O)Cc1ccc3c(c1C[NH+](C)CC2)OCO3,COc1cc2c(cc1OC)C(=O)Cc1ccc3c(c1CN(C)CC2)OCO3,"8,090",1,N,1,0,1,0,SP3,FALSE,TRUE,4,4747,4748
mol2433,COc1cc2c(cc1OC)C13CC[NH+]4C1CC1C(=CCOC5CC(=O)N2C3C51)[C@@H]4S(=O)(=O)[O-],COc1cc2c(cc1OC)C13CCN4C1CC1C(=CCOC5CC(=O)N2C3C51)[C@@H]4S(=O)(=O)[O-],"3,120",15,N,1,0,1,0,SP3,FALSE,TRUE,4,4750,4749
mol2434,COc1cc2c(cc1OC)NC(N)=[NH+]C2,COc1cc2c(cc1OC)NC(N)=NC2,"11,100",12,N,1,0,1,0,SP2,FALSE,TRUE,4,4751,4752
mol2435,COc1cc2c(cc1OC)[NH2+]CC2,COc1cc2c(cc1OC)NCC2,"7,300",10,N,1,0,2,1,SP3,FALSE,TRUE,4,4753,4754
mol2436,COc1cc2c(cc1OC)[C@]13CC[NH+]4CC5=CCO[C@@H]6CC(=O)N2[C@@H]1[C@@H]6[C@@H]5C[C@@H]43,COc1cc2c(cc1OC)[C@]13CCN4CC5=CCO[C@@H]6CC(=O)N2[C@@H]1[C@@H]6[C@@H]5C[C@@H]43,"5,860",15,N,1,0,1,0,SP3,FALSE,TRUE,4,4756,4755
mol2437,COc1cc2c(cc1OC)[C@]13CC[NH+]4CC5=CCO[C@H]6CC(=O)N2[C@H]1C6[C@@]5(S(=O)(=O)[O-])C[C@H]43,COc1cc2c(cc1OC)[C@]13CCN4CC5=CCO[C@H]6CC(=O)N2[C@H]1C6[C@@]5(S(=O)(=O)[O-])C[C@H]43,"7,450",15,N,1,0,1,0,SP3,FALSE,TRUE,4,4757,4758
mol2438,COc1cc2ccc(=O)oc2cc1[OH2+],COc1cc2ccc(=O)oc2cc1O,"6,500",13,O,1,0,2,1,SP2,FALSE,FALSE,3,4759,4760
mol2439,COc1cc2ccccc2cc1C(=O)O,COc1cc2ccccc2cc1C(=O)[O-],"3,820",14,O,0,-1,1,0,SP2,FALSE,FALSE,2,4761,4762
mol2441,COc1cc2[nH+]c(N3CCN(C(=O)C4CCCO4)CC3)nc(N)c2cc1OC,COc1cc2nc(N3CCN(C(=O)C4CCCO4)CC3)nc(N)c2cc1OC,"7,100",10,N,1,0,1,0,SP2,TRUE,TRUE,4,4763,4764
mol2442,COc1cc2[nH+]c(N3CCN(C(=O)C4COc5ccccc5O4)CC3)nc(N)c2cc1OC,COc1cc2nc(N3CCN(C(=O)C4COc5ccccc5O4)CC3)nc(N)c2cc1OC,"6,700",10,N,1,0,1,0,SP2,TRUE,TRUE,4,4765,4766
mol2443,COc1cc2[nH+]c(N3CCN(C(=O)c4ccco4)CC3)nc(N)c2cc1OC,COc1cc2nc(N3CCN(C(=O)c4ccco4)CC3)nc(N)c2cc1OC,"6,625",10,N,1,0,1,0,SP2,TRUE,TRUE,4,4767,4768
mol2444,COc1ccc(-c2c(O)c2=O)cc1,COc1ccc(-c2c([O-])c2=O)cc1,"2,330",12,O,0,-1,1,0,SP2,FALSE,FALSE,2,4769,4770
mol2445,COc1ccc(-c2cc(C(=O)O)[nH]n2)cc1,COc1ccc(-c2cc(C(=O)[O-])[nH]n2)cc1,"3,310",15,O,0,-1,1,0,SP2,FALSE,FALSE,2,4771,4772
mol2446,COc1ccc(-c2cc3c(C(=O)O)c[nH]c3cc2Cl)c(OC)n1,COc1ccc(-c2cc3c(C(=O)[O-])c[nH]c3cc2Cl)c(OC)n1,"4,800",22,O,0,-1,1,0,SP2,FALSE,FALSE,2,4773,4774
mol2447,COc1ccc(-c2cc3c(C(=O)O)c[nH]c3cc2Cl)cn1,COc1ccc(-c2cc3c(C(=O)[O-])c[nH]c3cc2Cl)cn1,"2,400",20,O,0,-1,1,0,SP2,FALSE,FALSE,2,4775,4776
mol2450,COc1ccc(-c2ccc(-c3ccccc3Cl)n2Cc2cccc(N)[nH+]2)cc1,COc1ccc(-c2ccc(-c3ccccc3Cl)n2Cc2cccc(N)n2)cc1,"6,860",19,N,1,0,1,0,SP2,TRUE,TRUE,4,4777,4778
mol2451,COc1ccc(-c2ccc(/C=C3/SC(=S)N(CC(=O)O)C3=O)o2)cc1,COc1ccc(-c2ccc(/C=C3/SC(=S)N(CC(=O)[O-])C3=O)o2)cc1,"3,620",24,O,0,-1,1,0,SP2,FALSE,FALSE,2,4779,4780
mol2452,COc1ccc(-c2ccc(CCC[NH+](C)C)cc2)cc1,COc1ccc(-c2ccc(CCCN(C)C)cc2)cc1,"9,850",1,N,1,0,1,0,SP3,FALSE,FALSE,4,4781,4782
mol2453,COc1ccc(-c2cn3cc[nH+]c3[nH]2)c(OC)c1,COc1ccc(-c2cn3ccnc3[nH]2)c(OC)c1,"6,760",15,N,1,0,1,0,SP2,TRUE,TRUE,4,4783,4784
mol2454,COc1ccc(-c2cnc(-c3ccc([NH3+])cc3)o2)cc1,COc1ccc(-c2cnc(-c3ccc(N)cc3)o2)cc1,"3,220",19,N,1,0,3,2,SP3,FALSE,FALSE,4,4785,4786
mol2455,COc1ccc(-c2c[nH+]cn2-c2cc(OC)c(OC)c(OC)c2)cc1,COc1ccc(-c2cncn2-c2cc(OC)c(OC)c(OC)c2)cc1,"6,820",10,N,1,0,1,0,SP2,TRUE,TRUE,4,4787,4788
mol2456,COc1ccc(-c2nc3c[nH+]ccc3n2C)c(OC)c1,COc1ccc(-c2nc3cnccc3n2C)c(OC)c1,"6,160",5,N,1,0,1,0,SP2,TRUE,TRUE,4,4789,4790
mol2457,COc1ccc(-c2nc3nc(SC)nnc3[nH]2)c(OC)c1,COc1ccc(-c2nc3nc(SC)nnc3[n-]2)c(OC)c1,"7,690",11,N,0,-1,1,0,SP2,TRUE,TRUE,3,4791,4792
mol2458,COc1ccc(-c2nc3ncncc3[nH]2)c(OC)c1,COc1ccc(-c2nc3ncncc3[n-]2)c(OC)c1,"9,920",11,N,0,-1,1,0,SP2,TRUE,TRUE,3,4793,4794
mol2459,COc1ccc(-c2ncc(-c3ccc([NH3+])cc3)o2)cc1,COc1ccc(-c2ncc(-c3ccc(N)cc3)o2)cc1,"3,710",19,N,1,0,3,2,SP3,FALSE,FALSE,4,4795,4796
mol2460,COc1ccc(-c2[nH+]ccn2-c2cc(OC)c(OC)c(OC)c2)cc1F,COc1ccc(-c2nccn2-c2cc(OC)c(OC)c(OC)c2)cc1F,"6,630",10,N,1,0,1,0,SP2,TRUE,TRUE,4,4797,4798
mol2461,COc1ccc(-c2nn[nH]n2)cc1,COc1ccc(-c2nn[n-]n2)cc1,"4,230",10,N,0,-1,1,0,SP2,TRUE,TRUE,3,4799,4800
mol2462,COc1ccc(-c2nnc(C(=O)N3CC(Oc4ccc(CN5CC[NH+](C)CC5)c(F)c4)C3)o2)cc1,COc1ccc(-c2nnc(C(=O)N3CC(Oc4ccc(CN5CCN(C)CC5)c(F)c4)C3)o2)cc1,"8,400",1,N,1,0,1,0,SP3,FALSE,TRUE,4,4801,4802
mol2463,COc1ccc(-c2nnc(C(=O)N3CC(Oc4ccc(C[NH+](C)C)c(C)c4)C3)o2)cc1,COc1ccc(-c2nnc(C(=O)N3CC(Oc4ccc(CN(C)C)c(C)c4)C3)o2)cc1,"9,300",8,N,1,0,1,0,SP3,FALSE,FALSE,4,4803,4804
mol2464,COc1ccc(-c2nnc(C(=O)N3CC(Oc4ccc(C[NH+](C)C)c(F)c4)C3)o2)cc1,COc1ccc(-c2nnc(C(=O)N3CC(Oc4ccc(CN(C)C)c(F)c4)C3)o2)cc1,"8,600",1,N,1,0,1,0,SP3,FALSE,FALSE,4,4805,4806
mol2465,COc1ccc(-c2nnc(C(=O)N3CC(Oc4ccc(C[NH+](C)C)cc4)C3)o2)cc1,COc1ccc(-c2nnc(C(=O)N3CC(Oc4ccc(CN(C)C)cc4)C3)o2)cc1,"8,900",1,N,1,0,1,0,SP3,FALSE,FALSE,4,4807,4808
mol2466,COc1ccc(-c2nnc(C(=O)N3CC(Oc4ccc(C[NH+](C)C)cn4)C3)o2)cc1,COc1ccc(-c2nnc(C(=O)N3CC(Oc4ccc(CN(C)C)cn4)C3)o2)cc1,"8,500",1,N,1,0,1,0,SP3,FALSE,FALSE,4,4809,4810
mol2467,COc1ccc(-c2nnc(C(=O)N3CC(Oc4ccc(C[NH+](C)CC5(C)COC5)cc4)C3)o2)cc1,COc1ccc(-c2nnc(C(=O)N3CC(Oc4ccc(CN(C)CC5(C)COC5)cc4)C3)o2)cc1,"8,000",6,N,1,0,1,0,SP3,FALSE,FALSE,4,4811,4812
mol2468,COc1ccc(-c2nnc(C(=O)N3CC(Oc4ccc(C[NH+]5CC(OC)C5)cc4)C3)o2)cc1,COc1ccc(-c2nnc(C(=O)N3CC(Oc4ccc(CN5CC(OC)C5)cc4)C3)o2)cc1,"8,500",27,N,1,0,1,0,SP3,FALSE,TRUE,4,4813,4814
mol2469,COc1ccc(-c2nnc(C(=O)N3CC(Oc4ccc(C[NH+]5CC6(CCCO6)C5)cc4)C3)o2)cc1,COc1ccc(-c2nnc(C(=O)N3CC(Oc4ccc(CN5CC6(CCCO6)C5)cc4)C3)o2)cc1,"8,400",27,N,1,0,1,0,SP3,FALSE,TRUE,4,4815,4816
mol2470,COc1ccc(-c2nnc(C(=O)N3CC(Oc4ccc(C[NH+]5CC6(CCOC6)C5)cc4)C3)o2)cc1,COc1ccc(-c2nnc(C(=O)N3CC(Oc4ccc(CN5CC6(CCOC6)C5)cc4)C3)o2)cc1,"8,600",27,N,1,0,1,0,SP3,FALSE,TRUE,4,4817,4818
mol2471,COc1ccc(-c2nnc(C(=O)N3CC(Oc4ccc(C[NH+]5CC6(COC6)C5)cc4)C3)o2)cc1,COc1ccc(-c2nnc(C(=O)N3CC(Oc4ccc(CN5CC6(COC6)C5)cc4)C3)o2)cc1,"8,200",27,N,1,0,1,0,SP3,FALSE,TRUE,4,4819,4820
mol2472,COc1ccc(-c2nnc(C(=O)N3CC(Oc4ccc(C[NH+]5CCC(C)(O)C5)cc4)C3)o2)cc1,COc1ccc(-c2nnc(C(=O)N3CC(Oc4ccc(CN5CCC(C)(O)C5)cc4)C3)o2)cc1,"9,000",4,N,1,0,1,0,SP3,FALSE,TRUE,4,4821,4822
mol2473,COc1ccc(-c2nnc(C(=O)N3CC(Oc4ccc(C[NH+]5CCCC5)cc4)C3)o2)cc1,COc1ccc(-c2nnc(C(=O)N3CC(Oc4ccc(CN5CCCC5)cc4)C3)o2)cc1,"9,900",27,N,1,0,1,0,SP3,FALSE,TRUE,4,4823,4824
mol2474,COc1ccc(-c2nnc(C(=O)N3CC(Oc4ccc(C[NH+]5CCCC56COC6)cc4)C3)o2)cc1,COc1ccc(-c2nnc(C(=O)N3CC(Oc4ccc(CN5CCCC56COC6)cc4)C3)o2)cc1,"6,000",27,N,1,0,1,0,SP3,FALSE,TRUE,4,4826,4825
mol2475,COc1ccc(-c2nnc(C(=O)N3CC(Oc4ccc(C[NH+]5CCCOCC5)cc4)C3)o2)cc1,COc1ccc(-c2nnc(C(=O)N3CC(Oc4ccc(CN5CCCOCC5)cc4)C3)o2)cc1,"8,100",27,N,1,0,1,0,SP3,FALSE,TRUE,4,4827,4828
mol2476,COc1ccc(-c2nnc(C(=O)N3CC(Oc4ccc(C[NH+]5CCOCC5)c(OC)c4)C3)o2)cc1,COc1ccc(-c2nnc(C(=O)N3CC(Oc4ccc(CN5CCOCC5)c(OC)c4)C3)o2)cc1,"7,500",29,N,1,0,1,0,SP3,FALSE,TRUE,4,4829,4830
mol2477,COc1ccc(-c2nnc(C(=O)N3CCC(Oc4ccc(CN5CC[NH+](C)CC5)cc4)CC3)o2)cc1,COc1ccc(-c2nnc(C(=O)N3CCC(Oc4ccc(CN5CCN(C)CC5)cc4)CC3)o2)cc1,"8,500",1,N,1,0,1,0,SP3,FALSE,TRUE,4,4831,4832
mol2478,COc1ccc(-c2nnc(C(=O)N3CCC(Oc4ccc(C[NH+]5CC(O)C(C)(C)C5)cc4)CC3)o2)cc1,COc1ccc(-c2nnc(C(=O)N3CCC(Oc4ccc(CN5CC(O)C(C)(C)C5)cc4)CC3)o2)cc1,"8,900",3,N,1,0,1,0,SP3,FALSE,TRUE,4,4833,4834
mol2479,COc1ccc(-c2nnc(C(=O)N3CCC(Oc4ccc(C[NH+]5CCC(O)C5)cc4)CC3)o2)cc1,COc1ccc(-c2nnc(C(=O)N3CCC(Oc4ccc(CN5CCC(O)C5)cc4)CC3)o2)cc1,"8,900",29,N,1,0,1,0,SP3,FALSE,TRUE,4,4835,4836
mol2480,COc1ccc(-c2nnc(C(=O)N3CCC(Oc4ccc(C[NH+]5CCCC5)cn4)CC3)o2)cc1,COc1ccc(-c2nnc(C(=O)N3CCC(Oc4ccc(CN5CCCC5)cn4)CC3)o2)cc1,"9,200",29,N,1,0,1,0,SP3,FALSE,TRUE,4,4837,4838
mol2481,COc1ccc(-c2nnc(C(=O)N3CCC(Oc4ccc(C[NH+]5CCOCC5)cc4)CC3)o2)cc1,COc1ccc(-c2nnc(C(=O)N3CCC(Oc4ccc(CN5CCOCC5)cc4)CC3)o2)cc1,"6,500",29,N,1,0,1,0,SP3,FALSE,TRUE,4,4840,4839
mol2482,COc1ccc(N2[NH2+]C(C)=CC2=O)cc1,COc1ccc(-n2[nH]c(C)cc2=O)cc1,"7,060",6,N,1,0,2,1,SP3,FALSE,TRUE,4,4841,4842
mol2483,COc1ccc(-n2cc3nc(-c4ccccc4C)n(CC4CCC[NH+](C(C)C)C4)c(=O)c3n2)cc1,COc1ccc(-n2cc3nc(-c4ccccc4C)n(CC4CCCN(C(C)C)C4)c(=O)c3n2)cc1,"10,000",22,N,1,0,1,0,SP3,FALSE,TRUE,4,4843,4844
mol2484,COc1ccc(/C=C/C(=O)O)cc1,COc1ccc(/C=C/C(=O)[O-])cc1,"4,600",12,O,0,-1,1,0,SP2,FALSE,FALSE,2,4845,4846
mol2485,COc1ccc(/C=C/C(=O)O)cc1OC,COc1ccc(/C=C/C(=O)[O-])cc1OC,"4,550",14,O,0,-1,1,0,SP2,FALSE,FALSE,2,4847,4848
mol2486,COc1ccc(/C=C2/SC(=S)NC2=O)cc1,COc1ccc(/C=C2/SC(=S)[N-]C2=O)cc1,"5,800",12,N,0,-1,1,0,SP2,FALSE,TRUE,3,4849,4850
mol2487,COc1ccc(/C=C\C(=O)O)cc1,COc1ccc(/C=C\C(=O)[O-])cc1,"4,030",12,O,0,-1,1,0,SP2,FALSE,FALSE,2,4851,4852
mol2488,COc1ccc(/N=N/c2c(N)[nH][nH+]c2N)cc1,COc1ccc(/N=N/c2c(N)n[nH]c2N)cc1,"3,390",13,N,1,0,1,0,SP2,TRUE,TRUE,4,4853,4854
mol2489,COc1ccc(/N=N/c2cc[nH+]cc2)cc1,COc1ccc(/N=N/c2ccncc2)cc1,"4,530",13,N,1,0,1,0,SP2,TRUE,TRUE,4,4855,4856
mol2490,COc1ccc(/[NH+]=C/N(C)C)cc1,COc1ccc(/N=C/N(C)C)cc1,"9,350",4,N,1,0,1,0,SP2,FALSE,FALSE,4,4857,4858
mol2491,COc1ccc(C(=N)c2ccccc2)c(OC)c1,COc1ccc(C(=[N-])c2ccccc2)c(OC)c1,"8,300",11,N,0,-1,1,0,SP2,FALSE,FALSE,3,4859,4860
mol2492,COc1ccc(C(=O)C(N=O)SCC[N+](C)(C)C)cc1,COc1ccc(C(=O)[C-](N=O)SCC[N+](C)(C)C)cc1,"7,710",7,C,0,-1,1,0,SP3,FALSE,FALSE,4,4861,4862
mol2493,COc1ccc(C(=O)N[C@@H]2CCC[C@@H]3CC[NH+](C)C[C@@H]32)cc1,COc1ccc(C(=O)N[C@@H]2CCC[C@@H]3CCN(C)C[C@@H]32)cc1,"9,190",1,N,1,0,1,0,SP3,FALSE,TRUE,4,4863,4864
mol2494,COc1ccc(C(=O)N[C@@H]2CCC[C@@H]3CC[NH+](C)C[C@H]32)cc1OC,COc1ccc(C(=O)N[C@@H]2CCC[C@@H]3CCN(C)C[C@H]32)cc1OC,"8,890",1,N,1,0,1,0,SP3,FALSE,TRUE,4,4865,4866
mol2495,COc1ccc(C(=O)Nc2ccccc2CCC2CCCC[NH+]2C)cc1,COc1ccc(C(=O)Nc2ccccc2CCC2CCCCN2C)cc1,"9,270",1,N,1,0,1,0,SP3,FALSE,TRUE,4,4867,4868
mol2496,COc1ccc(C(=O)O[C@H]2O[C@@H](C(=O)O)[C@H](O)[C@@H](O)[C@@H]2O)cc1OC,COc1ccc(C(=O)O[C@H]2O[C@@H](C(=O)[O-])[C@H](O)[C@@H](O)[C@@H]2O)cc1OC,"3,470",21,O,0,-1,1,0,SP2,FALSE,FALSE,2,4869,4870
mol2497,COc1ccc(C(=O)O)c(C)c1,COc1ccc(C(=O)[O-])c(C)c1,"4,540",9,O,0,-1,1,0,SP2,FALSE,FALSE,2,4871,4872
mol2498,COc1ccc(C(=O)O)cc1,COc1ccc(C(=O)[O-])cc1,"4,450",10,O,0,-1,1,0,SP2,FALSE,FALSE,2,4873,4874
mol2499,COc1ccc(C(=O)O)cc1-c1ccc(C#CCO)s1,COc1ccc(C(=O)[O-])cc1-c1ccc(C#CCO)s1,"4,200",19,O,0,-1,1,0,SP2,FALSE,FALSE,2,4875,4876
mol2500,COc1ccc(C(=O)O)cc1C,COc1ccc(C(=O)[O-])cc1C,"4,350",11,O,0,-1,1,0,SP2,FALSE,FALSE,2,4877,4878
mol2501,COc1ccc(C(=O)S)cc1,COc1ccc(C(=O)[S-])cc1,"2,790",10,S,0,-1,1,0,SP3,FALSE,FALSE,2,4879,4880
mol2502,COc1ccc(C(=O)c2ccc3n2CCC3C(=O)O)cc1,COc1ccc(C(=O)c2ccc3n2CCC3C(=O)[O-])cc1,"3,550",20,O,0,-1,1,0,SP2,FALSE,FALSE,2,4881,4882
mol2503,COc1ccc(C(=O)c2coc(S(N)(=O)=O)c2)cc1,COc1ccc(C(=O)c2coc(S([NH-])(=O)=O)c2)cc1,"9,500",18,N,0,-1,2,1,SP3,FALSE,FALSE,3,4883,4884
mol2504,COc1ccc(C(=O)c2csc(S(N)(=O)=O)c2)cc1,COc1ccc(C(=O)c2csc(S([NH-])(=O)=O)c2)cc1,"8,200",18,N,0,-1,2,1,SP3,FALSE,FALSE,3,4885,4886
mol2505,COc1ccc(C(=S)Nc2ccc(Br)cc2)cc1,COc1ccc(C(=S)[N-]c2ccc(Br)cc2)cc1,"10,950",10,N,0,-1,1,0,SP2,FALSE,FALSE,3,4887,4888
mol2506,COc1ccc(C(=S)Nc2ccc(C)cc2)cc1,COc1ccc(C(=S)[N-]c2ccc(C)cc2)cc1,"11,810",7,N,0,-1,1,0,SP2,FALSE,FALSE,3,4889,4890
mol2507,COc1ccc(C(=S)Nc2ccc(Cl)c(Cl)c2)cc1,COc1ccc(C(=S)[N-]c2ccc(Cl)c(Cl)c2)cc1,"10,140",10,N,0,-1,1,0,SP2,FALSE,FALSE,3,4891,4892
mol2508,COc1ccc(C(=S)Nc2ccc(Cl)cc2)cc1,COc1ccc(C(=S)[N-]c2ccc(Cl)cc2)cc1,"10,930",10,N,0,-1,1,0,SP2,FALSE,FALSE,3,4893,4894
mol2509,COc1ccc(C(=S)Nc2ccccc2)cc1,COc1ccc(C(=S)[N-]c2ccccc2)cc1,"11,270",10,N,0,-1,1,0,SP2,FALSE,FALSE,3,4895,4896
mol2510,COc1ccc(C(C#N)[NH+]2CCCC2)cc1OC,COc1ccc(C(C#N)N2CCCC2)cc1OC,"4,300",13,N,1,0,1,0,SP3,FALSE,TRUE,4,4897,4898
mol2511,COc1ccc(C(C#N)[NH+]2CCCCC2)cc1OC,COc1ccc(C(C#N)N2CCCCC2)cc1OC,"4,000",13,N,1,0,1,0,SP3,FALSE,TRUE,4,4899,4900
mol2512,COc1ccc(C(C#N)N2CC[NH+](C)CC2)cc1OC,COc1ccc(C(C#N)N2CCN(C)CC2)cc1OC,"7,600",1,N,1,0,1,0,SP3,FALSE,TRUE,4,4901,4902
mol2513,COc1ccc(C(CC(F)(F)C[NH3+])(c2ccccc2)c2ccc(C)cc2)cc1,COc1ccc(C(CC(F)(F)CN)(c2ccccc2)c2ccc(C)cc2)cc1,"7,110",11,N,1,0,3,2,SP3,FALSE,FALSE,4,4903,4904
mol2514,COc1ccc(C(CC(F)C[NH3+])(c2ccccc2)c2ccc(C)cc2)cc1,COc1ccc(C(CC(F)CN)(c2ccccc2)c2ccc(C)cc2)cc1,"7,860",11,N,1,0,3,2,SP3,FALSE,FALSE,4,4905,4906
mol2515,COc1ccc(C(CCC([NH3+])C(F)(F)F)(c2ccccc2)c2ccc(C)cc2)cc1,COc1ccc(C(CCC(N)C(F)(F)F)(c2ccccc2)c2ccc(C)cc2)cc1,"4,630",15,N,1,0,3,2,SP3,FALSE,FALSE,4,4907,4908
mol2516,COc1ccc(C(CCC[NH3+])(c2ccccc2)c2ccccc2)cc1,COc1ccc(C(CCCN)(c2ccccc2)c2ccccc2)cc1,"9,860",12,N,1,0,3,2,SP3,FALSE,FALSE,4,4909,4910
mol2517,COc1ccc(C(C[NH+](C)C)C2(O)CCCCC2)cc1,COc1ccc(C(CN(C)C)C2(O)CCCCC2)cc1,"9,671",1,N,1,0,1,0,SP3,FALSE,FALSE,4,4911,4912
mol2518,COc1ccc(C(O)C[NH2+]C(C)CC2=C(C)C(C)(C)CC2)cc1,COc1ccc(C(O)CNC(C)CC2=C(C)C(C)(C)CC2)cc1,"8,790",11,N,1,0,2,1,SP3,FALSE,FALSE,4,4913,4914
mol2519,COc1ccc(C(O)C[NH3+])cc1,COc1ccc(C(O)CN)cc1,"9,020",10,N,1,0,3,2,SP3,FALSE,FALSE,4,4915,4916
mol2520,COc1ccc(C)c(C(=O)O)c1,COc1ccc(C)c(C(=O)[O-])c1,"3,840",9,O,0,-1,1,0,SP2,FALSE,FALSE,2,4917,4918
mol2521,COc1ccc(C2(c3cccc(-c4cncnc4)c3)CCC(N)=[NH+]2)cc1,COc1ccc(C2(c3cccc(-c4cncnc4)c3)CCC(N)=N2)cc1,"10,000",12,N,1,0,1,0,SP2,FALSE,TRUE,4,4919,4920
mol2522,COc1ccc(C2(c3cccc(-c4cncnc4)c3)N=C(C(C)C)C(N)=[NH+]2)cc1,COc1ccc(C2(c3cccc(-c4cncnc4)c3)N=C(N)C(C(C)C)=N2)cc1,"5,300",6,N,1,0,1,0,SP2,FALSE,TRUE,4,4922,4921
mol2523,COc1ccc(C2(c3cccc(-c4cncnc4)c3)N=C(C)C(N)=[NH+]2)cc1,COc1ccc(C2(c3cccc(-c4cncnc4)c3)N=C(C)C(N)=N2)cc1,"5,200",4,N,1,0,1,0,SP2,FALSE,TRUE,4,4924,4923
mol2524,COc1ccc(C2(c3cccc(-c4cncnc4)c3)[NH+]=C(N)N3CC(F)(F)C[NH+]=C32)cc1,COc1ccc(C2(c3cccc(-c4cncnc4)c3)N=C(N)N3CC(F)(F)C[NH+]=C32)cc1,"6,800",16,N,1,0,1,0,SP2,FALSE,TRUE,4,4926,4925
mol2525,COc1ccc(C2(c3cccc(-c4cncnc4)c3)[NH+]=C(N)c3c(F)cccc32)cc1,COc1ccc(C2(c3cccc(-c4cncnc4)c3)N=C(N)c3c(F)cccc32)cc1,"8,200",16,N,1,0,1,0,SP2,FALSE,TRUE,4,4927,4928
mol2526,COc1ccc(C2(c3cccc(-c4cncnc4)c3)[NH+]=C(N)n3nc(C)cc32)cc1,COc1ccc(C2(c3cccc(-c4cncnc4)c3)N=C(N)n3nc(C)cc32)cc1,"5,400",7,N,1,0,1,0,SP2,FALSE,TRUE,4,4930,4929
mol2527,COc1ccc(C2CCC[NH+]2C)cc1,COc1ccc(C2CCCN2C)cc1,"8,900",1,N,1,0,1,0,SP3,FALSE,TRUE,4,4931,4932
mol2528,COc1ccc(C2C[NH2+]2)cc1,COc1ccc(C2CN2)cc1,"8,700",10,N,1,0,2,1,SP3,FALSE,TRUE,4,4933,4934
mol2529,COc1ccc(C2[NH2+]CCS2)cc1,COc1ccc(C2NCCS2)cc1,"5,450",9,N,1,0,2,1,SP3,FALSE,TRUE,4,4936,4935
mol2530,COc1ccc(C=O)cc1C(=O)N[C@@H]1C[C@H]2CC[C@@H](C1)[NH+]2Cc1ccccc1,COc1ccc(C=O)cc1C(=O)N[C@@H]1C[C@H]2CC[C@@H](C1)N2Cc1ccccc1,"8,740",18,N,1,0,1,0,SP3,FALSE,TRUE,4,4937,4938
mol2531,COc1ccc(C=O)cc1O,COc1ccc(C=O)cc1[O-],"8,890",8,O,0,-1,1,0,SP2,FALSE,FALSE,2,4939,4940
mol2532,COc1ccc(CC(=O)NC2CC[NH+](CC[C@H](NC(=O)C3CCC3)c3ccccc3)CC2)cc1,COc1ccc(CC(=O)NC2CCN(CC[C@H](NC(=O)C3CCC3)c3ccccc3)CC2)cc1,"8,200",15,N,1,0,1,0,SP3,FALSE,TRUE,4,4941,4942
mol2533,COc1ccc(CC(=O)O)cc1,COc1ccc(CC(=O)[O-])cc1,"4,360",11,O,0,-1,1,0,SP2,FALSE,FALSE,2,4943,4944
mol2534,COc1ccc(CC(C(C)=O)=C(C)O)cc1,COc1ccc(CC(C(C)=O)=C(C)[O-])cc1,"10,570",15,O,0,-1,1,0,SP2,FALSE,FALSE,2,4945,4946
mol2535,COc1ccc(CC(C)[NH3+])cc1,COc1ccc(CC(C)N)cc1,"9,530",11,N,1,0,3,2,SP3,FALSE,FALSE,4,4947,4948
mol2536,COc1ccc(CC2=NC(=O)NC2=O)cc1,COc1ccc(CC2=NC(=O)[N-]C2=O)cc1,"8,900",13,N,0,-1,1,0,SP2,FALSE,TRUE,3,4949,4950
mol2537,COc1ccc(CCC(=O)O)cc1,COc1ccc(CCC(=O)[O-])cc1,"4,720",12,O,0,-1,1,0,SP2,FALSE,FALSE,2,4951,4952
mol2538,COc1ccc(CCC[NH+](C)C)cc1,COc1ccc(CCCN(C)C)cc1,"10,910",1,N,1,0,1,0,SP3,FALSE,FALSE,4,4953,4954
mol2539,COc1ccc(CCC[NH+](C)C)cc1Cl,COc1ccc(CCCN(C)C)cc1Cl,"10,760",1,N,1,0,1,0,SP3,FALSE,FALSE,4,4955,4956
mol2540,COc1ccc(CC[NH+](C)CCCC(C#N)(c2ccc(OC)c(OC)c2)C(C)C)cc1OC,COc1ccc(CCN(C)CCCC(C#N)(c2ccc(OC)c(OC)c2)C(C)C)cc1OC,"8,882",7,N,1,0,1,0,SP3,FALSE,FALSE,4,4957,4958
mol2541,COc1ccc(CC[NH+](C)CCC[C@](C#N)(c2ccc(OC)c(OC)c2)C(C)C)cc1OC,COc1ccc(CCN(C)CCC[C@](C#N)(c2ccc(OC)c(OC)c2)C(C)C)cc1OC,"8,660",7,N,1,0,1,0,SP3,FALSE,FALSE,4,4959,4960
mol2542,COc1ccc(CC[NH2+]CC(O)COc2ccc(-c3ncco3)cc2)cc1OC,COc1ccc(CCNCC(O)COc2ccc(-c3ncco3)cc2)cc1OC,"8,400",12,N,1,0,2,1,SP3,FALSE,FALSE,4,4961,4962
mol2543,COc1ccc(CC[NH2+]CC(O)COc2cccc(C)c2)cc1OC,COc1ccc(CCNCC(O)COc2cccc(C)c2)cc1OC,"8,400",11,N,1,0,2,1,SP3,FALSE,FALSE,4,4963,4964
mol2544,COc1ccc(CC[NH2+]CCCC(C#N)(c2ccc(OC)c(OC)c2)C(C)C)cc1OC,COc1ccc(CCNCCCC(C#N)(c2ccc(OC)c(OC)c2)C(C)C)cc1OC,"9,870",7,N,1,0,2,1,SP3,FALSE,FALSE,4,4965,4966
mol2545,COc1ccc(CC[NH3+])cc1,COc1ccc(CCN)cc1,"9,790",10,N,1,0,3,2,SP3,FALSE,FALSE,4,4967,4968
mol2546,COc1ccc(CC[NH3+])cc1OC,COc1ccc(CCN)cc1OC,"9,870",12,N,1,0,3,2,SP3,FALSE,FALSE,4,4969,4970
mol2547,COc1ccc(CNC(=O)N2[C@H](C)CN(CCC(C)C)c3c[nH+]ccc3[C@@H]2C)cc1,COc1ccc(CNC(=O)N2[C@H](C)CN(CCC(C)C)c3cnccc3[C@@H]2C)cc1,"6,400",6,N,1,0,1,0,SP2,TRUE,TRUE,4,4971,4972
mol2548,COc1ccc(CO[NH3+])cc1,COc1ccc(CON)cc1,"4,420",10,N,1,0,3,2,SP3,FALSE,FALSE,4,4973,4974
mol2549,COc1ccc(COc2cccc(NC(=O)C3CCN(c4cc[nH+]cc4)CC3)c2)cc1OC,COc1ccc(COc2cccc(NC(=O)C3CCN(c4ccncc4)CC3)c2)cc1OC,"9,200",30,N,1,0,1,0,SP2,TRUE,TRUE,4,4975,4976
mol2550,COc1ccc(C[C@H](C)[NH3+])cc1OC,COc1ccc(C[C@H](C)N)cc1OC,"9,600",13,N,1,0,3,2,SP3,FALSE,FALSE,4,4977,4978
mol2551,COc1ccc(C[NH+]=C(N)C(Cl)(Cl)Br)cc1,COc1ccc(CN=C(N)C(Cl)(Cl)Br)cc1,"6,150",9,N,1,0,1,0,SP2,FALSE,FALSE,4,4980,4979
mol2552,COc1ccc(C[NH+]=C(N)C(Cl)(Cl)Cl)cc1,COc1ccc(CN=C(N)C(Cl)(Cl)Cl)cc1,"6,000",9,N,1,0,1,0,SP2,FALSE,FALSE,4,4982,4981
mol2553,COc1ccc(C[NH3+])cc1,COc1ccc(CN)cc1,"9,670",9,N,1,0,3,2,SP3,FALSE,FALSE,4,4983,4984
mol2554,COc1ccc(C[NH3+])cc1OC,COc1ccc(CN)cc1OC,"9,390",11,N,1,0,3,2,SP3,FALSE,FALSE,4,4985,4986
mol2556,COc1ccc(Cc2cc(=O)c3ccc([OH2+])cc3o2)cc1,COc1ccc(Cc2cc(=O)c3ccc(O)cc3o2)cc1,"7,350",20,O,1,0,2,1,SP2,FALSE,FALSE,3,4987,4988
mol2557,COc1ccc(Cc2[nH+]ccc3cc(OC)c(OC)cc23)cc1OC,COc1ccc(Cc2nccc3cc(OC)c(OC)cc23)cc1OC,"6,250",20,N,1,0,1,0,SP2,TRUE,TRUE,4,4989,4990
mol2558,COc1ccc(Cl)c(Nc2ccccc2CC(=O)O)c1Cl,COc1ccc(Cl)c(Nc2ccccc2CC(=O)[O-])c1Cl,"3,950",19,O,0,-1,1,0,SP2,FALSE,FALSE,2,4991,4992
mol2559,COc1ccc(Cl)c2ccc[nH+]c12,COc1ccc(Cl)c2cccnc12,"4,130",8,N,1,0,1,0,SP2,TRUE,TRUE,4,4993,4994
mol2560,COc1ccc(Cl)cc1C(=O)NCCc1ccc(S(=O)(=O)[NH2+]C(=O)NC2CCCCC2)cc1,COc1ccc(Cl)cc1C(=O)NCCc1ccc(S(=O)(=O)NC(=O)NC2CCCCC2)cc1,"5,300",22,N,1,0,2,1,SP3,FALSE,FALSE,4,4995,4996
mol2561,COc1ccc(Cl)cc1Nc1cc(C(F)(F)F)c(C(=O)NCC2CCC2)c[nH+]1,COc1ccc(Cl)cc1Nc1cc(C(F)(F)F)c(C(=O)NCC2CCC2)cn1,"2,630",14,N,1,0,1,0,SP2,TRUE,TRUE,4,4997,4998
mol2562,COc1ccc(Cl)cc1Nc1cc(C(F)(F)F)c(C(=O)NCC2CCOCC2)c[nH+]1,COc1ccc(Cl)cc1Nc1cc(C(F)(F)F)c(C(=O)NCC2CCOCC2)cn1,"2,630",14,N,1,0,1,0,SP2,TRUE,TRUE,4,4999,5000
mol2563,COc1ccc(Cl)cc1S(=O)(=O)[NH2+]C(=O)NC(C)C,COc1ccc(Cl)cc1S(=O)(=O)NC(=O)NC(C)C,"5,650",6,N,1,0,2,1,SP3,FALSE,FALSE,4,5001,5002
mol2564,COc1ccc(Cl)cc1S(=O)(=O)[NH2+]C(=O)Nc1ccccc1,COc1ccc(Cl)cc1S(=O)(=O)NC(=O)Nc1ccccc1,"4,500",11,N,1,0,2,1,SP3,FALSE,FALSE,4,5003,5004
mol2565,COc1ccc(Cl)cc1S(=O)(=O)[NH2+]C(=S)NC(C)C,COc1ccc(Cl)cc1S(=O)(=O)NC(=S)NC(C)C,"5,740",6,N,1,0,2,1,SP3,FALSE,FALSE,4,5005,5006
mol2566,COc1ccc(Cn2c(=O)n3ncnc3c3c4c(sc32)C[NH+](CC2CCOCC2)CC4)cc1,COc1ccc(Cn2c(=O)n3ncnc3c3c4c(sc32)CN(CC2CCOCC2)CC4)cc1,"6,600",16,N,1,0,1,0,SP3,FALSE,TRUE,4,5008,5007
mol2567,COc1ccc(Cn2cc(-c3nn[nH]n3)c(=O)c3c(F)ccc(F)c32)cc1,COc1ccc(Cn2cc(-c3nn[n-]n3)c(=O)c3c(F)ccc(F)c32)cc1,"5,400",24,N,0,-1,1,0,SP2,TRUE,TRUE,3,5009,5010
mol2568,COc1ccc(Cn2cc(C(=O)NC(C)=O)c(=O)c3c(F)ccc(F)c32)cc1,COc1ccc(Cn2cc(C(=O)[N-]C(C)=O)c(=O)c3c(F)ccc(F)c32)cc1,"8,000",3,N,0,-1,1,0,SP2,FALSE,FALSE,3,5011,5012
mol2569,COc1ccc(Cn2cc(C(=O)NO)c(=O)c3c(F)ccc(F)c32)cc1,COc1ccc(Cn2cc(C(=O)N[O-])c(=O)c3c(F)ccc(F)c32)cc1,"8,000",25,O,0,-1,1,0,SP3,FALSE,FALSE,2,5013,5014
mol2570,COc1ccc(Cn2cc(C(=O)[NH2+]S(C)(=O)=O)c(=O)c3c(F)ccc(F)c32)cc1,COc1ccc(Cn2cc(C(=O)NS(C)(=O)=O)c(=O)c3c(F)ccc(F)c32)cc1,"4,500",24,N,1,0,2,1,SP3,FALSE,FALSE,4,5015,5016
mol2571,COc1ccc(Cn2cc(C(=O)O)c(=O)c3c(F)ccc(F)c32)cc1,COc1ccc(Cn2cc(C(=O)[O-])c(=O)c3c(F)ccc(F)c32)cc1,"6,000",24,O,0,-1,1,0,SP2,FALSE,FALSE,2,5017,5018
mol2572,COc1ccc(F)cc1C(=O)N[C@@H]1C[C@H]2CC[C@@H](C1)[NH+]2Cc1ccccc1,COc1ccc(F)cc1C(=O)N[C@@H]1C[C@H]2CC[C@@H](C1)N2Cc1ccccc1,"8,820",18,N,1,0,1,0,SP3,FALSE,TRUE,4,5019,5020
mol2573,COc1ccc(F)cc1S(=O)(=O)[NH2+]C(=O)NC(C)C,COc1ccc(F)cc1S(=O)(=O)NC(=O)NC(C)C,"5,520",6,N,1,0,2,1,SP3,FALSE,FALSE,4,5021,5022
mol2574,COc1ccc(I)cc1C(=O)N[C@@H]1C[C@H]2CC[C@@H](C1)[NH+]2Cc1ccccc1,COc1ccc(I)cc1C(=O)N[C@@H]1C[C@H]2CC[C@@H](C1)N2Cc1ccccc1,"8,790",18,N,1,0,1,0,SP3,FALSE,TRUE,4,5023,5024
mol2575,COc1ccc([NH+](C)C)cc1,COc1ccc(N(C)C)cc1,"5,860",1,N,1,0,1,0,SP3,FALSE,FALSE,4,5025,5026
mol2576,COc1ccc(N(Cc2nn[nH]n2)Cc2ccc(Cl)cc2Cl)cc1,COc1ccc(N(Cc2nn[n-]n2)Cc2ccc(Cl)cc2Cl)cc1,"4,290",21,N,0,-1,1,0,SP2,TRUE,TRUE,3,5027,5028
mol2577,COc1ccc(N(Cc2nn[nH]n2)Cc2ccc(F)cc2F)cc1,COc1ccc(N(Cc2nn[n-]n2)Cc2ccc(F)cc2F)cc1,"4,310",21,N,0,-1,1,0,SP2,TRUE,TRUE,3,5029,5030
mol2578,COc1ccc([NH3+])cc1,COc1ccc(N)cc1,"5,077",8,N,1,0,3,2,SP3,FALSE,FALSE,4,5031,5032
mol2579,COc1ccc([NH3+])cc1Br,COc1ccc(N)cc1Br,"4,090",9,N,1,0,3,2,SP3,FALSE,FALSE,4,5033,5034
mol2580,COc1ccc(N)c[nH+]1,COc1ccc(N)cn1,"4,240",7,N,1,0,1,0,SP2,TRUE,TRUE,4,5035,5036
mol2581,COc1ccc(N2CC[NH+](CCCCNC(=O)c3ccc4nonc4c3)CC2)cc1,COc1ccc(N2CCN(CCCCNC(=O)c3ccc4nonc4c3)CC2)cc1,"7,510",11,N,1,0,1,0,SP3,FALSE,TRUE,4,5037,5038
mol2582,COc1ccc(NC(=O)/C=C/C[NH+](C)C)cc1Nc1ncc(Cl)c(-c2cnn3ccccc23)n1,COc1ccc(NC(=O)/C=C/CN(C)C)cc1Nc1ncc(Cl)c(-c2cnn3ccccc23)n1,"7,800",1,N,1,0,1,0,SP3,FALSE,FALSE,4,5039,5040
mol2583,COc1ccc(NC(=O)C2=C([OH2+])C(=O)N(C)C2)cc1,COc1ccc(NC(=O)C2=C(O)C(=O)N(C)C2)cc1,"5,840",7,O,1,0,2,1,SP2,FALSE,FALSE,3,5041,5042
mol2584,COc1ccc(NC(=O)C2=CCC[NH+](C)C2)cc1Nc1ncc(Cl)c(-c2cnn3ccccc23)n1,COc1ccc(NC(=O)C2=CCCN(C)C2)cc1Nc1ncc(Cl)c(-c2cnn3ccccc23)n1,"7,900",1,N,1,0,1,0,SP3,FALSE,TRUE,4,5043,5044
mol2585,COc1ccc(NC(=O)C2=CC[NH+](C)CC2)cc1Nc1ncc(Cl)c(-c2cnn3ccccc23)n1,COc1ccc(NC(=O)C2=CCN(C)CC2)cc1Nc1ncc(Cl)c(-c2cnn3ccccc23)n1,"7,400",1,N,1,0,1,0,SP3,FALSE,TRUE,4,5046,5045
mol2586,COc1ccc(NC(=O)NO)cc1,COc1ccc(NC(=O)N[O-])cc1,"10,200",12,O,0,-1,1,0,SP3,FALSE,FALSE,2,5047,5048
mol2587,COc1ccc(NC(=O)c2cccc(S(=O)(=O)N3CCOCC3)c2)c(C(=O)O)c1,COc1ccc(NC(=O)c2cccc(S(=O)(=O)N3CCOCC3)c2)c(C(=O)[O-])c1,"3,120",10,O,0,-1,1,0,SP2,FALSE,FALSE,2,5049,5050
mol2588,COc1ccc(NC(=S)c2ccc(Cl)cc2)cc1,COc1ccc([N-]C(=S)c2ccc(Cl)cc2)cc1,"11,260",8,N,0,-1,1,0,SP2,FALSE,FALSE,3,5051,5052
mol2589,COc1ccc(NC(=S)c2ccc(OC)cc2)cc1,COc1ccc([N-]C(=S)c2ccc(OC)cc2)cc1,"11,850",10,N,0,-1,1,0,SP2,FALSE,FALSE,3,5053,5054
mol2590,COc1ccc(NC(=S)c2cccc(Br)c2)cc1,COc1ccc([N-]C(=S)c2cccc(Br)c2)cc1,"10,990",8,N,0,-1,1,0,SP2,FALSE,FALSE,3,5055,5056
mol2591,COc1ccc(NC(=S)c2ccccc2)cc1,COc1ccc([N-]C(=S)c2ccccc2)cc1,"11,360",8,N,0,-1,1,0,SP2,FALSE,FALSE,3,5057,5058
mol2592,COc1ccc(NC(C)=S)cc1,COc1ccc([N-]C(C)=S)cc1,"11,960",3,N,0,-1,1,0,SP2,FALSE,FALSE,3,5059,5060
mol2593,COc1ccc(NC=S)cc1,COc1ccc([N-]C=S)cc1,"11,740",8,N,0,-1,1,0,SP2,FALSE,FALSE,3,5061,5062
mol2594,COc1ccc([NH2+]CO)cc1,COc1ccc(NCO)cc1,"3,720",8,N,1,0,2,1,SP3,FALSE,FALSE,4,5063,5064
mol2595,COc1ccc(NS(=O)(=O)c2ccccc2)cc1,COc1ccc([N-]S(=O)(=O)c2ccccc2)cc1,"8,880",8,N,0,-1,1,0,SP2,FALSE,FALSE,3,5065,5066
mol2597,COc1ccc(Nc2ccc([NH3+])cc2)cc1,COc1ccc(Nc2ccc(N)cc2)cc1,"5,900",15,N,1,0,3,2,SP3,FALSE,FALSE,4,5067,5068
mol2598,COc1ccc(O)c(Br)c1,COc1ccc([O-])c(Br)c1,"8,620",9,O,0,-1,1,0,SP2,FALSE,FALSE,2,5069,5070
mol2599,COc1ccc(O)c(C(=O)O)c1,COc1ccc(O)c(C(=O)[O-])c1,"3,900",10,O,0,-1,1,0,SP2,FALSE,FALSE,2,5071,5072
mol2600,COc1ccc(O)c(C)c1,COc1ccc([O-])c(C)c1,"10,160",7,O,0,-1,1,0,SP2,FALSE,FALSE,2,5073,5074
mol2601,COc1ccc([OH2+])c(CN=NC(=S)Cc2ccccc2)c1,COc1ccc(O)c(CN=NC(=S)Cc2ccccc2)c1,"6,600",20,O,1,0,2,1,SP2,FALSE,FALSE,3,5075,5076
mol2602,COc1ccc([OH2+])c(CN=NS(=O)(=O)Cc2ccccc2)c1,COc1ccc(O)c(CN=NS(=O)(=O)Cc2ccccc2)c1,"6,500",21,O,1,0,2,1,SP2,FALSE,FALSE,3,5077,5078
mol2603,COc1ccc(O)cc1,COc1ccc([O-])cc1,"10,240",8,O,0,-1,1,0,SP2,FALSE,FALSE,2,5079,5080
mol2604,COc1ccc(O)cc1Br,COc1ccc([O-])cc1Br,"9,090",9,O,0,-1,1,0,SP2,FALSE,FALSE,2,5081,5082
mol2605,COc1ccc(O)cc1C,COc1ccc([O-])cc1C,"10,240",9,O,0,-1,1,0,SP2,FALSE,FALSE,2,5083,5084
mol2606,COc1ccc(OC(=O)N(C)CC[NH3+])cc1,COc1ccc(OC(=O)N(C)CCN)cc1,"8,900",4,N,1,0,3,2,SP3,FALSE,FALSE,4,5085,5086
mol2607,COc1ccc(OC(=O)NCCC[NH3+])cc1,COc1ccc(OC(=O)NCCCN)cc1,"9,600",15,N,1,0,3,2,SP3,FALSE,FALSE,4,5087,5088
mol2608,COc1ccc(OC(=O)NCC[NH3+])cc1,COc1ccc(OC(=O)NCCN)cc1,"8,650",14,N,1,0,3,2,SP3,FALSE,FALSE,4,5089,5090
mol2609,COc1ccc(OC(=O)Nc2cc(Cl)ccc2O)cc1,COc1ccc(OC(=O)Nc2cc(Cl)ccc2[O-])cc1,"10,210",18,O,0,-1,1,0,SP2,FALSE,FALSE,2,5091,5092
mol2610,COc1ccc(OC)c([NH3+])c1,COc1ccc(OC)c(N)c1,"3,720",8,N,1,0,3,2,SP3,FALSE,FALSE,4,5093,5094
mol2611,COc1ccc(OC)c(NC2=[NH+]CCN2)c1,COc1ccc(OC)c(NC2=NCCN2)c1,"10,150",10,N,1,0,1,0,SP2,FALSE,TRUE,4,5095,5096
mol2612,COc1ccc(OC)c2c1[nH+]c(C)n2C,COc1ccc(OC)c2c1nc(C)n2C,"6,120",2,N,1,0,1,0,SP2,TRUE,TRUE,4,5097,5098
mol2613,COc1ccc(OC)c2c1[nH+]c(CCl)n2C,COc1ccc(OC)c2c1nc(CCl)n2C,"4,100",3,N,1,0,1,0,SP2,TRUE,TRUE,4,5099,5100
mol2614,COc1ccc(OC)c2c1[nH+]c(CO)n2C,COc1ccc(OC)c2c1nc(CO)n2C,"5,240",3,N,1,0,1,0,SP2,TRUE,TRUE,4,5101,5102
mol2615,COc1ccc(S(=O)(=O)CC[NH+]2CCCCC2)c(OC)c1OC,COc1ccc(S(=O)(=O)CCN2CCCCC2)c(OC)c1OC,"7,240",17,N,1,0,1,0,SP3,FALSE,TRUE,4,5103,5104
mol2616,COc1ccc(S(=O)(=O)CC[NH+]2CCOCC2)c(OC)c1OC,COc1ccc(S(=O)(=O)CCN2CCOCC2)c(OC)c1OC,"4,890",17,N,1,0,1,0,SP3,FALSE,TRUE,4,5105,5106
mol2617,COc1ccc(S(=O)(=O)NCc2ccccc2)cc1,COc1ccc(S(=O)(=O)[N-]Cc2ccccc2)cc1,"11,530",11,N,0,-1,1,0,SP3,FALSE,FALSE,3,5107,5108
mol2618,COc1ccc(S(=O)(=O)Nc2ccc(C)cc2)cc1,COc1ccc(S(=O)(=O)[N-]c2ccc(C)cc2)cc1,"9,800",7,N,0,-1,1,0,SP2,FALSE,FALSE,3,5109,5110
mol2619,COc1ccc(S(=O)(=O)Nc2ccc(Cl)cc2)cc1,COc1ccc(S(=O)(=O)[N-]c2ccc(Cl)cc2)cc1,"9,190",11,N,0,-1,1,0,SP2,FALSE,FALSE,3,5111,5112
mol2620,COc1ccc(S(=O)(=O)Nc2ccc(F)cc2)cc1,COc1ccc(S(=O)(=O)[N-]c2ccc(F)cc2)cc1,"9,320",11,N,0,-1,1,0,SP2,FALSE,FALSE,3,5113,5114
mol2621,COc1ccc(S(=O)(=O)Nc2ccccc2)cc1,COc1ccc(S(=O)(=O)[N-]c2ccccc2)cc1,"9,040",11,N,0,-1,1,0,SP2,FALSE,FALSE,3,5115,5116
mol2622,COc1ccc(S(=O)(=O)c2ccc(F)cc2)c(Cc2c3c(n(CC(=O)O)c2C)CCNC3=O)c1,COc1ccc(S(=O)(=O)c2ccc(F)cc2)c(Cc2c3c(n(CC(=O)[O-])c2C)CCNC3=O)c1,"3,100",9,O,0,-1,1,0,SP2,FALSE,FALSE,2,5117,5118
mol2623,COc1ccc(S(=O)(=O)c2coc(S([NH3+])(=O)=O)c2)cc1,COc1ccc(S(=O)(=O)c2coc(S(N)(=O)=O)c2)cc1,"6,320",19,N,1,0,3,2,SP3,FALSE,FALSE,4,5119,5120
mol2624,COc1ccc(S(=O)(=O)c2csc(S(N)(=O)=O)c2)cc1,COc1ccc(S(=O)(=O)c2csc(S([NH-])(=O)=O)c2)cc1,"8,780",19,N,0,-1,2,1,SP3,FALSE,FALSE,3,5121,5122
mol2625,COc1ccc(S(N)(=O)=O)cc1,COc1ccc(S([NH-])(=O)=O)cc1,"9,930",11,N,0,-1,2,1,SP3,FALSE,FALSE,3,5123,5124
mol2626,COc1ccc([C@@H]2Sc3ccccc3N(CC[NH+](C)C)C(=O)[C@@H]2OC(C)=O)cc1,COc1ccc([C@@H]2Sc3ccccc3N(CCN(C)C)C(=O)[C@@H]2OC(C)=O)cc1,"7,976",18,N,1,0,1,0,SP3,FALSE,FALSE,4,5125,5126
mol2627,COc1ccc([C@@]2(F)C[C@@H]2[NH3+])cc1,COc1ccc([C@@]2(F)C[C@@H]2N)cc1,"7,500",11,N,1,0,3,2,SP3,FALSE,FALSE,4,5127,5128
mol2628,COc1ccc([C@@]2(F)C[C@@H]2[NH3+])cc1OC,COc1ccc([C@@]2(F)C[C@@H]2N)cc1OC,"7,400",13,N,1,0,3,2,SP3,FALSE,FALSE,4,5130,5129
mol2629,COc1ccc([C@H]2C[C@@H]2C(=O)O)cc1,COc1ccc([C@H]2C[C@@H]2C(=O)[O-])cc1,"4,620",13,O,0,-1,1,0,SP2,FALSE,FALSE,2,5131,5132
mol2630,COc1ccc([NH+]=C(N)c2cccs2)cc1CSC1CCCC1,COc1ccc(N=C(N)c2cccs2)cc1CSC1CCCC1,"8,100",15,N,1,0,1,0,SP2,FALSE,FALSE,4,5133,5134
mol2632,COc1ccc(S)cc1,COc1ccc([S-])cc1,"6,760",8,S,0,-1,1,0,SP3,FALSE,FALSE,2,5135,5136
mol2633,COc1ccc2[nH+]c3c(c(N4CCOCC4)c2c1)CCC3,COc1ccc2nc3c(c(N4CCOCC4)c2c1)CCC3,"7,140",11,N,1,0,1,0,SP2,TRUE,TRUE,4,5138,5137
mol2634,COc1ccc2[nH+]ccc(N)c2c1,COc1ccc2nccc(N)c2c1,"8,940",11,N,1,0,1,0,SP2,TRUE,TRUE,4,5139,5140
mol2635,COc1ccc2[nH]c3c(C)[nH+]ccc3c2c1,COc1ccc2[nH]c3c(C)nccc3c2c1,"7,090",6,N,1,0,1,0,SP2,TRUE,TRUE,4,5141,5142
mol2637,COc1ccc2[nH]cc(C3=CC[NH+](Cc4ccccc4)CC3)c2c1,COc1ccc2[nH]cc(C3=CCN(Cc4ccccc4)CC3)c2c1,"7,700",14,N,1,0,1,0,SP3,FALSE,TRUE,4,5143,5144
mol2638,COc1ccc2[nH]cc(CC(C)[NH3+])c2c1,COc1ccc2[nH]cc(CC(C)N)c2c1,"10,300",14,N,1,0,3,2,SP3,FALSE,FALSE,4,5145,5146
mol2639,COc1ccc2c(c1)C(=O)N(CCc1ccc(S(=O)(=O)[NH2+]C(=O)NC3CCCCC3)cc1)C(=O)C2(C)C,COc1ccc2c(c1)C(=O)N(CCc1ccc(S(=O)(=O)NC(=O)NC3CCCCC3)cc1)C(=O)C2(C)C,"5,000",24,N,1,0,2,1,SP3,FALSE,FALSE,4,5147,5148
mol2640,COc1ccc2c(c1)C(O)[NH+](C)C=C2,COc1ccc2c(c1)C(O)N(C)C=C2,"2,150",1,N,1,0,1,0,SP3,FALSE,TRUE,4,5150,5149
mol2641,COc1ccc2c(c1)C([P+](c1ccccc1)(c1ccccc1)c1ccccc1)c1ccccc1-2,COc1ccc2c3ccccc3[c-]([P+](c3ccccc3)(c3ccccc3)c3ccccc3)c2c1,"9,090",8,C,0,-1,1,0,SP3,FALSE,TRUE,4,5151,5152
mol2642,COc1ccc2c(c1)CC(C)[NH2+]2,COc1ccc2c(c1)CC(C)N2,"6,200",9,N,1,0,2,1,SP3,FALSE,TRUE,4,5153,5154
mol2643,COc1ccc2c(c1)CC[NH2+]2,COc1ccc2c(c1)CCN2,"6,100",10,N,1,0,2,1,SP3,FALSE,TRUE,4,5155,5156
mol2644,COc1ccc2c(c1)N(CCC[NH+](C)C)c1ccccc1S2,COc1ccc2c(c1)N(CCCN(C)C)c1ccccc1S2,"9,410",1,N,1,0,1,0,SP3,FALSE,FALSE,4,5157,5158
mol2645,COc1ccc2c(c1)N(CC[NH+](C)C)CCO2,COc1ccc2c(c1)N(CCN(C)C)CCO2,"8,600",1,N,1,0,1,0,SP3,FALSE,FALSE,4,5159,5160
mol2646,COc1ccc2c(c1)N(C[C@H](C)C[NH+](C)C)c1ccccc1S2,COc1ccc2c(c1)N(C[C@H](C)CN(C)C)c1ccccc1S2,"9,195",20,N,1,0,1,0,SP3,FALSE,FALSE,4,5161,5162
mol2647,COc1ccc2c(c1)NCC[NH2+]2,COc1ccc2c(c1)NCCN2,"5,260",11,N,1,0,2,1,SP3,FALSE,TRUE,4,5163,5164
mol2648,COc1ccc2c(c1)[C@]13CCCC[C@@H]1[C@H](C2)[NH+](C)CC3,COc1ccc2c(c1)[C@]13CCCC[C@@H]1[C@H](C2)N(C)CC3,"9,185",1,N,1,0,1,0,SP3,FALSE,TRUE,4,5165,5166
mol2650,COc1ccc2c(c1)c(-c1ccc(=O)n(Cc3ccccc3)n1)c(C)n2CC(=O)O,COc1ccc2c(c1)c(-c1ccc(=O)n(Cc3ccccc3)n1)c(C)n2CC(=O)[O-],"4,070",13,O,0,-1,1,0,SP2,FALSE,FALSE,2,5167,5168
mol2651,COc1ccc2c(c1)c(CC(=O)O)c(C)n2C(=O)c1ccc(Cl)cc1,COc1ccc2c(c1)c(CC(=O)[O-])c(C)n2C(=O)c1ccc(Cl)cc1,"4,415",24,O,0,-1,1,0,SP2,FALSE,FALSE,2,5169,5170
mol2652,COc1ccc2c(c1)c(CC[NH+](C)C)cn2C,COc1ccc2c(c1)c(CCN(C)C)cn2C,"9,200",14,N,1,0,1,0,SP3,FALSE,FALSE,4,5171,5172
mol2653,COc1ccc2c(c1)nnn2[OH2+],COc1ccc2c(c1)nnn2O,"5,070",11,O,1,0,2,1,SP2,FALSE,FALSE,3,5173,5174
mol2654,COc1ccc2c(c1OC(C)=O)[C@]13CC[NH+](C)[C@H](C2)[C@@H]1CC[C@H](OC)C3,COc1ccc2c(c1OC(C)=O)[C@]13CCN(C)[C@H](C2)[C@@H]1CC[C@H](OC)C3,"9,310",13,N,1,0,1,0,SP3,FALSE,TRUE,4,5175,5176
mol2655,COc1ccc2c(c1OC)C(=O)O[C@@H]2[C@H]1c2c(cc3c(c2OC)OCO3)CC[NH+]1C,COc1ccc2c(c1OC)C(=O)O[C@@H]2[C@H]1c2c(cc3c(c2OC)OCO3)CCN1C,"6,200",1,N,1,0,1,0,SP3,FALSE,TRUE,4,5178,5177
mol2656,COc1ccc2c(c[n+](C)c3c4cc5c(cc4ccc23)OCO5)c1[OH2+],COc1ccc2c(c[n+](C)c3c4cc5c(cc4ccc23)OCO5)c1O,"5,300",9,O,1,0,2,1,SP2,FALSE,FALSE,3,5179,5180
mol2658,COc1ccc2c3c1O[C@@H]1C(=O)CC[C@]4(O)[C@H](C2)[NH+](C)CC[C@@]314,COc1ccc2c3c1O[C@@H]1C(=O)CC[C@]4(O)[C@H](C2)N(C)CC[C@@]314,"8,600",1,N,1,0,1,0,SP3,FALSE,TRUE,4,5181,5182
mol2659,COc1ccc2c3c1O[C@H]1C(=O)CC[C@@]4(O)[C@@H](C2)[NH+](C)CC[C@]314,COc1ccc2c3c1O[C@H]1C(=O)CC[C@@]4(O)[C@@H](C2)N(C)CC[C@]314,"8,815",1,N,1,0,1,0,SP3,FALSE,TRUE,4,5183,5184
mol2660,COc1ccc2c3c1O[C@H]1C(=O)CC[C@H]4[C@@H](C2)[NH+](C)CC[C@]314,COc1ccc2c3c1O[C@H]1C(=O)CC[C@H]4[C@@H](C2)N(C)CC[C@]314,"8,050",1,N,1,0,1,0,SP3,FALSE,TRUE,4,5185,5186
mol2661,COc1ccc2c3c1O[C@H]1CCC[C@H]4[C@@H](C2)[NH+](C)CC[C@]314,COc1ccc2c3c1O[C@H]1CCC[C@H]4[C@@H](C2)N(C)CC[C@]314,"8,830",1,N,1,0,1,0,SP3,FALSE,TRUE,4,5187,5188
mol2662,COc1ccc2c3c1O[C@H]1CCC[C@H]4[C@@H]([C@@H]2O)[NH+](C)CC[C@]314,COc1ccc2c3c1O[C@H]1CCC[C@H]4[C@@H]([C@@H]2O)N(C)CC[C@]314,"9,410",1,N,1,0,1,0,SP3,FALSE,TRUE,4,5189,5190
mol2663,COc1ccc2c3c1O[C@H]1CCC[C@H]4[C@@H]([C@H]2O)[NH+](C)CC[C@]314,COc1ccc2c3c1O[C@H]1CCC[C@H]4[C@@H]([C@H]2O)N(C)CC[C@]314,"7,710",1,N,1,0,1,0,SP3,FALSE,TRUE,4,5191,5192
mol2664,COc1ccc2c3c1O[C@H]1CCC[C@H]4[C@H]([NH2+]CC[C@]314)[C@@H]2O,COc1ccc2c3c1O[C@H]1CCC[C@H]4[C@H](NCC[C@]314)[C@@H]2O,"9,170",13,N,1,0,2,1,SP3,FALSE,TRUE,4,5193,5194
mol2665,COc1ccc2c3c1O[C@H]1CCC[C@H]4[C@H]([NH2+]CC[C@]314)[C@H]2O,COc1ccc2c3c1O[C@H]1CCC[C@H]4[C@H](NCC[C@]314)[C@H]2O,"8,720",13,N,1,0,2,1,SP3,FALSE,TRUE,4,5195,5196
mol2666,COc1ccc2c3c1O[C@H]1C[C@@H](O)C=C[C@@]31CC[NH+](C)C2,COc1ccc2c3c1O[C@H]1C[C@@H](O)C=C[C@@]31CCN(C)C2,"8,320",1,N,1,0,1,0,SP3,FALSE,TRUE,4,5197,5198
mol2667,COc1ccc2c3c1O[C@H]1[C@@H](O)C=C[C@H]4[C@@H](C2)[NH+](CCC#N)CC[C@@]341,COc1ccc2c3c1O[C@H]1[C@@H](O)C=C[C@H]4[C@@H](C2)N(CCC#N)CC[C@@]341,"5,680",13,N,1,0,1,0,SP3,FALSE,TRUE,4,5199,5200
mol2668,COc1ccc2c3c1O[C@H]1[C@@H](O)C=C[C@H]4[C@@H](C2)[NH+](C)CC[C@@]341,COc1ccc2c3c1O[C@H]1[C@@H](O)C=C[C@H]4[C@@H](C2)N(C)CC[C@@]341,"8,162",1,N,1,0,1,0,SP3,FALSE,TRUE,4,5201,5202
mol2669,COc1ccc2c3c1O[C@H]1[C@@H](O)C=C[C@H]4[C@@H](C2)[NH2+]CC[C@@]341,COc1ccc2c3c1O[C@H]1[C@@H](O)C=C[C@H]4[C@@H](C2)NCC[C@@]341,"9,230",13,N,1,0,2,1,SP3,FALSE,TRUE,4,5203,5204
mol2670,COc1ccc2c3c1O[C@H]1[C@@H](O)C=C[C@H]4[C@@H]([C@H]2O)[NH+](C)CC[C@@]341,COc1ccc2c3c1O[C@H]1[C@@H](O)C=C[C@H]4[C@@H]([C@H]2O)N(C)CC[C@@]341,"7,120",1,N,1,0,1,0,SP3,FALSE,TRUE,4,5206,5205
mol2671,COc1ccc2c3c1O[C@H]1[C@@H](O)CC[C@H]4[C@@H](C2)[NH+](C)CC[C@@]341,COc1ccc2c3c1O[C@H]1[C@@H](O)CC[C@H]4[C@@H](C2)N(C)CC[C@@]341,"8,710",1,N,1,0,1,0,SP3,FALSE,TRUE,4,5207,5208
mol2672,COc1ccc2cc(C(C)C(=O)O)ccc2c1,COc1ccc2cc(C(C)C(=O)[O-])ccc2c1,"4,570",16,O,0,-1,1,0,SP2,FALSE,FALSE,2,5209,5210
mol2673,COc1ccc2cc(O)ccc2c1,COc1ccc2cc([O-])ccc2c1,"9,640",12,O,0,-1,1,0,SP2,FALSE,FALSE,2,5211,5212
mol2674,COc1ccc2cc([C@@H](C)C(=O)O)ccc2c1,COc1ccc2cc([C@@H](C)C(=O)[O-])ccc2c1,"4,130",16,O,0,-1,1,0,SP2,FALSE,FALSE,2,5213,5214
mol2675,COc1ccc2cc([C@H](C)C(=O)O)ccc2c1,COc1ccc2cc([C@H](C)C(=O)[O-])ccc2c1,"4,171",16,O,0,-1,1,0,SP2,FALSE,FALSE,2,5215,5216
mol2676,COc1ccc2cc3[n+](cc2c1[OH2+])CCc1cc2c(cc1-3)OCO2,COc1ccc2cc3[n+](cc2c1O)CCc1cc2c(cc1-3)OCO2,"5,000",12,O,1,0,2,1,SP2,FALSE,FALSE,3,5217,5218
mol2677,COc1ccc2cc3[n+](cc2c1OC)CCc1cc(O)c(O)cc1-3,COc1ccc2cc3[n+](cc2c1OC)CCc1cc([O-])c(O)cc1-3,"9,400",22,O,0,-1,1,0,SP2,FALSE,FALSE,2,5219,5220
mol2678,COc1ccc2ccc(S(=O)(=O)N(C)[C@H]3CCN(Cc4ccc5[nH+]cnc(N)c5c4)C3=O)cc2c1,COc1ccc2ccc(S(=O)(=O)N(C)[C@H]3CCN(Cc4ccc5ncnc(N)c5c4)C3=O)cc2c1,"5,300",18,N,1,0,1,0,SP2,TRUE,TRUE,4,5221,5222
mol2679,COc1ccc2[nH+]c3ccccc3cc2c1,COc1ccc2nc3ccccc3cc2c1,"3,820",15,N,1,0,1,0,SP2,TRUE,TRUE,4,5223,5224
mol2680,COc1ccc2[nH+]cccc2c1,COc1ccc2ncccc2c1,"5,050",11,N,1,0,1,0,SP2,TRUE,TRUE,4,5225,5226
mol2681,COc1cccc(-c2cccc(C3(C)CCSC(N)=[NH+]3)c2)c1,COc1cccc(-c2cccc(C3(C)CCSC(N)=N3)c2)c1,"7,000",6,N,1,0,1,0,SP2,FALSE,TRUE,4,5228,5227
mol2682,COc1cccc(-c2cccc(C3(C)COCC(N)=[NH+]3)c2)c1,COc1cccc(-c2cccc(C3(C)COCC(N)=N3)c2)c1,"9,800",6,N,1,0,1,0,SP2,FALSE,TRUE,4,5229,5230
mol2683,COc1cccc(-c2cccc(C3(C)CSCC(N)=[NH+]3)c2)c1,COc1cccc(-c2cccc(C3(C)CSCC(N)=N3)c2)c1,"10,500",6,N,1,0,1,0,SP2,FALSE,TRUE,4,5231,5232
mol2684,COc1cccc(-c2cccc(C3(C)N=C(C)C(N)=[NH+]3)c2)c1,COc1cccc(-c2cccc(C3(C)N=C(C)C(N)=N3)c2)c1,"6,500",4,N,1,0,1,0,SP2,FALSE,TRUE,4,5234,5233
mol2685,COc1cccc(-c2cccc(C3(C)[NH+]=C(N)CCO3)c2)c1,COc1cccc(-c2cccc(C3(C)N=C(N)CCO3)c2)c1,"9,300",2,N,1,0,1,0,SP2,FALSE,TRUE,4,5235,5236
mol2686,COc1cccc(-c2cccc(C3(C)[NH+]=C(N)CCS3)c2)c1,COc1cccc(-c2cccc(C3(C)N=C(N)CCS3)c2)c1,"9,300",2,N,1,0,1,0,SP2,FALSE,TRUE,4,5237,5238
mol2687,COc1cccc(-c2cccc(C3(C)[NH+]=C(N)CN3C(C)=O)c2)c1,COc1cccc(-c2cccc(C3(C)N=C(N)CN3C(C)=O)c2)c1,"6,500",6,N,1,0,1,0,SP2,FALSE,TRUE,4,5240,5239
mol2688,COc1cccc(-c2cccc(C3(C)[NH+]=C(N)CS3)c2)c1,COc1cccc(-c2cccc(C3(C)N=C(N)CS3)c2)c1,"6,900",2,N,1,0,1,0,SP2,FALSE,TRUE,4,5242,5241
mol2689,COc1cccc(-c2cccc(C3(C4CCN(C(C)=O)CC4)N=C(C)C(N)=[NH+]3)c2)c1,COc1cccc(-c2cccc(C3(C4CCN(C(C)=O)CC4)N=C(C)C(N)=N3)c2)c1,"5,700",4,N,1,0,1,0,SP2,FALSE,TRUE,4,5244,5243
mol2690,COc1cccc(-c2cccc(C3(C4CCOCC4)N=C(C)C(N)=[NH+]3)c2)c1,COc1cccc(-c2cccc(C3(C4CCOCC4)N=C(C)C(N)=N3)c2)c1,"6,000",4,N,1,0,1,0,SP2,FALSE,TRUE,4,5246,5245
mol2691,COc1cccc(-c2cn(Cc3c(F)cccc3C(F)(F)F)c(=O)n(C[C@H]([NH2+]CCCC(N)=O)c3ccccc3)c2=O)c1F,COc1cccc(-c2cn(Cc3c(F)cccc3C(F)(F)F)c(=O)n(C[C@H](NCCCC(N)=O)c3ccccc3)c2=O)c1F,"7,650",25,N,1,0,2,1,SP3,FALSE,FALSE,4,5247,5248
mol2692,COc1cccc(-c2nn[nH]n2)c1,COc1cccc(-c2nn[n-]n2)c1,"3,910",10,N,0,-1,1,0,SP2,TRUE,TRUE,3,5249,5250
mol2693,COc1cccc(-n2cc3nc(-c4ccccc4C)n(CC4CCC[NH+](C(C)C)C4)c(=O)c3n2)c1,COc1cccc(-n2cc3nc(-c4ccccc4C)n(CC4CCCN(C(C)C)C4)c(=O)c3n2)c1,"10,000",22,N,1,0,1,0,SP3,FALSE,TRUE,4,5251,5252
mol2694,COc1cccc(/C=C/C(=O)O)c1,COc1cccc(/C=C/C(=O)[O-])c1,"4,380",12,O,0,-1,1,0,SP2,FALSE,FALSE,2,5253,5254
mol2695,COc1cccc(/[NH+]=C/N(C)C)c1,COc1cccc(/N=C/N(C)C)c1,"8,600",4,N,1,0,1,0,SP2,FALSE,FALSE,4,5255,5256
mol2696,COc1cccc(=O)[nH]1,COc1cccc(=O)[n-]1,"9,770",8,N,0,-1,1,0,SP2,TRUE,TRUE,3,5257,5258
mol2697,COc1cccc(C(=[NH2+])c2ccccc2)c1,COc1cccc(C(=N)c2ccccc2)c1,"6,590",9,N,1,0,2,1,SP2,FALSE,FALSE,4,5259,5260
mol2698,COc1cccc(C(=O)CC[NH+]2CCOCC2)c1,COc1cccc(C(=O)CCN2CCOCC2)c1,"7,100",12,N,1,0,1,0,SP3,FALSE,TRUE,4,5262,5261
mol2699,COc1cccc(C(=O)NC2CC3CCC(C2)[NH+]3Cc2ccccc2)c1OC,COc1cccc(C(=O)NC2CC3CCC(C2)N3Cc2ccccc2)c1OC,"8,910",20,N,1,0,1,0,SP3,FALSE,TRUE,4,5263,5264
mol2700,COc1cccc(C(=O)NCC[NH+]2CCN(c3ccc(C#N)cc3)CC2)c1,COc1cccc(C(=O)NCCN2CCN(c3ccc(C#N)cc3)CC2)c1,"6,410",13,N,1,0,1,0,SP3,FALSE,TRUE,4,5266,5265
mol2701,COc1cccc(C(=O)NCC[NH+]2CCN(c3ccc(C)cc3)CC2)c1,COc1cccc(C(=O)NCCN2CCN(c3ccc(C)cc3)CC2)c1,"6,460",10,N,1,0,1,0,SP3,FALSE,TRUE,4,5268,5267
mol2702,COc1cccc(C(=O)NCC[NH+]2CCN(c3ccc(Cl)cc3)CC2)c1,COc1cccc(C(=O)NCCN2CCN(c3ccc(Cl)cc3)CC2)c1,"6,190",13,N,1,0,1,0,SP3,FALSE,TRUE,4,5270,5269
mol2703,COc1cccc(C(=O)NCC[NH+]2CCN(c3ncccc3C#N)CC2)c1,COc1cccc(C(=O)NCCN2CCN(c3ncccc3C#N)CC2)c1,"6,710",13,N,1,0,1,0,SP3,FALSE,TRUE,4,5272,5271
mol2704,COc1cccc(C(=O)NCC[NH+]2CCN(c3noc4ccccc34)CC2)c1,COc1cccc(C(=O)NCCN2CCN(c3noc4ccccc34)CC2)c1,"6,240",13,N,1,0,1,0,SP3,FALSE,TRUE,4,5274,5273
mol2705,COc1cccc(C(=O)N[C@H]2C[C@H]3CC[C@@H](C2)[NH+]3Cc2ccccc2)c1OC,COc1cccc(C(=O)N[C@H]2C[C@H]3CC[C@@H](C2)N3Cc2ccccc2)c1OC,"8,910",20,N,1,0,1,0,SP3,FALSE,TRUE,4,5275,5276
mol2706,COc1cccc(C(=O)O)c1,COc1cccc(C(=O)[O-])c1,"4,060",10,O,0,-1,1,0,SP2,FALSE,FALSE,2,5277,5278
mol2707,COc1cccc(C(=O)O)c1C,COc1cccc(C(=O)[O-])c1C,"3,720",11,O,0,-1,1,0,SP2,FALSE,FALSE,2,5279,5280
mol2708,COc1cccc(C)c1C(=O)O,COc1cccc(C)c1C(=O)[O-],"3,460",9,O,0,-1,1,0,SP2,FALSE,FALSE,2,5281,5282
mol2709,COc1cccc(C2(O)CCCCC2C[NH+](C)C)c1,COc1cccc(C2(O)CCCCC2CN(C)C)c1,"9,023",1,N,1,0,1,0,SP3,FALSE,FALSE,4,5283,5284
mol2710,COc1cccc(C2[NH2+]CCS2)c1,COc1cccc(C2NCCS2)c1,"5,120",9,N,1,0,2,1,SP3,FALSE,TRUE,4,5286,5285
mol2711,COc1cccc(C=O)c1O,COc1cccc(C=O)c1[O-],"7,910",8,O,0,-1,1,0,SP2,FALSE,FALSE,2,5287,5288
mol2712,COc1cccc(CC2CCC[NH2+]C2)c1,COc1cccc(CC2CCCNC2)c1,"9,900",13,N,1,0,2,1,SP3,FALSE,TRUE,4,5289,5290
mol2713,COc1cccc(CCC(=O)O)c1,COc1cccc(CCC(=O)[O-])c1,"4,650",12,O,0,-1,1,0,SP2,FALSE,FALSE,2,5291,5292
mol2714,COc1cccc(C[NH3+])c1OC,COc1cccc(CN)c1OC,"9,410",11,N,1,0,3,2,SP3,FALSE,FALSE,4,5293,5294
mol2715,COc1cccc([NH3+])c1,COc1cccc(N)c1,"4,230",8,N,1,0,3,2,SP3,FALSE,FALSE,4,5295,5296
mol2716,COc1cccc(N2CC[NH+](CCCCNC(=O)c3ccc4nonc4c3)CC2)c1,COc1cccc(N2CCN(CCCCNC(=O)c3ccc4nonc4c3)CC2)c1,"7,440",11,N,1,0,1,0,SP3,FALSE,TRUE,4,5297,5298
mol2717,COc1cccc(NS(=O)(=O)c2ccccc2)c1,COc1cccc([N-]S(=O)(=O)c2ccccc2)c1,"7,950",8,N,0,-1,1,0,SP2,FALSE,FALSE,3,5299,5300
mol2718,COc1cccc(Nc2c3ccccc3[nH+]c3ccccc23)c1,COc1cccc(Nc2c3ccccc3nc3ccccc23)c1,"7,210",16,N,1,0,1,0,SP2,TRUE,TRUE,4,5301,5302
mol2719,COc1cccc(Nc2cc(C(C)C)c(C(=O)NCC3CCOCC3)c[nH+]2)c1,COc1cccc(Nc2cc(C(C)C)c(C(=O)NCC3CCOCC3)cn2)c1,"6,020",6,N,1,0,1,0,SP2,TRUE,TRUE,4,5303,5304
mol2720,COc1cccc(O)c1,COc1cccc([O-])c1,"9,510",8,O,0,-1,1,0,SP2,FALSE,FALSE,2,5305,5306
mol2721,COc1cccc(O)c1O,COc1cccc([O-])c1O,"9,280",9,O,0,-1,1,0,SP2,FALSE,FALSE,2,5307,5308
mol2722,COc1cccc(OC)c1O,COc1cccc(OC)c1[O-],"10,090",8,O,0,-1,1,0,SP2,FALSE,FALSE,2,5309,5310
mol2723,COc1cccc(S(=O)(=O)[NH2+]C(=O)c2cc(-c3ccc(C#CCO)s3)c(Cl)cc2OC)c1,COc1cccc(S(=O)(=O)NC(=O)c2cc(-c3ccc(C#CCO)s3)c(Cl)cc2OC)c1,"3,800",11,N,1,0,2,1,SP3,FALSE,FALSE,4,5311,5312
mol2724,COc1cccc(S(=O)(=O)[NH2+]C(=O)c2cc(-c3ccc(C#CCO)s3)c(OC)cc2OC)c1,COc1cccc(S(=O)(=O)NC(=O)c2cc(-c3ccc(C#CCO)s3)c(OC)cc2OC)c1,"4,700",11,N,1,0,2,1,SP3,FALSE,FALSE,4,5313,5314
mol2725,COc1cccc(S(N)(=O)=O)c1,COc1cccc(S([NH-])(=O)=O)c1,"9,390",11,N,0,-1,2,1,SP3,FALSE,FALSE,3,5315,5316
mol2726,COc1cccc([C@@]2(O)CCCC[C@@H]2C[NH+](C)C)c1,COc1cccc([C@@]2(O)CCCC[C@@H]2CN(C)C)c1,"9,850",1,N,1,0,1,0,SP3,FALSE,FALSE,4,5317,5318
mol2727,COc1cccc(O)c(=O)c1,COc1cccc([O-])c(=O)c1,"7,240",10,O,0,-1,1,0,SP2,FALSE,FALSE,2,5319,5320
mol2728,COc1cccc(S)c1,COc1cccc([S-])c1,"6,390",8,S,0,-1,1,0,SP3,FALSE,FALSE,2,5321,5322
mol2729,COc1cccc2c1-c1c(O)cccc1-2,COc1cccc2c1-c1c([O-])cccc1-2,"9,150",14,O,0,-1,1,0,SP2,FALSE,FALSE,2,5323,5324
mol2730,COc1cccc2c1CN(C1CC3CCC(C1)[NH+]3Cc1ccccc1)C2=O,COc1cccc2c1CN(C1CC3CCC(C1)N3Cc1ccccc1)C2=O,"8,680",19,N,1,0,1,0,SP3,FALSE,TRUE,4,5325,5326
mol2731,COc1cccc2c1NC(=[NH+]CC(F)F)NC2C,COc1cccc2c1NC(=NCC(F)F)NC2C,"10,200",10,N,1,0,1,0,SP2,FALSE,FALSE,4,5327,5328
mol2732,COc1cccc2c1[C@H](Oc1cc(C(=O)N(C)C)cn3c(C)c(C)[nH+]c13)[C@@H](O)C2,COc1cccc2c1[C@H](Oc1cc(C(=O)N(C)C)cn3c(C)c(C)nc13)[C@@H](O)C2,"6,270",9,N,1,0,1,0,SP2,TRUE,TRUE,4,5329,5330
mol2733,COc1cccc2c1c([NH2+]S(=O)(=O)c1ccc(C)c(F)c1)nn2Cc1cccc(CNC(=O)C(C)(C)O)c1,COc1cccc2c1c(NS(=O)(=O)c1ccc(C)c(F)c1)nn2Cc1cccc(CNC(=O)C(C)(C)O)c1,"7,260",11,N,1,0,2,1,SP3,FALSE,FALSE,4,5331,5332
mol2734,COc1cccc2c1c([NH2+]S(=O)(=O)c1ccc(Cl)c(Cl)c1)nn2Cc1cccc(CNC(=O)C(C)(C)O)c1,COc1cccc2c1c(NS(=O)(=O)c1ccc(Cl)c(Cl)c1)nn2Cc1cccc(CNC(=O)C(C)(C)O)c1,"6,760",23,N,1,0,2,1,SP3,FALSE,FALSE,4,5333,5334
mol2735,COc1cccc2c1c([NH2+]S(=O)(=O)c1ccc(Cl)s1)nn2Cc1cccc(CNC(=O)C(C)(C)O)c1,COc1cccc2c1c(NS(=O)(=O)c1ccc(Cl)s1)nn2Cc1cccc(CNC(=O)C(C)(C)O)c1,"6,540",23,N,1,0,2,1,SP3,FALSE,FALSE,4,5335,5336
mol2736,COc1cccc2c1c([NH2+]S(=O)(=O)c1ccc(Cl)s1)nn2Cc1cccc(CNC(C)=O)c1,COc1cccc2c1c(NS(=O)(=O)c1ccc(Cl)s1)nn2Cc1cccc(CNC(C)=O)c1,"6,600",21,N,1,0,2,1,SP3,FALSE,FALSE,4,5337,5338
mol2737,COc1cccc2c1c([NH2+]S(=O)(=O)c1cccc(Cl)c1)nn2Cc1cccc(CNC(=O)C(C)(C)O)c1,COc1cccc2c1c(NS(=O)(=O)c1cccc(Cl)c1)nn2Cc1cccc(CNC(=O)C(C)(C)O)c1,"7,060",23,N,1,0,2,1,SP3,FALSE,FALSE,4,5339,5340
mol2738,COc1cccc2c1c([NH2+]S(=O)(=O)c1cccc(Cl)c1Cl)nn2Cc1cccc(CNC(=O)C(C)(C)O)c1,COc1cccc2c1c(NS(=O)(=O)c1cccc(Cl)c1Cl)nn2Cc1cccc(CNC(=O)C(C)(C)O)c1,"6,820",23,N,1,0,2,1,SP3,FALSE,FALSE,4,5341,5342
mol2739,COc1cccc2c1[nH+]c(C)c1ccn(-c3ccccc3C)c12,COc1cccc2c1nc(C)c1ccn(-c3ccccc3C)c12,"7,400",18,N,1,0,1,0,SP2,TRUE,TRUE,4,5343,5344
mol2740,COc1cccc2c3c(c(C)[nH+]c12)CCN3c1ccccc1C,COc1cccc2c3c(c(C)nc12)CCN3c1ccccc1C,"9,500",18,N,1,0,1,0,SP2,TRUE,TRUE,4,5345,5346
mol2741,COc1cccc2ccc(C)[nH+]c12,COc1cccc2ccc(C)nc12,"5,690",10,N,1,0,1,0,SP2,TRUE,TRUE,4,5347,5348
mol2742,COc1cccc2ccc[nH+]c12,COc1cccc2cccnc12,"4,880",8,N,1,0,1,0,SP2,TRUE,TRUE,4,5349,5350
mol2744,COc1ccccc1-c1ccccc1O,COc1ccccc1-c1ccccc1[O-],"10,400",14,O,0,-1,1,0,SP2,FALSE,FALSE,2,5351,5352
mol2745,COc1ccccc1-c1cn[nH]n1,COc1ccccc1-c1cn[n-]n1,"8,990",11,N,0,-1,1,0,SP2,TRUE,TRUE,3,5353,5354
mol2746,COc1ccccc1-c1nn[nH]n1,COc1ccccc1-c1nn[n-]n1,"4,800",10,N,0,-1,1,0,SP2,TRUE,TRUE,3,5355,5356
mol2747,COc1ccccc1/C=C/C(=O)O,COc1ccccc1/C=C/C(=O)[O-],"4,570",12,O,0,-1,1,0,SP2,FALSE,FALSE,2,5357,5358
mol2748,COc1ccccc1/C=C\C(=O)O,COc1ccccc1/C=C\C(=O)[O-],"4,270",12,O,0,-1,1,0,SP2,FALSE,FALSE,2,5359,5360
mol2749,COc1ccccc1/[NH+]=C/N(C)C,COc1ccccc1/N=C/N(C)C,"8,110",4,N,1,0,1,0,SP2,FALSE,FALSE,4,5361,5362
mol2750,COc1ccccc1C(=[NH2+])c1ccccc1,COc1ccccc1C(=N)c1ccccc1,"7,290",9,N,1,0,2,1,SP2,FALSE,FALSE,4,5363,5364
mol2751,COc1ccccc1C(=O)NO,COc1ccccc1C(=O)N[O-],"8,900",11,O,0,-1,1,0,SP3,FALSE,FALSE,2,5365,5366
mol2752,COc1ccccc1C(=O)N[C@@H]1CCC[C@@H]2CC[NH+](C)C[C@@H]21,COc1ccccc1C(=O)N[C@@H]1CCC[C@@H]2CCN(C)C[C@@H]21,"9,110",1,N,1,0,1,0,SP3,FALSE,TRUE,4,5367,5368
mol2753,COc1ccccc1C(=O)N[C@@H]1CCC[C@@H]2CC[NH+](C)C[C@H]21,COc1ccccc1C(=O)N[C@@H]1CCC[C@@H]2CCN(C)C[C@H]21,"8,810",1,N,1,0,1,0,SP3,FALSE,TRUE,4,5369,5370
mol2754,COc1ccccc1C(=O)N[C@@H]1C[C@H]2CC[C@@H](C1)[NH+]2Cc1ccccc1,COc1ccccc1C(=O)N[C@@H]1C[C@H]2CC[C@@H](C1)N2Cc1ccccc1,"8,880",18,N,1,0,1,0,SP3,FALSE,TRUE,4,5371,5372
mol2755,COc1ccccc1C(=O)O,COc1ccccc1C(=O)[O-],"4,050",10,O,0,-1,1,0,SP2,FALSE,FALSE,2,5373,5374
mol2756,COc1ccccc1CCC(=O)O,COc1ccccc1CCC(=O)[O-],"4,800",12,O,0,-1,1,0,SP2,FALSE,FALSE,2,5375,5376
mol2757,COc1ccccc1[NH3+],COc1ccccc1N,"4,510",8,N,1,0,3,2,SP3,FALSE,FALSE,4,5377,5378
mol2758,COc1ccccc1N1CC[NH+](CCCCNC(=O)c2ccc3nonc3c2)CC1,COc1ccccc1N1CCN(CCCCNC(=O)c2ccc3nonc3c2)CC1,"7,780",11,N,1,0,1,0,SP3,FALSE,TRUE,4,5379,5380
mol2759,COc1ccccc1N1CC[NH+](CCCNC(=O)c2ccc3nonc3c2)CC1,COc1ccccc1N1CCN(CCCNC(=O)c2ccc3nonc3c2)CC1,"7,430",11,N,1,0,1,0,SP3,FALSE,TRUE,4,5381,5382
mol2760,COc1ccccc1N1CC[NH+](CCCNc2cc(=O)n(C)c(=O)n2C)CC1,COc1ccccc1N1CCN(CCCNc2cc(=O)n(C)c(=O)n2C)CC1,"7,100",14,N,1,0,1,0,SP3,FALSE,TRUE,4,5384,5383
mol2761,COc1ccccc1N1CC[NH+](CCCn2c(-c3ccccc3)cn3c4c(=O)n(C)c(=O)n(C)c4nc23)CC1,COc1ccccc1N1CCN(CCCn2c(-c3ccccc3)cn3c4c(=O)n(C)c(=O)n(C)c4nc23)CC1,"8,440",19,N,1,0,1,0,SP3,FALSE,TRUE,4,5385,5386
mol2762,COc1ccccc1N1CC[NH+](CCCn2c(C)cn3c4c(=O)n(C)c(=O)n(C)c4nc23)CC1,COc1ccccc1N1CCN(CCCn2c(C)cn3c4c(=O)n(C)c(=O)n(C)c4nc23)CC1,"7,610",12,N,1,0,1,0,SP3,FALSE,TRUE,4,5387,5388
mol2763,COc1ccccc1N1CC[NH+](CCCn2ccn3c4c(=O)n(C)c(=O)n(C)c4nc23)CC1,COc1ccccc1N1CCN(CCCn2ccn3c4c(=O)n(C)c(=O)n(C)c4nc23)CC1,"8,190",19,N,1,0,1,0,SP3,FALSE,TRUE,4,5389,5390
mol2764,COc1ccccc1NC(=O)C1=C([OH2+])C(=O)N(C)C1,COc1ccccc1NC(=O)C1=C(O)C(=O)N(C)C1,"6,080",7,O,1,0,2,1,SP2,FALSE,FALSE,3,5391,5392
mol2766,COc1ccccc1O,COc1ccccc1[O-],"9,800",8,O,0,-1,1,0,SP2,FALSE,FALSE,2,5393,5394
mol2768,COc1ccccc1OCC[NH2+]CC(O)COc1cccc2[nH]c3ccccc3c12,COc1ccccc1OCCNCC(O)COc1cccc2[nH]c3ccccc3c12,"8,635",11,N,1,0,2,1,SP3,FALSE,FALSE,4,5395,5396
mol2769,COc1ccccc1Oc1c(NS(=O)(=O)c2ccc(C(C)(C)C)cc2)nc(-c2ncccn2)nc1OCCO,COc1ccccc1Oc1c([N-]S(=O)(=O)c2ccc(C(C)(C)C)cc2)nc(-c2ncccn2)nc1OCCO,"8,360",13,N,0,-1,1,0,SP2,FALSE,FALSE,3,5397,5398
mol2770,COc1cccc[nH+]1,COc1ccccn1,"3,200",7,N,1,0,1,0,SP2,TRUE,TRUE,4,5399,5400
mol2771,COc1ccc[nH+]c1,COc1cccnc1,"4,890",6,N,1,0,1,0,SP2,TRUE,TRUE,4,5401,5402
mol2772,COc1ccnc2c1ccc1c(OC)cc[nH+]c12,COc1ccnc2c1ccc1c(OC)ccnc12,"6,450",12,N,1,0,1,0,SP2,TRUE,TRUE,4,5403,5404
mol2773,COc1cc[nH+]c2ccccc12,COc1ccnc2ccccc12,"6,450",5,N,1,0,1,0,SP2,TRUE,TRUE,4,5405,5406
mol2774,COc1cc[nH+]cc1,COc1ccncc1,"6,650",5,N,1,0,1,0,SP2,TRUE,TRUE,4,5407,5408
mol2775,COc1cc[nH+]cn1,COc1ccncn1,"2,500",5,N,1,0,1,0,SP2,TRUE,TRUE,4,5409,5410
mol2776,COc1cc[nH+]nc1,COc1ccnnc1,"3,700",5,N,1,0,1,0,SP2,TRUE,TRUE,4,5411,5412
mol2777,COc1cnc(C(=O)Nc2ccc(F)c([C@@]3(C)[NH+]=C(N)CO[C@@H]3F)c2)cn1,COc1cnc(C(=O)Nc2ccc(F)c([C@@]3(C)N=C(N)CO[C@@H]3F)c2)cn1,"7,800",6,N,1,0,1,0,SP2,FALSE,TRUE,4,5413,5414
mol2778,COc1cnc(C(=O)Nc2ccc(F)c([C@@]3(C)[NH+]=C(N)CO[C@H]3F)c2)cn1,COc1cnc(C(=O)Nc2ccc(F)c([C@@]3(C)N=C(N)CO[C@H]3F)c2)cn1,"7,600",6,N,1,0,1,0,SP2,FALSE,TRUE,4,5415,5416
mol2779,COc1cnc(C(=O)Nc2ccc(F)c([C@@]3(C4CC4)[NH+]=C(N)CO[C@@H]3F)c2)cn1,COc1cnc(C(=O)Nc2ccc(F)c([C@@]3(C4CC4)N=C(N)CO[C@@H]3F)c2)cn1,"7,800",22,N,1,0,1,0,SP2,FALSE,TRUE,4,5417,5418
mol2780,COc1cnc(C(=O)Nc2ccc(F)c([C@]3(C)COCC(N)=[NH+]3)c2)cn1,COc1cnc(C(=O)Nc2ccc(F)c([C@]3(C)COCC(N)=N3)c2)cn1,"9,000",6,N,1,0,1,0,SP2,FALSE,TRUE,4,5419,5420
mol2781,COc1c[nH+]c(N)s1,COc1cnc(N)s1,"4,980",4,N,1,0,1,0,SP2,TRUE,TRUE,4,5421,5422
mol2782,COc1c[nH+]ccc1C=O,COc1cnccc1C=O,"4,450",4,N,1,0,1,0,SP2,TRUE,TRUE,4,5423,5424
mol2783,COc1cn[nH+]c2ccccc12,COc1cnnc2ccccc12,"3,210",5,N,1,0,1,0,SP2,TRUE,TRUE,4,5425,5426
mol2784,COc1csc(C(=O)O)c1,COc1csc(C(=O)[O-])c1,"3,410",9,O,0,-1,1,0,SP2,FALSE,FALSE,2,5427,5428
mol2785,COc1nc(-n2[nH]c(C)cc2=O)nc(C)c1C,COc1nc(-n2[n-]c(C)cc2=O)nc(C)c1C,"7,640",6,N,0,-1,1,0,SP2,TRUE,TRUE,3,5429,5430
mol2786,COc1[nH+]c(C)c(Nc2nc(Cl)cn([C@H](C)C3CC3)c2=O)cc1C,COc1nc(C)c(Nc2nc(Cl)cn([C@H](C)C3CC3)c2=O)cc1C,"3,600",5,N,1,0,1,0,SP2,TRUE,TRUE,4,5431,5432
mol2787,COc1nc(C)cc(=O)[nH]1,COc1nc(C)cc(=O)[n-]1,"8,400",5,N,0,-1,1,0,SP2,TRUE,TRUE,3,5433,5434
mol2788,COc1nc(Cc2ccccc2)nc2c1CC[NH2+]CC2,COc1nc(Cc2ccccc2)nc2c1CCNCC2,"8,900",17,N,1,0,2,1,SP3,FALSE,TRUE,4,5435,5436
mol2789,COc1nc(N)c2[nH]cnc2n1,COc1nc(N)c2[n-]cnc2n1,"10,000",10,N,0,-1,1,0,SP2,TRUE,TRUE,3,5437,5438
mol2790,COc1nc2c(ncn2[C@H]2O[C@@H](CO)[C@H](O)[C@@H]2O)c(N)[nH+]1,COc1nc(N)c2ncn([C@H]3O[C@@H](CO)[C@H](O)[C@@H]3O)c2n1,"3,200",3,N,1,0,1,0,SP2,TRUE,TRUE,4,5439,5440
mol2791,COc1[nH+]c2ccccc2c2ccccc12,COc1nc2ccccc2c2ccccc12,"2,380",15,N,1,0,1,0,SP2,TRUE,TRUE,4,5441,5442
mol2792,COC1=Nc2ncncc2[NH2+]1,COc1nc2ncncc2[nH]1,"5,435",3,N,1,0,2,1,SP3,FALSE,TRUE,4,5443,5444
mol2793,COc1[nH+]ccc2ccccc12,COc1nccc2ccccc12,"3,050",11,N,1,0,1,0,SP2,TRUE,TRUE,4,5445,5446
mol2794,COc1nc[nH+]c2ccccc12,COc1ncnc2ccccc12,"3,130",9,N,1,0,1,0,SP2,TRUE,TRUE,4,5447,5448
mol2795,COc1ncnc2nc[nH]c12,COc1ncnc2nc[n-]c12,"9,160",7,N,0,-1,1,0,SP2,TRUE,TRUE,3,5449,5450
mol2796,COc1noc2c1CC[NH2+]C2,COc1noc2c1CCNC2,"7,100",8,N,1,0,2,1,SP3,FALSE,TRUE,4,5452,5451
mol2797,COc1noc2c1C[NH+](C)CC2,COc1noc2c1CN(C)CC2,"6,600",1,N,1,0,1,0,SP3,FALSE,TRUE,4,5454,5453
mol2798,COc1noc2c1C[NH+](Cc1ccccc1)CC2,COc1noc2c1CN(Cc1ccccc1)CC2,"6,000",9,N,1,0,1,0,SP3,FALSE,TRUE,4,5456,5455
mol2799,COc1noc2c1C[NH2+]CC2,COc1noc2c1CNCC2,"7,600",9,N,1,0,2,1,SP3,FALSE,TRUE,4,5457,5458
mol2800,CP(C)(=O)O,CP(C)(=O)[O-],"3,080",4,O,0,-1,1,0,SP3,FALSE,FALSE,2,5459,5460
mol2801,CS(=[NH2+])(=O)c1ccc(Cl)cc1,CS(=N)(=O)c1ccc(Cl)cc1,"2,300",2,N,1,0,2,1,SP2,FALSE,FALSE,4,5461,5462
mol2802,CS(=[NH2+])(=O)c1ccccc1,CS(=N)(=O)c1ccccc1,"2,700",2,N,1,0,2,1,SP2,FALSE,FALSE,4,5463,5464
mol2803,CS(=O)(=O)N(Cc1ccccc1-c1ccccc1)[C@H]1CC[NH2+]C1,CS(=O)(=O)N(Cc1ccccc1-c1ccccc1)[C@H]1CCNC1,"8,900",21,N,1,0,2,1,SP3,FALSE,TRUE,4,5465,5466
mol2804,CS(=O)(=O)[NH2+]C(=O)CCCC[P+](c1ccccc1)(c1ccccc1)c1ccccc1,CS(=O)(=O)NC(=O)CCCC[P+](c1ccccc1)(c1ccccc1)c1ccccc1,"5,250",4,N,1,0,2,1,SP3,FALSE,FALSE,4,5467,5468
mol2805,CS(=O)(=O)[NH2+]C(=O)CCc1ccccc1,CS(=O)(=O)NC(=O)CCc1ccccc1,"4,940",4,N,1,0,2,1,SP3,FALSE,FALSE,4,5469,5470
mol2806,CS(=O)(=O)[NH2+]C(=O)NCc1ccccc1,CS(=O)(=O)NC(=O)NCc1ccccc1,"5,040",4,N,1,0,2,1,SP3,FALSE,FALSE,4,5471,5472
mol2807,CS(=O)(=O)[NH2+]C(=O)Nc1ccc(C(F)(F)F)cc1,CS(=O)(=O)NC(=O)Nc1ccc(C(F)(F)F)cc1,"4,200",4,N,1,0,2,1,SP3,FALSE,FALSE,4,5473,5474
mol2808,CS(=O)(=O)[NH2+]C(=O)c1ccc(C(F)(F)F)cc1,CS(=O)(=O)NC(=O)c1ccc(C(F)(F)F)cc1,"3,200",4,N,1,0,2,1,SP3,FALSE,FALSE,4,5475,5476
mol2809,CS(=O)(=O)[NH2+]C(N)=O,CS(=O)(=O)NC(N)=O,"5,100",4,N,1,0,2,1,SP3,FALSE,FALSE,4,5477,5478
mol2810,CS(=O)(=O)Nc1ccc(C(F)(F)F)cc1,CS(=O)(=O)[N-]c1ccc(C(F)(F)F)cc1,"8,000",4,N,0,-1,1,0,SP2,FALSE,FALSE,3,5479,5480
mol2811,CS(=O)(=O)[NH2+]n1c(=O)[nH]c2cc(Cl)ccc2c1=O,CS(=O)(=O)Nn1c(=O)[nH]c2cc(Cl)ccc2c1=O,"6,900",4,N,1,0,2,1,SP3,FALSE,FALSE,4,5481,5482
mol2812,CS(=O)(=O)OCCC[NH2+]CCCOS(C)(=O)=O,CS(=O)(=O)OCCCNCCCOS(C)(=O)=O,"8,770",8,N,1,0,2,1,SP3,FALSE,FALSE,4,5483,5484
mol2813,CS(=O)(=O)c1ccc(-c2c[nH+]c(Br)n2-c2ccc(F)c(F)c2)cc1,CS(=O)(=O)c1ccc(-c2cnc(Br)n2-c2ccc(F)c(F)c2)cc1,"4,050",12,N,1,0,1,0,SP2,TRUE,TRUE,4,5486,5485
mol2814,CS(=O)(=O)c1ccc(COc2cccc(NC(=O)C3CCN(c4cc[nH+]cc4)CC3)c2)cc1,CS(=O)(=O)c1ccc(COc2cccc(NC(=O)C3CCN(c4ccncc4)CC3)c2)cc1,"9,100",30,N,1,0,1,0,SP2,TRUE,TRUE,4,5487,5488
mol2815,CS(=O)(=O)c1ccc([NH2+]S(=O)(=O)C(F)(F)F)cc1,CS(=O)(=O)c1ccc(NS(=O)(=O)C(F)(F)F)cc1,"2,840",10,N,1,0,2,1,SP3,FALSE,FALSE,4,5489,5490
mol2816,CS(=O)(=O)c1ccc(Nc2c3ccccc3[nH+]c3ccccc23)cc1,CS(=O)(=O)c1ccc(Nc2c3ccccc3nc3ccccc23)cc1,"5,810",18,N,1,0,1,0,SP2,TRUE,TRUE,4,5491,5492
mol2817,CS(=O)(=O)c1ccc(S(=O)(=O)NCc2ccccc2)cc1,CS(=O)(=O)c1ccc(S(=O)(=O)[N-]Cc2ccccc2)cc1,"10,250",13,N,0,-1,1,0,SP3,FALSE,FALSE,3,5493,5494
mol2818,CS(=O)(=O)c1ccc([C@@H](CC2CCCC2)C(=O)Nc2cnc([C@H](O)CO)cn2)cc1Cl,CS(=O)(=O)c1ccc([C@@H](CC2CCCC2)C(=O)[N-]c2cnc([C@H](O)CO)cn2)cc1Cl,"11,420",20,N,0,-1,1,0,SP2,FALSE,FALSE,3,5495,5496
mol2820,CS(=O)CC(=O)CN=O,CS(=O)CC(=O)[CH-]N=O,"7,740",6,C,0,-1,2,1,SP3,FALSE,FALSE,4,5497,5498
mol2821,CS(=O)Cc1cccc[nH+]1,CS(=O)Cc1ccccn1,"3,100",9,N,1,0,1,0,SP2,TRUE,TRUE,4,5499,5500
mol2822,CS(=O)O,CS(=O)[O-],"2,350",3,O,0,-1,1,0,SP3,FALSE,FALSE,2,5501,5502
mol2824,CS(=O)c1cccc(O)c1,CS(=O)c1cccc([O-])c1,"8,750",9,O,0,-1,1,0,SP2,FALSE,FALSE,2,5503,5504
mol2825,CSC(=[NH2+])c1ccccc1,CSC(=N)c1ccccc1,"5,840",3,N,1,0,2,1,SP2,FALSE,FALSE,4,5505,5506
mol2826,CSC(=O)C1c2ccccc2-c2ccccc21,CSC(=O)[c-]1c2ccccc2c2ccccc21,"10,510",4,C,0,-1,1,0,SP3,FALSE,TRUE,4,5507,5508
mol2827,CSC(=S)N(C)CC(=O)O,CSC(=S)N(C)CC(=O)[O-],"2,980",5,O,0,-1,1,0,SP2,FALSE,FALSE,2,5509,5510
mol2828,CSC(C)=[NH2+],CSC(C)=N,"6,710",2,N,1,0,2,1,SP2,FALSE,FALSE,4,5511,5512
mol2829,CSC(C)C(=O)O,CSC(C)C(=O)[O-],"3,760",4,O,0,-1,1,0,SP2,FALSE,FALSE,2,5513,5514
mol2830,CSC(N)=[NH+]c1ccccc1,CSC(N)=Nc1ccccc1,"7,140",3,N,1,0,1,0,SP2,FALSE,FALSE,4,5516,5515
mol2831,CSC(N)=[NH2+],CSC(=N)N,"9,830",3,N,1,0,2,1,SP2,FALSE,FALSE,4,5517,5518
mol2832,CSC1[NH+]=CC[NH2+]1,CSC1N=CC[NH2+]1,"5,950",6,N,1,0,1,0,SP2,FALSE,TRUE,4,5519,5520
mol2833,CSCC(=O)CN=O,CSCC(=O)[CH-]N=O,"8,160",5,C,0,-1,2,1,SP3,FALSE,FALSE,4,5521,5522
mol2834,CSCC(=O)O,CSCC(=O)[O-],"3,670",5,O,0,-1,1,0,SP2,FALSE,FALSE,2,5523,5524
mol2835,CSCC[NH3+],CSCCN,"9,410",4,N,1,0,3,2,SP3,FALSE,FALSE,4,5525,5526
mol2836,CSCc1cccc(CSC)[nH+]1,CSCc1cccc(CSC)n1,"4,190",8,N,1,0,1,0,SP2,TRUE,TRUE,4,5527,5528
mol2837,CSCc1cccc[nH+]1,CSCc1ccccn1,"5,400",8,N,1,0,1,0,SP2,TRUE,TRUE,4,5529,5530
mol2838,CSS/C(CCO)=C(/C)N(C=O)Cc1c[nH+]c(C)nc1N,CSS/C(CCO)=C(/C)N(C=O)Cc1cnc(C)nc1N,"5,590",2,N,1,0,1,0,SP2,TRUE,TRUE,4,5531,5532
mol2839,CS[C@H]1CCC[C@@H]1[NH+](C)C,CS[C@H]1CCC[C@@H]1N(C)C,"8,850",1,N,1,0,1,0,SP3,FALSE,FALSE,4,5533,5534
mol2840,CSc1cc(C)[nH+]cn1,CSc1cc(C)ncn1,"3,250",6,N,1,0,1,0,SP2,TRUE,TRUE,4,5535,5536
mol2841,CSc1cc2ccccc2c[nH+]1,CSc1cc2ccccc2cn1,"3,410",11,N,1,0,1,0,SP2,TRUE,TRUE,4,5537,5538
mol2842,CSc1ccc(C(=O)O)cc1,CSc1ccc(C(=O)[O-])cc1,"4,230",10,O,0,-1,1,0,SP2,FALSE,FALSE,2,5539,5540
mol2843,CSc1ccc([NH3+])c(Cl)c1,CSc1ccc(N)c(Cl)c1,"2,560",9,N,1,0,3,2,SP3,FALSE,FALSE,4,5541,5542
mol2844,CSc1ccc([NH3+])c(I)c1,CSc1ccc(N)c(I)c1,"2,450",9,N,1,0,3,2,SP3,FALSE,FALSE,4,5543,5544
mol2845,CSc1ccc([NH3+])cc1,CSc1ccc(N)cc1,"4,400",8,N,1,0,3,2,SP3,FALSE,FALSE,4,5545,5546
mol2846,CSc1ccc([NH3+])cc1Cl,CSc1ccc(N)cc1Cl,"3,380",9,N,1,0,3,2,SP3,FALSE,FALSE,4,5547,5548
mol2847,CSc1ccc([NH3+])cc1I,CSc1ccc(N)cc1I,"3,440",9,N,1,0,3,2,SP3,FALSE,FALSE,4,5549,5550
mol2848,CSc1ccc(O)cc1,CSc1ccc([O-])cc1,"9,500",8,O,0,-1,1,0,SP2,FALSE,FALSE,2,5551,5552
mol2849,CSc1ccc2c(c1)N(CCC1CCCC[NH+]1C)c1ccccc1S2,CSc1ccc2c(c1)N(CCC1CCCCN1C)c1ccccc1S2,"9,350",1,N,1,0,1,0,SP3,FALSE,TRUE,4,5553,5554
mol2850,CSc1ccc2ccccc2[nH+]1,CSc1ccc2ccccc2n1,"3,710",11,N,1,0,1,0,SP2,TRUE,TRUE,4,5555,5556
mol2851,CSc1ccc2[nH+]cccc2c1,CSc1ccc2ncccc2c1,"4,750",11,N,1,0,1,0,SP2,TRUE,TRUE,4,5557,5558
mol2852,CSc1cccc([NH3+])c1,CSc1cccc(N)c1,"4,050",8,N,1,0,3,2,SP3,FALSE,FALSE,4,5559,5560
mol2853,CSc1cccc(O)c1,CSc1cccc([O-])c1,"9,470",8,O,0,-1,1,0,SP2,FALSE,FALSE,2,5561,5562
mol2854,CSc1cccc2[nH+]cccc12,CSc1cccc2ncccc12,"4,500",11,N,1,0,1,0,SP2,TRUE,TRUE,4,5563,5564
mol2855,CSc1ccccc1C(=O)O,CSc1ccccc1C(=O)[O-],"3,890",10,O,0,-1,1,0,SP2,FALSE,FALSE,2,5565,5566
mol2856,CSc1cccc[nH+]1,CSc1ccccn1,"3,620",7,N,1,0,1,0,SP2,TRUE,TRUE,4,5567,5568
mol2857,CSc1ccc[nH+]c1,CSc1cccnc1,"4,450",6,N,1,0,1,0,SP2,TRUE,TRUE,4,5569,5570
mol2858,CSc1cc[nH+]c2ccccc12,CSc1ccnc2ccccc12,"5,810",5,N,1,0,1,0,SP2,TRUE,TRUE,4,5571,5572
mol2859,CSc1cc[nH+]cc1,CSc1ccncc1,"5,970",5,N,1,0,1,0,SP2,TRUE,TRUE,4,5573,5574
mol2860,CSc1c[nH+]c2ccccc2c1,CSc1cnc2ccccc2c1,"3,880",10,N,1,0,1,0,SP2,TRUE,TRUE,4,5575,5576
mol2861,CSc1nc2ncn([C@H]3O[C@H](CO)[C@@H](O)[C@H]3O)c2c(N)[nH+]1,CSc1nc(N)c2c(ncn2[C@H]2O[C@H](CO)[C@@H](O)[C@H]2O)n1,"3,100",3,N,1,0,1,0,SP2,TRUE,TRUE,4,5577,5578
mol2862,CSc1nc2ncncc2[nH]1,CSc1nc2ncncc2[n-]1,"7,670",3,N,0,-1,1,0,SP2,TRUE,TRUE,3,5579,5580
mol2863,CSc1[nH+]ccc2ccccc12,CSc1nccc2ccccc12,"3,930",11,N,1,0,1,0,SP2,TRUE,TRUE,4,5581,5582
mol2864,CSc1[nH+]ccn1C,CSc1nccn1C,"5,950",4,N,1,0,1,0,SP2,TRUE,TRUE,4,5583,5584
mol2865,CSc1ncnc2[nH]ncc12,CSc1ncnc2[n-]ncc12,"9,650",6,N,0,-1,1,0,SP2,TRUE,TRUE,3,5585,5586
mol2866,C[As](C)(=O)O,C[As](C)(=O)[O-],"6,200",4,O,0,-1,1,0,SP3,FALSE,FALSE,2,5587,5588
mol2867,C[C@@H](C(=O)[NH2+]S(C)(=O)=O)c1ccc(OS(=O)(=O)C(F)(F)F)cc1,C[C@@H](C(=O)NS(C)(=O)=O)c1ccc(OS(=O)(=O)C(F)(F)F)cc1,"4,400",18,N,1,0,2,1,SP3,FALSE,FALSE,4,5589,5590
mol2868,C[C@@H](C(=O)O)c1ccc(OS(=O)(=O)C(F)(F)F)cc1,C[C@@H](C(=O)[O-])c1ccc(OS(=O)(=O)C(F)(F)F)cc1,"4,000",18,O,0,-1,1,0,SP2,FALSE,FALSE,2,5591,5592
mol2869,C[C@@H](C=C(c1ccccc1)c1ccccc1)[NH+](C)C,C[C@@H](C=C(c1ccccc1)c1ccccc1)N(C)C,"9,260",16,N,1,0,1,0,SP3,FALSE,FALSE,4,5593,5594
mol2870,C[C@@H](CC(C#N)(c1ccccc1)c1ccccc1)[NH+](C)C,C[C@@H](CC(C#N)(c1ccccc1)c1ccccc1)N(C)C,"8,310",18,N,1,0,1,0,SP3,FALSE,FALSE,4,5595,5596
mol2871,C[C@@H](C[NH3+])c1ccccc1,C[C@@H](CN)c1ccccc1,"9,940",3,N,1,0,3,2,SP3,FALSE,FALSE,4,5597,5598
mol2872,C[C@@H](Cc1ccccc1)[NH+](C)C,C[C@@H](Cc1ccccc1)N(C)C,"9,400",9,N,1,0,1,0,SP3,FALSE,FALSE,4,5599,5600
mol2873,C[C@@H](Nc1[nH+]cnc2c1ncn2[C@@H]1O[C@H](CO)[C@@H](O)[C@H]1O)c1ccccc1,C[C@@H](Nc1ncnc2c1ncn2[C@@H]1O[C@H](CO)[C@@H](O)[C@H]1O)c1ccccc1,"3,300",14,N,1,0,1,0,SP2,TRUE,TRUE,4,5601,5602
mol2874,C[C@@H](O)[C@H](CCC=O)O[C@H]1O[C@H](C)[C@@H]([NH+](C)C)[C@H](O)[C@H]1O,C[C@@H](O)[C@H](CCC=O)O[C@H]1O[C@H](C)[C@@H](N(C)C)[C@H](O)[C@H]1O,"7,000",18,N,1,0,1,0,SP3,FALSE,FALSE,4,5604,5603
mol2875,C[C@@H](Oc1nnc(-c2cc[nH+]cc2)n1C)c1nnc(-c2cccc(Cl)c2)o1,C[C@@H](Oc1nnc(-c2ccncc2)n1C)c1nnc(-c2cccc(Cl)c2)o1,"3,700",24,N,1,0,1,0,SP2,TRUE,TRUE,4,5605,5606
mol2876,C[C@@H](Oc1nnc(-c2cc[nH+]cc2)n1C)c1noc(-c2cccc(Cl)c2)n1,C[C@@H](Oc1nnc(-c2ccncc2)n1C)c1noc(-c2cccc(Cl)c2)n1,"3,400",24,N,1,0,1,0,SP2,TRUE,TRUE,4,5607,5608
mol2877,C[C@@H]([C@H](O)c1ccccc1)[NH+](C)C,C[C@@H]([C@H](O)c1ccccc1)N(C)C,"9,220",10,N,1,0,1,0,SP3,FALSE,FALSE,4,5609,5610
mol2878,C[C@@H](c1ccccc1)N(C)c1[nH+]cnc2c1ncn2[C@@H]1O[C@H](CO)[C@@H](O)[C@H]1O,C[C@@H](c1ccccc1)N(C)c1ncnc2c1ncn2[C@@H]1O[C@H](CO)[C@@H](O)[C@H]1O,"3,200",15,N,1,0,1,0,SP2,TRUE,TRUE,4,5611,5612
mol2879,C[C@@H]1CCCC[C@@H]1C(=O)O,C[C@@H]1CCCC[C@@H]1C(=O)[O-],"5,040",9,O,0,-1,1,0,SP2,FALSE,FALSE,2,5613,5614
mol2880,C[C@@H]1CCCC[C@@H]1[NH3+],C[C@@H]1CCCC[C@@H]1N,"10,600",7,N,1,0,3,2,SP3,FALSE,FALSE,4,5615,5616
mol2881,C[C@@H]1CCC[C@H](C(=O)O)C1,C[C@@H]1CCC[C@H](C(=O)[O-])C1,"4,880",9,O,0,-1,1,0,SP2,FALSE,FALSE,2,5617,5618
mol2882,C[C@@H]1CCC[C@H]([NH+](C)C)C1,C[C@@H]1CCC[C@H](N(C)C)C1,"10,510",7,N,1,0,1,0,SP3,FALSE,FALSE,4,5619,5620
mol2883,C[C@@H]1CC[C@H]2C(CN3CC[NH+](CCO)CC3)=C(C(F)(F)F)O[C@@H]3OC4(C)CC[C@@H]1[C@]32OO4,C[C@@H]1CC[C@H]2C(CN3CCN(CCO)CC3)=C(C(F)(F)F)O[C@@H]3OC4(C)CC[C@@H]1[C@]32OO4,"6,590",26,N,1,0,1,0,SP3,FALSE,TRUE,4,5622,5621
mol2884,C[C@@H]1CC[NH+]2CC=C[C@H]12,C[C@@H]1CCN2CC=C[C@H]12,"10,590",4,N,1,0,1,0,SP3,FALSE,TRUE,4,5623,5624
mol2885,C[C@@H]1CC[NH+]2CC[C@H](O)[C@H]12,C[C@@H]1CCN2CC[C@H](O)[C@H]12,"10,920",4,N,1,0,1,0,SP3,FALSE,TRUE,4,5625,5626
mol2886,C[C@@H]1CN(OCc2ccccc2)C(=O)[C@@H]1[NH3+],C[C@@H]1CN(OCc2ccccc2)C(=O)[C@@H]1N,"6,100",7,N,1,0,3,2,SP3,FALSE,FALSE,4,5628,5627
mol2887,C[C@@H]1C[C@@H]1C(=O)O,C[C@@H]1C[C@@H]1C(=O)[O-],"5,030",6,O,0,-1,1,0,SP2,FALSE,FALSE,2,5629,5630
mol2888,C[C@@H]1C[C@H](OC(=O)c2ccccc2)CC(C)(C)[NH2+]1,C[C@@H]1C[C@H](OC(=O)c2ccccc2)CC(C)(C)N1,"8,970",6,N,1,0,2,1,SP3,FALSE,TRUE,4,5631,5632
mol2889,C[C@@H]1NC(=[NH+]CC(F)F)Nc2ccc(Cl)c(Cl)c21,C[C@@H]1NC(=NCC(F)F)Nc2ccc(Cl)c(Cl)c21,"8,500",12,N,1,0,1,0,SP2,FALSE,FALSE,4,5633,5634
mol2890,C[C@H]1[C@H](C)CC[C@]2(C(=O)O)CC[C@]3(C)C(=CC[C@@H]4[C@@]5(C)CC[C@H](O)C(C)(C)[C@@H]5CC[C@]43C)[C@H]12,C[C@H]1[C@H](C)CC[C@]2(C(=O)[O-])CC[C@]3(C)C(=CC[C@@H]4[C@@]5(C)CC[C@H](O)C(C)(C)[C@@H]5CC[C@]43C)[C@H]12,"5,290",32,O,0,-1,1,0,SP2,FALSE,FALSE,2,5635,5636
mol2891,C[C@@H]1[NH2+][C@@H]1C,C[C@@H]1N[C@@H]1C,"5,340",3,N,1,0,2,1,SP3,FALSE,TRUE,4,5638,5637
mol2892,C[C@@H]1[NH2+][C@H]1C,C[C@@H]1N[C@H]1C,"5,330",3,N,1,0,2,1,SP3,FALSE,TRUE,4,5640,5639
mol2893,C[C@@](Cc1c[nH]c2ccccc12)(NC(=O)OC1C2CC3CC(C2)CC1C3)C(=O)NC[C@@H](NC(=O)CCn1[nH]nnc1=S)c1ccccc1,C[C@@](Cc1c[nH]c2ccccc12)(NC(=O)OC1C2CC3CC(C2)CC1C3)C(=O)NC[C@@H](NC(=O)CCn1[n-]nnc1=S)c1ccccc1,"4,300",33,N,0,-1,1,0,SP2,TRUE,TRUE,3,5641,5642
mol2894,C[C@@](Cc1c[nH]c2ccccc12)(NC(=O)OC1C2CC3CC(C2)CC1C3)C(=O)NC[C@@H](NC(=O)CC1=CC(=O)[NH2+]O1)c1ccccc1,C[C@@](Cc1c[nH]c2ccccc12)(NC(=O)OC1C2CC3CC(C2)CC1C3)C(=O)NC[C@@H](NC(=O)Cc1cc(=O)[nH]o1)c1ccccc1,"6,500",31,N,1,0,2,1,SP3,FALSE,TRUE,4,5643,5644
mol2895,C[C@@](Cc1c[nH]c2ccccc12)(NC(=O)OC1C2CC3CC(C2)CC1C3)C(=O)NC[C@H](NC(=O)CCC(=O)O)c1ccccc1,C[C@@](Cc1c[nH]c2ccccc12)(NC(=O)OC1C2CC3CC(C2)CC1C3)C(=O)NC[C@H](NC(=O)CCC(=O)[O-])c1ccccc1,"5,600",30,O,0,-1,1,0,SP2,FALSE,FALSE,2,5645,5646
mol2896,C[C@@]1(C2CCCC2)Cc2cc(OCC(=O)O)c(Cl)c(Cl)c2C1=O,C[C@@]1(C2CCCC2)Cc2cc(OCC(=O)[O-])c(Cl)c(Cl)c2C1=O,"3,900",17,O,0,-1,1,0,SP2,FALSE,FALSE,2,5647,5648
mol2897,C[C@@]1(C2CCCC2)Cc2cc(OCCCC(=O)O)c(Cl)c(Cl)c2C1=O,C[C@@]1(C2CCCC2)Cc2cc(OCCCC(=O)[O-])c(Cl)c(Cl)c2C1=O,"5,700",19,O,0,-1,1,0,SP2,FALSE,FALSE,2,5649,5650
mol2898,C[C@@]1(c2cc(NC(=O)c3ccc(C#N)cn3)ccc2F)CCOC(N)=[NH+]1,C[C@@]1(c2cc(NC(=O)c3ccc(C#N)cn3)ccc2F)CCOC(N)=N1,"9,700",6,N,1,0,1,0,SP2,FALSE,TRUE,4,5651,5652
mol2899,C[C@@]1(c2cc(NC(=O)c3ccc(C#N)cn3)ccc2F)C[C@@H](C(F)(F)F)OC(N)=[NH+]1,C[C@@]1(c2cc(NC(=O)c3ccc(C#N)cn3)ccc2F)C[C@@H](C(F)(F)F)OC(N)=N1,"7,000",6,N,1,0,1,0,SP2,FALSE,TRUE,4,5654,5653
mol2900,C[C@@]1(c2cc(NC(=O)c3ccc(C#N)cn3)ccc2F)C[C@H](C(F)(F)F)OC(N)=[NH+]1,C[C@@]1(c2cc(NC(=O)c3ccc(C#N)cn3)ccc2F)C[C@H](C(F)(F)F)OC(N)=N1,"7,300",6,N,1,0,1,0,SP2,FALSE,TRUE,4,5656,5655
mol2901,C[C@@]1(c2cc(NC(=O)c3ccc(Cl)cn3)ccc2F)CCCOC(N)=[NH+]1,C[C@@]1(c2cc(NC(=O)c3ccc(Cl)cn3)ccc2F)CCCOC(N)=N1,"10,400",7,N,1,0,1,0,SP2,FALSE,TRUE,4,5657,5658
mol2902,C[C@@]1(c2cc(NC(=O)c3ccc(Cl)cn3)ccc2F)CCOC(N)=[NH+]1,C[C@@]1(c2cc(NC(=O)c3ccc(Cl)cn3)ccc2F)CCOC(N)=N1,"9,800",6,N,1,0,1,0,SP2,FALSE,TRUE,4,5659,5660
mol2903,C[C@@]1(c2cc(NC(=O)c3ccc(Cl)cn3)ccc2F)CCOCC(N)=[NH+]1,C[C@@]1(c2cc(NC(=O)c3ccc(Cl)cn3)ccc2F)CCOCC(N)=N1,"10,900",7,N,1,0,1,0,SP2,FALSE,TRUE,4,5661,5662
mol2904,C[C@@]1(c2cc(NC(=O)c3ccc(Cl)cn3)ccc2F)CCSC(N)=[NH+]1,C[C@@]1(c2cc(NC(=O)c3ccc(Cl)cn3)ccc2F)CCSC(N)=N1,"9,000",6,N,1,0,1,0,SP2,FALSE,TRUE,4,5663,5664
mol2905,C[C@@]1(c2cc(NC(=O)c3ccc(Cl)cn3)ccc2F)COCC(N)=[NH+]1,C[C@@]1(c2cc(NC(=O)c3ccc(Cl)cn3)ccc2F)COCC(N)=N1,"9,200",6,N,1,0,1,0,SP2,FALSE,TRUE,4,5665,5666
mol2906,C[C@@]1(c2cc(NC(=O)c3ccc(Cl)cn3)ccc2F)Cc2ccccc2C(N)=[NH+]1,C[C@@]1(c2cc(NC(=O)c3ccc(Cl)cn3)ccc2F)Cc2ccccc2C(N)=N1,"10,800",10,N,1,0,1,0,SP2,FALSE,TRUE,4,5667,5668
mol2907,C[C@@]1(c2cc(NC(=O)c3ncc(Cl)cc3Cl)ccc2F)CCOC(N)=[NH+]1,C[C@@]1(c2cc(NC(=O)c3ncc(Cl)cc3Cl)ccc2F)CCOC(N)=N1,"9,700",6,N,1,0,1,0,SP2,FALSE,TRUE,4,5669,5670
mol2908,C[C@@]1(c2cccc(NC(=O)c3ccc(Cl)cn3)c2)COC(N)=[NH+]1,C[C@@]1(c2cccc(NC(=O)c3ccc(Cl)cn3)c2)COC(N)=N1,"8,300",5,N,1,0,1,0,SP2,FALSE,TRUE,4,5671,5672
mol2909,C[C@@]1(c2cccc(NC(=O)c3ccc(Cl)cn3)c2)COCC(N)=[NH+]1,C[C@@]1(c2cccc(NC(=O)c3ccc(Cl)cn3)c2)COCC(N)=N1,"9,600",6,N,1,0,1,0,SP2,FALSE,TRUE,4,5673,5674
mol2910,C[C@@]12COCC[C@H]1Oc1ccc(-c3cccnc3F)cc1[C@@]21COC(N)=[NH+]1,C[C@@]12COCC[C@H]1Oc1ccc(-c3cccnc3F)cc1[C@@]21COC(N)=N1,"6,400",18,N,1,0,1,0,SP2,FALSE,TRUE,4,5676,5675
mol2911,C[C@H](C(=O)O)c1cccc(C(=O)c2ccccc2)c1,C[C@H](C(=O)[O-])c1cccc(C(=O)c2ccccc2)c1,"3,890",18,O,0,-1,1,0,SP2,FALSE,FALSE,2,5677,5678
mol2912,C[C@H](C1CC1C(=O)O)[C@H]1CC[C@H]2[C@@H]3[C@@H](O)C[C@@H]4C[C@H](O)CC[C@]4(C)[C@H]3CC[C@]12C,C[C@H](C1CC1C(=O)[O-])[C@H]1CC[C@H]2[C@@H]3[C@@H](O)C[C@@H]4C[C@H](O)CC[C@]4(C)[C@H]3CC[C@]12C,"5,010",28,O,0,-1,1,0,SP2,FALSE,FALSE,2,5679,5680
mol2913,C[C@H](CCC(=O)O)[C@H]1CC[C@H]2[C@@H]3[C@@H](O)C[C@@H]4C[C@H](O)CC[C@]4(C)[C@H]3CC[C@]12C,C[C@H](CCC(=O)[O-])[C@H]1CC[C@H]2[C@@H]3[C@@H](O)C[C@@H]4C[C@H](O)CC[C@]4(C)[C@H]3CC[C@]12C,"5,080",6,O,0,-1,1,0,SP2,FALSE,FALSE,2,5681,5682
mol2914,C[C@H](CCC(=O)O)[C@H]1CC[C@H]2[C@@H]3[C@H](O)C[C@@H]4C[C@H](O)CC[C@]4(C)[C@H]3C[C@H](O)[C@]12C,C[C@H](CCC(=O)[O-])[C@H]1CC[C@H]2[C@@H]3[C@H](O)C[C@@H]4C[C@H](O)CC[C@]4(C)[C@H]3C[C@H](O)[C@]12C,"4,980",6,O,0,-1,1,0,SP2,FALSE,FALSE,2,5683,5684
mol2915,C[C@H](CCC[NH2+]Cc1ccccc1)[C@H]1CC[C@H]2[C@@H]3CC[C@@H]4C[C@H](O)CC[C@]4(C)[C@H]3C[C@H](O)[C@]12C,C[C@H](CCCNCc1ccccc1)[C@H]1CC[C@H]2[C@@H]3CC[C@@H]4C[C@H](O)CC[C@]4(C)[C@H]3C[C@H](O)[C@]12C,"9,070",5,N,1,0,2,1,SP3,FALSE,FALSE,4,5685,5686
mol2916,C[C@H](CCC[NH2+]Cc1ccccc1)[C@H]1CC[C@H]2[C@@H]3[C@@H](O)C[C@@H]4C[C@H](O)CC[C@]4(C)[C@H]3CC[C@]12C,C[C@H](CCCNCc1ccccc1)[C@H]1CC[C@H]2[C@@H]3[C@@H](O)C[C@@H]4C[C@H](O)CC[C@]4(C)[C@H]3CC[C@]12C,"9,050",5,N,1,0,2,1,SP3,FALSE,FALSE,4,5687,5688
mol2917,C[C@H](CCC[NH2+]Cc1ccccc1)[C@H]1CC[C@H]2[C@@H]3[C@H](O)C[C@@H]4C[C@H](O)CC[C@]4(C)[C@H]3CC[C@]12C,C[C@H](CCCNCc1ccccc1)[C@H]1CC[C@H]2[C@@H]3[C@H](O)C[C@@H]4C[C@H](O)CC[C@]4(C)[C@H]3CC[C@]12C,"9,070",5,N,1,0,2,1,SP3,FALSE,FALSE,4,5689,5690
mol2918,C[C@H](CCC[NH3+])[C@H]1CC[C@H]2[C@@H]3CC[C@@H]4C[C@H](O)CC[C@]4(C)[C@H]3CC[C@]12C,C[C@H](CCCN)[C@H]1CC[C@H]2[C@@H]3CC[C@@H]4C[C@H](O)CC[C@]4(C)[C@H]3CC[C@]12C,"9,700",5,N,1,0,3,2,SP3,FALSE,FALSE,4,5691,5692
mol2919,C[C@H](CO)Nc1cc(C(=O)[NH2+]S(C)(=O)=O)nc(SCc2ccccc2)n1,C[C@H](CO)Nc1cc(C(=O)NS(C)(=O)=O)nc(SCc2ccccc2)n1,"4,900",21,N,1,0,2,1,SP3,FALSE,FALSE,4,5693,5694
mol2920,C[C@H](CO)Nc1cc(C(=O)O)nc(SCc2ccccc2)n1,C[C@H](CO)Nc1cc(C(=O)[O-])nc(SCc2ccccc2)n1,"5,500",21,O,0,-1,1,0,SP2,FALSE,FALSE,2,5695,5696
mol2921,C[C@H](CO)Nc1nc(SCc2cccc(F)c2F)nc2[nH]c(=O)cnc12,C[C@H](CO)Nc1nc(SCc2cccc(F)c2F)nc2[n-]c(=O)cnc12,"7,500",8,N,0,-1,1,0,SP2,TRUE,TRUE,3,5697,5698
mol2922,C[C@H](CO)Nc1nc(SCc2cccc(F)c2F)nc2nc([NH2+]S(C)(=O)=O)sc12,C[C@H](CO)Nc1nc(SCc2cccc(F)c2F)nc2nc(NS(C)(=O)=O)sc12,"4,700",24,N,1,0,2,1,SP3,FALSE,FALSE,4,5699,5700
mol2923,C[C@H](CO)Nc1nc(SCc2ccccc2)nc2c1SC(=O)[NH2+]2,C[C@H](CO)Nc1nc(SCc2ccccc2)nc2[nH]c(=O)sc12,"7,000",8,N,1,0,2,1,SP3,FALSE,TRUE,4,5701,5702
mol2924,C[C@H](Cc1ccccc1)Nc1[nH+]cnc2c1ncn2[C@@H]1O[C@H](CO)[C@@H](O)[C@H]1O,C[C@H](Cc1ccccc1)Nc1ncnc2c1ncn2[C@@H]1O[C@H](CO)[C@@H](O)[C@H]1O,"3,400",15,N,1,0,1,0,SP2,TRUE,TRUE,4,5703,5704
mol2925,C[C@H](NC(=O)C1=C([O-])C(=O)C=C[NH2+]1)C(=O)NCc1ccccc1,C[C@H](NC(=O)c1[nH]ccc(=O)c1[O-])C(=O)NCc1ccccc1,"6,000",21,N,1,0,2,1,SP3,FALSE,TRUE,4,5705,5706
mol2926,C[C@H](O)C(O)c1cnc2nc(N)[nH]c(=O)c2n1,C[C@H](O)C(O)c1cnc2nc(N)[n-]c(=O)c2n1,"10,060",11,N,0,-1,1,0,SP2,TRUE,TRUE,3,5707,5708
mol2927,C[C@H](O)[C@H]1CC[C@H]2[C@@H]3CC[C@H]4C[C@H]([NH3+])CC[C@]4(C)[C@H]3CC[C@]12C,C[C@H](O)[C@H]1CC[C@H]2[C@@H]3CC[C@H]4C[C@H](N)CC[C@]4(C)[C@H]3CC[C@]12C,"9,280",19,N,1,0,3,2,SP3,FALSE,FALSE,4,5709,5710
mol2928,C[C@H]([C@@H]1C[C@@H]1C(=O)O)[C@H]1CC[C@H]2[C@@H]3[C@@H](O)CC4C[C@H](O)CC[C@]4(C)[C@H]3CC[C@]12C,C[C@H]([C@@H]1C[C@@H]1C(=O)[O-])[C@H]1CC[C@H]2[C@@H]3[C@@H](O)CC4C[C@H](O)CC[C@]4(C)[C@H]3CC[C@]12C,"5,020",28,O,0,-1,1,0,SP2,FALSE,FALSE,2,5711,5712
mol2929,C[C@H]([C@H](O)c1ccccc1)[NH+](C)C,C[C@H]([C@H](O)c1ccccc1)N(C)C,"10,020",10,N,1,0,1,0,SP3,FALSE,FALSE,4,5713,5714
mol2930,C[C@H]([C@H]1C[C@H]1C(=O)O)[C@H]1CC[C@H]2[C@@H]3[C@@H](O)CC4C[C@H](O)CC[C@]4(C)[C@H]3CC[C@]12C,C[C@H]([C@H]1C[C@H]1C(=O)[O-])[C@H]1CC[C@H]2[C@@H]3[C@@H](O)CC4C[C@H](O)CC[C@]4(C)[C@H]3CC[C@]12C,"5,040",28,O,0,-1,1,0,SP2,FALSE,FALSE,2,5715,5716
mol2931,C[C@H]([NH3+])[C@H](O)c1ccccc1,C[C@H](N)[C@H](O)c1ccccc1,"8,810",10,N,1,0,3,2,SP3,FALSE,FALSE,4,5717,5718
mol2932,C[C@H](c1ccccc1)N(CC(=O)O)S(=O)(=O)c1ccc(OC(F)F)cc1,C[C@H](c1ccccc1)N(CC(=O)[O-])S(=O)(=O)c1ccc(OC(F)F)cc1,"3,400",12,O,0,-1,1,0,SP2,FALSE,FALSE,2,5719,5720
mol2933,C[C@H]1CCC2CC[C@H](C)[NH+]21,C[C@H]1CCC2CC[C@H](C)N21,"11,740",5,N,1,0,1,0,SP3,FALSE,TRUE,4,5721,5722
mol2934,C[C@H]1CCCC[C@@H]1C(=O)O,C[C@H]1CCCC[C@@H]1C(=O)[O-],"4,740",9,O,0,-1,1,0,SP2,FALSE,FALSE,2,5723,5724
mol2935,C[C@H]1CCCC[C@@H]1[NH3+],C[C@H]1CCCC[C@@H]1N,"10,620",7,N,1,0,3,2,SP3,FALSE,FALSE,4,5725,5726
mol2936,C[C@@H]1CCC[C@H](C)[NH+]1C,C[C@@H]1CCC[C@H](C)N1C,"10,210",6,N,1,0,1,0,SP3,FALSE,TRUE,4,5727,5728
mol2937,C[C@@H]1CCC[C@H](C)[NH+]1CC(C)(C)O,C[C@@H]1CCC[C@H](C)N1CC(C)(C)O,"10,650",6,N,1,0,1,0,SP3,FALSE,TRUE,4,5729,5730
mol2938,C[C@@H]1CCC[C@H](C)[NH2+]1,C[C@@H]1CCC[C@H](C)N1,"10,990",6,N,1,0,2,1,SP3,FALSE,TRUE,4,5731,5732
mol2939,C[C@H]1CC[C@@H](C(=O)O)CC1,C[C@H]1CC[C@@H](C(=O)[O-])CC1,"5,040",9,O,0,-1,1,0,SP2,FALSE,FALSE,2,5733,5734
mol2940,C[C@@H]1CC[C@H](C)[C@H]1C(=O)O,C[C@@H]1CC[C@H](C)[C@H]1C(=O)[O-],"4,690",8,O,0,-1,1,0,SP2,FALSE,FALSE,2,5735,5736
mol2941,C[C@@H]1CC[C@H](C)[C@@H]1C(=O)O,C[C@@H]1CC[C@H](C)[C@@H]1C(=O)[O-],"5,400",8,O,0,-1,1,0,SP2,FALSE,FALSE,2,5737,5738
mol2942,C[C@H]1CC[C@@H]2CCC[NH+]21,C[C@H]1CC[C@@H]2CCCN21,"11,740",5,N,1,0,1,0,SP3,FALSE,TRUE,4,5739,5740
mol2943,C[C@@H]1CC[C@H]2CC[C@H](C)[NH+]21,C[C@@H]1CC[C@H]2CC[C@H](C)N21,"11,480",5,N,1,0,1,0,SP3,FALSE,TRUE,4,5741,5742
mol2944,C[C@H]1CC[C@H](C(=O)O)CC1,C[C@H]1CC[C@H](C(=O)[O-])CC1,"4,890",9,O,0,-1,1,0,SP2,FALSE,FALSE,2,5743,5744
mol2945,C[C@H]1CC[C@H](C)C1C(=O)O,C[C@H]1CC[C@H](C)C1C(=O)[O-],"4,740",8,O,0,-1,1,0,SP2,FALSE,FALSE,2,5745,5746
mol2946,C[C@@H]1CC[C@@H]2CC[C@H](C)[NH+]21,C[C@@H]1CC[C@@H]2CC[C@H](C)N21,"10,230",5,N,1,0,1,0,SP3,FALSE,TRUE,4,5747,5748
mol2947,C[C@H]1CC[C@H]2[C@H](C)CC[C@@H](C(=O)[O-])[NH+]2C1,C[C@H]1CC[C@H]2[C@H](C)CC[C@@H](C(=O)[O-])N2C1,"10,800",9,N,1,0,1,0,SP3,FALSE,TRUE,4,5749,5750
mol2948,C[C@H]1CC[NH+]2CCC[C@@H]12,C[C@H]1CCN2CCC[C@@H]12,"11,440",4,N,1,0,1,0,SP3,FALSE,TRUE,4,5751,5752
mol2949,C[C@@H]1CN(C(=O)[C@@H]2C[NH+](C(C)(C)C)C[C@H]2c2ccc(F)cc2F)C[C@H](C)[C@@]1(O)c1ccc(F)cc1,C[C@@H]1CN(C(=O)[C@@H]2CN(C(C)(C)C)C[C@H]2c2ccc(F)cc2F)C[C@H](C)[C@@]1(O)c1ccc(F)cc1,"8,740",20,N,1,0,1,0,SP3,FALSE,TRUE,4,5753,5754
mol2950,C[C@@H]1CN(C(=O)[C@@H]2C[NH+](C(C)(C)C)C[C@H]2c2ccc(F)cc2F)C[C@H](C)[C@@]1(O)c1ccccc1,C[C@@H]1CN(C(=O)[C@@H]2CN(C(C)(C)C)C[C@H]2c2ccc(F)cc2F)C[C@H](C)[C@@]1(O)c1ccccc1,"8,950",19,N,1,0,1,0,SP3,FALSE,TRUE,4,5755,5756
mol2951,C[C@H]1C[C@@H]2CCC[C@@H]2[NH+]1C,C[C@H]1C[C@@H]2CCC[C@@H]2N1C,"10,100",8,N,1,0,1,0,SP3,FALSE,TRUE,4,5757,5758
mol2952,C[C@H]1C[C@@H]2CC[NH+]1C2,C[C@H]1C[C@@H]2CCN1C2,"10,620",6,N,1,0,1,0,SP3,FALSE,TRUE,4,5759,5760
mol2953,C[C@@H]1C[C@@H]([C@H](O)CC2CC(=O)NC(=O)C2)C(=O)[C@@H](C)C1,C[C@@H]1C[C@@H]([C@H](O)CC2CC(=O)[N-]C(=O)C2)C(=O)[C@@H](C)C1,"11,200",14,N,0,-1,1,0,SP2,FALSE,TRUE,3,5761,5762
mol2954,C[C@H]1C[C@@]23[C@@H]4CCC[NH+]2CCC[C@H]3[C@@H](O)C[C@H]4C1=O,C[C@H]1C[C@@]23[C@@H]4CCCN2CCC[C@H]3[C@@H](O)C[C@H]4C1=O,"9,130",8,N,1,0,1,0,SP3,FALSE,TRUE,4,5763,5764
mol2955,C[C@H]1NC(=[NH+]CC(F)F)Nc2ccc(Cl)c(Cl)c21,C[C@H]1NC(=NCC(F)F)Nc2ccc(Cl)c(Cl)c21,"8,500",12,N,1,0,1,0,SP2,FALSE,FALSE,4,5765,5766
mol2956,C[C@H]1OCC[C@H]2Oc3ccc(-c4cccnc4F)cc3[C@@]3(COC(N)=[NH+]3)[C@H]12,C[C@H]1OCC[C@H]2Oc3ccc(-c4cccnc4F)cc3[C@@]3(COC(N)=N3)[C@H]12,"6,400",18,N,1,0,1,0,SP2,FALSE,TRUE,4,5768,5767
mol2957,C[C@H]1SC(N)=[NH+][C@@]2(c3ccc(F)cc3F)CO[C@@H](c3cnn(C)c3)C[C@@H]12,C[C@H]1SC(N)=N[C@@]2(c3ccc(F)cc3F)CO[C@@H](c3cnn(C)c3)C[C@@H]12,"7,800",8,N,1,0,1,0,SP2,FALSE,TRUE,4,5769,5770
mol2958,C[C@H]1[C@H](NC(=O)/C(=N\OC(C)(C)C(=O)O)c2csc(N)n2)C(=O)N1S(=O)(=O)[O-],C[C@H]1[C@H](NC(=O)/C(=N\OC(C)(C)C(=O)[O-])c2csc(N)n2)C(=O)N1S(=O)(=O)[O-],"2,750",21,O,0,-1,1,0,SP2,FALSE,FALSE,2,5771,5772
mol2959,C[C@@H]1CN(Cc2ccccc2)c2c[nH+]cc(F)c2[C@H](C)N1C(=O)NCc1ccccc1,C[C@@H]1CN(Cc2ccccc2)c2cncc(F)c2[C@H](C)N1C(=O)NCc1ccccc1,"4,200",6,N,1,0,1,0,SP2,TRUE,TRUE,4,5773,5774
mol2960,C[C@@H]1CN(Cc2ccccc2)c2c[nH+]ccc2[C@H](C)N1C(=O)NCc1ccccc1,C[C@@H]1CN(Cc2ccccc2)c2cnccc2[C@H](C)N1C(=O)NCc1ccccc1,"6,200",6,N,1,0,1,0,SP2,TRUE,TRUE,4,5775,5776
mol2961,C[C@](Cc1c[nH]c2ccccc12)(NC(=O)OC1C2CC3CC(C2)CC1C3)C(=O)NC[C@@H](NC(=O)CCC(=O)O)c1ccccc1,C[C@](Cc1c[nH]c2ccccc12)(NC(=O)OC1C2CC3CC(C2)CC1C3)C(=O)NC[C@@H](NC(=O)CCC(=O)[O-])c1ccccc1,"5,600",30,O,0,-1,1,0,SP2,FALSE,FALSE,2,5777,5778
mol2962,C[C@](Cc1c[nH]c2ccccc12)(NC(=O)OC1C2CC3CC(C2)CC1C3)C(=O)NC[C@@H](NC(=O)CCNS(=O)(=O)C(F)(F)F)c1ccccc1,C[C@](Cc1c[nH]c2ccccc12)(NC(=O)OC1C2CC3CC(C2)CC1C3)C(=O)NC[C@@H](NC(=O)CC[N-]S(=O)(=O)C(F)(F)F)c1ccccc1,"7,900",28,N,0,-1,1,0,SP3,FALSE,FALSE,3,5779,5780
mol2963,C[C@](Cc1c[nH]c2ccccc12)(NC(=O)OC1C2CC3CC(C2)CC1C3)C(=O)NC[C@@H](NC(=O)CCc1nn[nH]n1)c1ccccc1,C[C@](Cc1c[nH]c2ccccc12)(NC(=O)OC1C2CC3CC(C2)CC1C3)C(=O)NC[C@@H](NC(=O)CCc1nn[n-]n1)c1ccccc1,"5,400",30,N,0,-1,1,0,SP2,TRUE,TRUE,3,5781,5782
mol2964,C[C@](Cc1c[nH]c2ccccc12)(NC(=O)OC1C2CC3CC(C2)CC1C3)C(=O)NC[C@H](NC(=O)CCNS(=O)(=O)C(F)(F)F)c1ccccc1,C[C@](Cc1c[nH]c2ccccc12)(NC(=O)OC1C2CC3CC(C2)CC1C3)C(=O)NC[C@H](NC(=O)CC[N-]S(=O)(=O)C(F)(F)F)c1ccccc1,"7,900",28,N,0,-1,1,0,SP3,FALSE,FALSE,3,5783,5784
mol2965,C[C@](Cc1c[nH]c2ccccc12)(NC(=O)OC1C2CC3CC(C2)CC1C3)C(=O)NC[C@H](NC(=O)CCc1nn[nH]n1)c1ccccc1,C[C@](Cc1c[nH]c2ccccc12)(NC(=O)OC1C2CC3CC(C2)CC1C3)C(=O)NC[C@H](NC(=O)CCc1nn[n-]n1)c1ccccc1,"5,400",30,N,0,-1,1,0,SP2,TRUE,TRUE,3,5785,5786
mol2966,C[C@]1(C2CCCC2)Cc2cc(OCC(=O)O)c(Cl)c(Cl)c2C1=O,C[C@]1(C2CCCC2)Cc2cc(OCC(=O)[O-])c(Cl)c(Cl)c2C1=O,"3,900",17,O,0,-1,1,0,SP2,FALSE,FALSE,2,5787,5788
mol2967,C[C@]1(C2CCCC2)Cc2cc(OCCCC(=O)O)c(Cl)c(Cl)c2C1=O,C[C@]1(C2CCCC2)Cc2cc(OCCCC(=O)[O-])c(Cl)c(Cl)c2C1=O,"5,700",19,O,0,-1,1,0,SP2,FALSE,FALSE,2,5789,5790
mol2968,C[C@]1(O)CCCC[C@@H]1[NH3+],C[C@]1(O)CCCC[C@@H]1N,"9,490",7,N,1,0,3,2,SP3,FALSE,FALSE,4,5791,5792
mol2969,C[C@]1(c2cc(NC(=O)c3ccc(C#N)cn3)ccc2F)[NH+]=C(N)CO[C@@H]1F,C[C@]1(c2cc(NC(=O)c3ccc(C#N)cn3)ccc2F)N=C(N)CO[C@@H]1F,"7,900",6,N,1,0,1,0,SP2,FALSE,TRUE,4,5793,5794
mol2970,C[C@]1(c2cc(NC(=O)c3ccc(C#N)cn3)ccc2F)[NH+]=C(N)OCC1(F)F,C[C@]1(c2cc(NC(=O)c3ccc(C#N)cn3)ccc2F)N=C(N)OCC1(F)F,"5,800",6,N,1,0,1,0,SP2,FALSE,TRUE,4,5796,5795
mol2971,C[C@]1(c2cc(NC(=O)c3ccc(C#N)cn3)ccc2F)[NH+]=C(N)OC[C@@H]1F,C[C@]1(c2cc(NC(=O)c3ccc(C#N)cn3)ccc2F)N=C(N)OC[C@@H]1F,"8,100",6,N,1,0,1,0,SP2,FALSE,TRUE,4,5797,5798
mol2972,C[C@]1(c2cc(NC(=O)c3ccc(C#N)cn3)ccc2F)[NH+]=C(N)OC[C@H]1F,C[C@]1(c2cc(NC(=O)c3ccc(C#N)cn3)ccc2F)N=C(N)OC[C@H]1F,"7,400",6,N,1,0,1,0,SP2,FALSE,TRUE,4,5800,5799
mol2973,C[C@]1(c2cc(NC(=O)c3ccc(C#N)cn3)ccc2F)[NH+]=C(N)O[C@@H](C(F)(F)F)[C@@H]1F,C[C@]1(c2cc(NC(=O)c3ccc(C#N)cn3)ccc2F)N=C(N)O[C@@H](C(F)(F)F)[C@@H]1F,"5,800",6,N,1,0,1,0,SP2,FALSE,TRUE,4,5802,5801
mol2974,C[C@]1(c2cc(NC(=O)c3ccc(C#N)cn3)ccc2F)[NH+]=C(N)O[C@H](C(F)(F)F)[C@@H]1F,C[C@]1(c2cc(NC(=O)c3ccc(C#N)cn3)ccc2F)N=C(N)O[C@H](C(F)(F)F)[C@@H]1F,"5,900",6,N,1,0,1,0,SP2,FALSE,TRUE,4,5804,5803
mol2975,C[C@]1(c2cc(NC(=O)c3ccc(Cl)cn3)ccc2F)[NH+]=C(N)CO[C@@H]1F,C[C@]1(c2cc(NC(=O)c3ccc(Cl)cn3)ccc2F)N=C(N)CO[C@@H]1F,"7,900",6,N,1,0,1,0,SP2,FALSE,TRUE,4,5805,5806
mol2976,C[C@]1(c2cc(NC(=O)c3ccc(Cl)cn3)ccc2F)[NH+]=C(N)OCC1(F)F,C[C@]1(c2cc(NC(=O)c3ccc(Cl)cn3)ccc2F)N=C(N)OCC1(F)F,"6,300",6,N,1,0,1,0,SP2,FALSE,TRUE,4,5808,5807
mol2977,C[C@]1(c2cc(NC(=O)c3ccc(Cl)cn3)ccc2F)[NH+]=C(N)SCC1(F)F,C[C@]1(c2cc(NC(=O)c3ccc(Cl)cn3)ccc2F)N=C(N)SCC1(F)F,"6,100",6,N,1,0,1,0,SP2,FALSE,TRUE,4,5810,5809
mol2978,C[C@]1(c2cc(NC(=O)c3cnc(Cl)cn3)ccc2F)[NH+]=C(N)CO[C@@H]1C(F)(F)F,C[C@]1(c2cc(NC(=O)c3cnc(Cl)cn3)ccc2F)N=C(N)CO[C@@H]1C(F)(F)F,"8,000",6,N,1,0,1,0,SP2,FALSE,TRUE,4,5811,5812
mol2979,C[C@]1(c2cc(NC(=O)c3cnc(Cl)cn3)ccc2F)[NH+]=C(N)CO[C@@]1(F)C(F)(F)F,C[C@]1(c2cc(NC(=O)c3cnc(Cl)cn3)ccc2F)N=C(N)CO[C@@]1(F)C(F)(F)F,"6,800",6,N,1,0,1,0,SP2,FALSE,TRUE,4,5814,5813
mol2980,C[C@]1(c2cc(NC(=O)c3cnc(Cl)cn3)ccc2F)[NH+]=C(N)CO[C@H]1C(F)(F)F,C[C@]1(c2cc(NC(=O)c3cnc(Cl)cn3)ccc2F)N=C(N)CO[C@H]1C(F)(F)F,"7,800",6,N,1,0,1,0,SP2,FALSE,TRUE,4,5815,5816
mol2981,C[C@]1(c2cc(NC(=O)c3cnc(Cl)cn3)ccc2F)[NH+]=C(N)CO[C@]1(F)C(F)(F)F,C[C@]1(c2cc(NC(=O)c3cnc(Cl)cn3)ccc2F)N=C(N)CO[C@]1(F)C(F)(F)F,"6,900",6,N,1,0,1,0,SP2,FALSE,TRUE,4,5818,5817
mol2982,C[C@]1(c2cccc(NC(=O)c3ccc(Cl)cn3)c2)[NH+]=C(N)c2ccccc21,C[C@]1(c2cccc(NC(=O)c3ccc(Cl)cn3)c2)N=C(N)c2ccccc21,"9,700",9,N,1,0,1,0,SP2,FALSE,TRUE,4,5819,5820
mol2983,C[C@]12CCOC[C@@H]1[C@]1(COC(N)=[NH+]1)c1cc(-c3cc(F)cc(Cl)c3)ccc1O2,C[C@]12CCOC[C@@H]1[C@]1(COC(N)=N1)c1cc(-c3cc(F)cc(Cl)c3)ccc1O2,"6,700",11,N,1,0,1,0,SP2,FALSE,TRUE,4,5822,5821
mol2984,C[C@]12C[C@H](C(=O)O)OC(=O)[C@H]1CC[C@@]1(C)[C@@H]2[C@H]2CCC1(O)C(=O)O2,C[C@]12C[C@H](C(=O)[O-])OC(=O)[C@H]1CC[C@@]1(C)[C@@H]2[C@H]2CCC1(O)C(=O)O2,"3,500",23,O,0,-1,1,0,SP2,FALSE,FALSE,2,5823,5824
mol2985,C[C@]12CC[C@@H]3c4ccc(O)cc4CC[C@H]3[C@@H]1C[C@@H](O)[C@@H]2O,C[C@]12CC[C@@H]3c4ccc([O-])cc4CC[C@H]3[C@@H]1C[C@@H](O)[C@@H]2O,"10,800",20,O,0,-1,1,0,SP2,FALSE,FALSE,2,5825,5826
mol2986,C[C@]12CC[C@@H]3c4ccc(OS(N)(=O)=O)cc4CC[C@H]3[C@@H]1CCC2=O,C[C@]12CC[C@@H]3c4ccc(OS([NH-])(=O)=O)cc4CC[C@H]3[C@@H]1CCC2=O,"8,370",23,N,0,-1,2,1,SP3,FALSE,FALSE,3,5827,5828
mol2987,C[C@]12CC[C@H]3[C@@H](CC=C4C[C@@H](O)CC[C@@]43C)[C@@H]1CC[C@@H]2[C@@H](O)CC(O)(C(F)(F)F)C(F)(F)F,C[C@]12CC[C@H]3[C@@H](CC=C4C[C@@H](O)CC[C@@]43C)[C@@H]1CC[C@@H]2[C@@H](O)CC([O-])(C(F)(F)F)C(F)(F)F,"9,040",21,O,0,-1,1,0,SP3,FALSE,FALSE,2,5829,5830
mol2988,C[C@]12CC[C@H]3[C@@H](CC=C4C[C@@H](O)CC[C@@]43C)[C@@H]1CC[C@@H]2[C@H](O)CC(O)(C(F)(F)F)C(F)(F)F,C[C@]12CC[C@H]3[C@@H](CC=C4C[C@@H](O)CC[C@@]43C)[C@@H]1CC[C@@H]2[C@H](O)CC([O-])(C(F)(F)F)C(F)(F)F,"9,080",21,O,0,-1,1,0,SP3,FALSE,FALSE,2,5831,5832
mol2989,C[C@]12[NH2+][C@H](Cc3ccccc31)c1ccccc12,C[C@]12N[C@H](Cc3ccccc31)c1ccccc12,"5,810",10,N,1,0,2,1,SP3,FALSE,TRUE,4,5834,5833
mol2990,C[N+](C)(C)CC(O)CC(=O)O,C[N+](C)(C)CC(O)CC(=O)[O-],"3,800",9,O,0,-1,1,0,SP2,FALSE,FALSE,2,5835,5836
mol2991,C[N+](C)(C)CCCC(=O)O,C[N+](C)(C)CCCC(=O)[O-],"4,020",9,O,0,-1,1,0,SP2,FALSE,FALSE,2,5837,5838
mol2992,C[N+](C)(C)CCCc1ccc(O)cc1,C[N+](C)(C)CCCc1ccc([O-])cc1,"9,800",13,O,0,-1,1,0,SP2,FALSE,FALSE,2,5839,5840
mol2993,C[N+](C)(C)CCCc1cccc(O)c1,C[N+](C)(C)CCCc1cccc([O-])c1,"9,640",13,O,0,-1,1,0,SP2,FALSE,FALSE,2,5841,5842
mol2994,C[N+](C)(C)CCCc1ccccc1O,C[N+](C)(C)CCCc1ccccc1[O-],"9,780",13,O,0,-1,1,0,SP2,FALSE,FALSE,2,5843,5844
mol2995,C[N+](C)(C)CC[NH3+],C[N+](C)(C)CCN,"7,340",6,N,1,0,3,2,SP3,FALSE,FALSE,4,5845,5846
mol2996,C[N+](C)(C)CCOC(=O)/C=C/c1c[nH+]c[nH]1,C[N+](C)(C)CCOC(=O)/C=C/c1cnc[nH]1,"4,600",13,N,1,0,1,0,SP2,TRUE,TRUE,4,5847,5848
mol2997,C[N+](C)(C)CCS,C[N+](C)(C)CC[S-],"7,980",6,S,0,-1,1,0,SP3,FALSE,FALSE,2,5849,5850
mol2998,C[N+](C)(C)CCSC(N=O)C(=O)c1ccc(Br)cc1,C[N+](C)(C)CCS[C+](N=O)C(=O)c1ccc(Br)cc1,"7,180",7,C,0,1,1,0,SP3,FALSE,FALSE,4,5852,5851
mol2999,C[N+](C)(C)CCSC(N=O)C(=O)c1ccc(Cl)cc1,C[N+](C)(C)CCS[C+](N=O)C(=O)c1ccc(Cl)cc1,"7,190",7,C,0,1,1,0,SP3,FALSE,FALSE,4,5854,5853
mol3000,C[N+](C)(C)CCSC(N=O)C(=O)c1ccc(F)cc1,C[N+](C)(C)CCS[C+](N=O)C(=O)c1ccc(F)cc1,"7,360",7,C,0,1,1,0,SP3,FALSE,FALSE,4,5856,5855
mol3001,C[N+](C)(C)CCc1ccc(O)cc1,C[N+](C)(C)CCc1ccc([O-])cc1,"9,800",12,O,0,-1,1,0,SP2,FALSE,FALSE,2,5857,5858
mol3002,C[N+](C)(C)CCc1cccc(O)c1,C[N+](C)(C)CCc1cccc([O-])c1,"9,430",12,O,0,-1,1,0,SP2,FALSE,FALSE,2,5859,5860
mol3003,C[N+](C)(C)CCc1ccccc1O,C[N+](C)(C)CCc1ccccc1[O-],"9,570",12,O,0,-1,1,0,SP2,FALSE,FALSE,2,5861,5862
mol3004,C[N+](C)(C)Cc1ccc(O)cc1,C[N+](C)(C)Cc1ccc([O-])cc1,"8,750",11,O,0,-1,1,0,SP2,FALSE,FALSE,2,5863,5864
mol3005,C[N+](C)(C)Cc1ccc(S)cc1,C[N+](C)(C)Cc1ccc([S-])cc1,"5,500",11,S,0,-1,1,0,SP3,FALSE,FALSE,2,5865,5866
mol3006,C[N+](C)(C)Cc1cccc(O)c1,C[N+](C)(C)Cc1cccc([O-])c1,"8,890",11,O,0,-1,1,0,SP2,FALSE,FALSE,2,5867,5868
mol3007,C[N+](C)(C)Cc1cccc(O)c1O,C[N+](C)(C)Cc1cccc(O)c1[O-],"8,100",11,O,0,-1,1,0,SP2,FALSE,FALSE,2,5869,5870
mol3008,C[N+](C)(C)Cc1ccccc1O,C[N+](C)(C)Cc1ccccc1[O-],"8,710",11,O,0,-1,1,0,SP2,FALSE,FALSE,2,5871,5872
mol3009,C[N+](C)(C)O,C[N+](C)(C)[O-],"4,650",4,O,0,-1,1,0,SP3,FALSE,FALSE,2,5873,5874
mol3011,C[N+](C)(C)c1cccc(O)c1,C[N+](C)(C)c1cccc([O-])c1,"8,070",10,O,0,-1,1,0,SP2,FALSE,FALSE,2,5875,5876
mol3013,C[N+]1(CC(=O)O)CCCCC1,C[N+]1(CC(=O)[O-])CCCCC1,"2,010",10,O,0,-1,1,0,SP2,FALSE,FALSE,2,5877,5878
mol3014,C[N+]1(CCC(=O)O)CCCCC1,C[N+]1(CCC(=O)[O-])CCCCC1,"3,430",11,O,0,-1,1,0,SP2,FALSE,FALSE,2,5879,5880
mol3015,C[N+]1(CCCC(=O)O)CCCCC1,C[N+]1(CCCC(=O)[O-])CCCCC1,"4,110",12,O,0,-1,1,0,SP2,FALSE,FALSE,2,5881,5882
mol3016,C[N+]1(CCCCC(=O)O)CCCCC1,C[N+]1(CCCCC(=O)[O-])CCCCC1,"4,330",13,O,0,-1,1,0,SP2,FALSE,FALSE,2,5883,5884
mol3017,C[N+]1(CCCCCC(=O)O)CCCCC1,C[N+]1(CCCCCC(=O)[O-])CCCCC1,"4,440",14,O,0,-1,1,0,SP2,FALSE,FALSE,2,5885,5886
mol3018,C[NH+](C)C,CN(C)C,"9,880",1,N,1,0,1,0,SP3,FALSE,FALSE,4,5887,5888
mol3019,C[NH+](C)C(C)(C)C,CN(C)C(C)(C)C,"10,520",4,N,1,0,1,0,SP3,FALSE,FALSE,4,5889,5890
mol3020,C[NH+](C)C(C)(C)C=O,CN(C)C(C)(C)C=O,"8,400",5,N,1,0,1,0,SP3,FALSE,FALSE,4,5891,5892
mol3021,C[NH+](C)C(C)(C)CCCc1ccc(C(C)(C)C)cc1,CN(C)C(C)(C)CCCc1ccc(C(C)(C)C)cc1,"10,400",16,N,1,0,1,0,SP3,FALSE,FALSE,4,5893,5894
mol3022,C[NH+](C)C1(CCCc2ccc(C(C)(C)C)cc2)COC1,CN(C)C1(CCCc2ccc(C(C)(C)C)cc2)COC1,"7,200",17,N,1,0,1,0,SP3,FALSE,FALSE,4,5896,5895
mol3023,C[NH+](C)C1CC2c3ccccc3C1c1ccccc12,CN(C)C1CC2c3ccccc3C1c1ccccc12,"8,670",1,N,1,0,1,0,SP3,FALSE,FALSE,4,5897,5898
mol3024,C[NH+](C)C1CCCCC1,CN(C)C1CCCCC1,"10,480",1,N,1,0,1,0,SP3,FALSE,FALSE,4,5899,5900
mol3025,C[NH+](C)CC(=O)[O-],CN(C)CC(=O)[O-],"9,810",1,N,1,0,1,0,SP3,FALSE,FALSE,4,5901,5902
mol3026,C[NH+](C)CC(C)(C)C,CN(C)CC(C)(C)C,"9,750",5,N,1,0,1,0,SP3,FALSE,FALSE,4,5903,5904
mol3027,C[NH+](C)CC(C)(C)CCc1ccc(C(C)(C)C)cc1,CN(C)CC(C)(C)CCc1ccc(C(C)(C)C)cc1,"9,400",16,N,1,0,1,0,SP3,FALSE,FALSE,4,5905,5906
mol3028,C[NH+](C)CC(C)(C)CNC(=O)[C@H]1C[C@@H]1c1ccccc1,CN(C)CC(C)(C)CNC(=O)[C@H]1C[C@@H]1c1ccccc1,"8,900",17,N,1,0,1,0,SP3,FALSE,FALSE,4,5907,5908
mol3029,C[NH+](C)CC(CSC#N)SC#N,CN(C)CC(CSC#N)SC#N,"6,100",1,N,1,0,1,0,SP3,FALSE,FALSE,4,5910,5909
mol3030,C[NH+](C)CC(CSCc1ccccc1)SCc1ccccc1,CN(C)CC(CSCc1ccccc1)SCc1ccccc1,"7,300",1,N,1,0,1,0,SP3,FALSE,FALSE,4,5912,5911
mol3031,C[NH+](C)CC(Cc1ccccc1)c1ccccc1,CN(C)CC(Cc1ccccc1)c1ccccc1,"9,930",1,N,1,0,1,0,SP3,FALSE,FALSE,4,5913,5914
mol3032,C[NH+](C)CC(Cl)CCl,CN(C)CC(Cl)CCl,"7,500",1,N,1,0,1,0,SP3,FALSE,FALSE,4,5915,5916
mol3033,C[NH+](C)CC(Oc1ccccc1)Oc1ccccc1,CN(C)CC(Oc1ccccc1)Oc1ccccc1,"9,200",1,N,1,0,1,0,SP3,FALSE,FALSE,4,5917,5918
mol3034,C[NH+](C)CC(P(=O)([O-])[O-])P(=O)([O-])[O-],CN(C)CC(P(=O)([O-])[O-])P(=O)([O-])[O-],"8,980",1,N,1,0,1,0,SP3,FALSE,FALSE,4,5919,5920
mol3035,C[NH+](C)CC/C=C1/c2ccccc2Sc2ccc(Cl)cc21,CN(C)CC/C=C1/c2ccccc2Sc2ccc(Cl)cc21,"8,840",1,N,1,0,1,0,SP3,FALSE,FALSE,4,5921,5922
mol3036,C[NH+](C)CC1(CCc2ccc(C(C)(C)C)cc2)COC1,CN(C)CC1(CCc2ccc(C(C)(C)C)cc2)COC1,"8,000",17,N,1,0,1,0,SP3,FALSE,FALSE,4,5923,5924
mol3037,C[NH+](C)CC1=CC2c3ccccc3C1c1ccccc12,CN(C)CC1=CC2c3ccccc3C1c1ccccc12,"8,040",1,N,1,0,1,0,SP3,FALSE,FALSE,4,5925,5926
mol3038,C[NH+](C)CC1C2c3ccccc3C(c3ccccc32)C1CO,CN(C)CC1C2c3ccccc3C(c3ccccc32)C1CO,"8,860",1,N,1,0,1,0,SP3,FALSE,FALSE,4,5927,5928
mol3039,C[NH+](C)CCBr,CN(C)CCBr,"7,550",1,N,1,0,1,0,SP3,FALSE,FALSE,4,5929,5930
mol3040,C[NH+](C)CCC(=O)C(C)(C)C,CN(C)CCC(=O)C(C)(C)C,"9,490",8,N,1,0,1,0,SP3,FALSE,FALSE,4,5931,5932
mol3041,C[NH+](C)CCC(C#N)(c1ccccc1)c1ccccc1,CN(C)CCC(C#N)(c1ccccc1)c1ccccc1,"8,310",1,N,1,0,1,0,SP3,FALSE,FALSE,4,5933,5934
mol3042,C[NH+](C)CCC(C)(C)Cc1ccc(C(C)(C)C)cc1,CN(C)CCC(C)(C)Cc1ccc(C(C)(C)C)cc1,"9,500",16,N,1,0,1,0,SP3,FALSE,FALSE,4,5935,5936
mol3043,C[NH+](C)CCC(c1ccccc1)c1ccc(-c2ccccc2)cc1,CN(C)CCC(c1ccccc1)c1ccc(-c2ccccc2)cc1,"9,850",1,N,1,0,1,0,SP3,FALSE,FALSE,4,5937,5938
mol3044,C[NH+](C)CCC(c1ccccc1)c1ccccc1,CN(C)CCC(c1ccccc1)c1ccccc1,"9,700",1,N,1,0,1,0,SP3,FALSE,FALSE,4,5939,5940
mol3045,C[NH+](C)CCC1(Cc2ccc(C(C)(C)C)cc2)COC1,CN(C)CCC1(Cc2ccc(C(C)(C)C)cc2)COC1,"9,200",17,N,1,0,1,0,SP3,FALSE,FALSE,4,5941,5942
mol3046,C[NH+](C)CCC=C1c2ccccc2C=Cc2ccccc21,CN(C)CCC=C1c2ccccc2C=Cc2ccccc21,"9,690",1,N,1,0,1,0,SP3,FALSE,FALSE,4,5943,5944
mol3047,C[NH+](C)CCC=C1c2ccccc2CCc2ccccc21,CN(C)CCC=C1c2ccccc2CCc2ccccc21,"9,420",1,N,1,0,1,0,SP3,FALSE,FALSE,4,5945,5946
mol3048,C[NH+](C)CCC=C1c2ccccc2COc2ccccc21,CN(C)CCC=C1c2ccccc2COc2ccccc21,"8,593",1,N,1,0,1,0,SP3,FALSE,FALSE,4,5947,5948
mol3049,C[NH+](C)CCCC(=O)Oc1ccccc1,CN(C)CCCC(=O)Oc1ccccc1,"9,700",1,N,1,0,1,0,SP3,FALSE,FALSE,4,5949,5950
mol3050,C[NH+](C)CCCC(C)(C)c1ccc(C(C)(C)C)cc1,CN(C)CCCC(C)(C)c1ccc(C(C)(C)C)cc1,"9,800",16,N,1,0,1,0,SP3,FALSE,FALSE,4,5951,5952
mol3051,C[NH+](C)CCCC1(c2ccc(C(C)(C)C)cc2)COC1,CN(C)CCCC1(c2ccc(C(C)(C)C)cc2)COC1,"9,600",17,N,1,0,1,0,SP3,FALSE,FALSE,4,5953,5954
mol3052,C[NH+](C)CCCC1(c2ccc(F)cc2)OCc2cc(C#N)ccc21,CN(C)CCCC1(c2ccc(F)cc2)OCc2cc(C#N)ccc21,"9,500",1,N,1,0,1,0,SP3,FALSE,FALSE,4,5955,5956
mol3053,C[NH+](C)CCCCC(=O)Oc1ccccc1,CN(C)CCCCC(=O)Oc1ccccc1,"10,000",1,N,1,0,1,0,SP3,FALSE,FALSE,4,5957,5958
mol3054,C[NH+](C)CCCCCCCCCCNC(=O)CN=O,CN(C)CCCCCCCCCCNC(=O)CN=O,"9,795",1,N,1,0,1,0,SP3,FALSE,FALSE,4,5959,5960
mol3055,C[NH+](C)CCCCCCCCCNC(=O)CN=O,CN(C)CCCCCCCCCNC(=O)CN=O,"9,755",1,N,1,0,1,0,SP3,FALSE,FALSE,4,5961,5962
mol3056,C[NH+](C)CCCCCCCCNC(=O)CN=O,CN(C)CCCCCCCCNC(=O)CN=O,"9,735",1,N,1,0,1,0,SP3,FALSE,FALSE,4,5963,5964
mol3057,C[NH+](C)CCCCCCCNC(=O)CN=O,CN(C)CCCCCCCNC(=O)CN=O,"9,725",1,N,1,0,1,0,SP3,FALSE,FALSE,4,5965,5966
mol3058,C[NH+](C)CCCCCCNC(=O)CN=O,CN(C)CCCCCCNC(=O)CN=O,"9,680",1,N,1,0,1,0,SP3,FALSE,FALSE,4,5967,5968
mol3059,C[NH+](C)CCCCCNC(=O)CN=O,CN(C)CCCCCNC(=O)CN=O,"9,585",1,N,1,0,1,0,SP3,FALSE,FALSE,4,5969,5970
mol3060,C[NH+](C)CCCCNC(=O)CN=O,CN(C)CCCCNC(=O)CN=O,"9,470",1,N,1,0,1,0,SP3,FALSE,FALSE,4,5971,5972
mol3061,C[NH+](C)CCCCc1ccc(C(C)(C)C)cc1,CN(C)CCCCc1ccc(C(C)(C)C)cc1,"9,900",14,N,1,0,1,0,SP3,FALSE,FALSE,4,5973,5974
mol3062,C[NH+](C)CCCCc1ccc(C2(C)COC2)cc1,CN(C)CCCCc1ccc(C2(C)COC2)cc1,"9,900",15,N,1,0,1,0,SP3,FALSE,FALSE,4,5975,5976
mol3063,C[NH+](C)CCCCc1ccc(C2(F)COC2)cc1,CN(C)CCCCc1ccc(C2(F)COC2)cc1,"9,900",1,N,1,0,1,0,SP3,FALSE,FALSE,4,5977,5978
mol3064,C[NH+](C)CCCCc1ccc(C2(O)COC2)cc1,CN(C)CCCCc1ccc(C2(O)COC2)cc1,"9,600",1,N,1,0,1,0,SP3,FALSE,FALSE,4,5979,5980
mol3065,C[NH+](C)CCCCc1ccc(C2COC2)cc1,CN(C)CCCCc1ccc(C2COC2)cc1,"9,900",1,N,1,0,1,0,SP3,FALSE,FALSE,4,5981,5982
mol3066,C[NH+](C)CCCN1c2cc(F)ccc2CCc2ccc(F)cc21,CN(C)CCCN1c2cc(F)ccc2CCc2ccc(F)cc21,"7,650",1,N,1,0,1,0,SP3,FALSE,FALSE,4,5983,5984
mol3067,C[NH+](C)CCCN1c2ccccc2CCc2ccc(Cl)cc21,CN(C)CCCN1c2ccccc2CCc2ccc(Cl)cc21,"9,340",1,N,1,0,1,0,SP3,FALSE,FALSE,4,5985,5986
mol3068,C[NH+](C)CCCN1c2ccccc2CCc2ccccc21,CN(C)CCCN1c2ccccc2CCc2ccccc21,"9,473",1,N,1,0,1,0,SP3,FALSE,FALSE,4,5987,5988
mol3069,C[NH+](C)CCCN1c2ccccc2Sc2ccc(C#N)cc21,CN(C)CCCN1c2ccccc2Sc2ccc(C#N)cc21,"9,290",1,N,1,0,1,0,SP3,FALSE,FALSE,4,5989,5990
mol3070,C[NH+](C)CCCN1c2ccccc2Sc2ccc(C(F)(F)F)cc21,CN(C)CCCN1c2ccccc2Sc2ccc(C(F)(F)F)cc21,"9,216",1,N,1,0,1,0,SP3,FALSE,FALSE,4,5991,5992
mol3071,C[NH+](C)CCCN1c2ccccc2Sc2ccc(Cl)cc21,CN(C)CCCN1c2ccccc2Sc2ccc(Cl)cc21,"9,272",1,N,1,0,1,0,SP3,FALSE,FALSE,4,5993,5994
mol3072,C[NH+](C)CCCN1c2ccccc2Sc2ccccc21,CN(C)CCCN1c2ccccc2Sc2ccccc21,"9,360",1,N,1,0,1,0,SP3,FALSE,FALSE,4,5995,5996
mol3073,C[NH+](C)CCCNC(=O)CN=O,CN(C)CCCNC(=O)CN=O,"9,230",1,N,1,0,1,0,SP3,FALSE,FALSE,4,5997,5998
mol3074,C[NH+](C)CCCO,CN(C)CCCO,"9,760",1,N,1,0,1,0,SP3,FALSE,FALSE,4,5999,6000
mol3075,C[NH+](C)CCCc1ccc(-c2ccc(Cl)cc2)cc1,CN(C)CCCc1ccc(-c2ccc(Cl)cc2)cc1,"9,960",1,N,1,0,1,0,SP3,FALSE,FALSE,4,6001,6002
mol3076,C[NH+](C)CCCc1ccc(-c2ccccc2)cc1,CN(C)CCCc1ccc(-c2ccccc2)cc1,"9,880",1,N,1,0,1,0,SP3,FALSE,FALSE,4,6003,6004
mol3077,C[NH+](C)CCCc1ccc(Br)cc1,CN(C)CCCc1ccc(Br)cc1,"10,620",1,N,1,0,1,0,SP3,FALSE,FALSE,4,6005,6006
mol3078,C[NH+](C)CCCc1ccc(C(C)(C)C)cc1,CN(C)CCCc1ccc(C(C)(C)C)cc1,"10,030",13,N,1,0,1,0,SP3,FALSE,FALSE,4,6007,6008
mol3079,C[NH+](C)CCCc1ccc(Cl)cc1,CN(C)CCCc1ccc(Cl)cc1,"10,590",1,N,1,0,1,0,SP3,FALSE,FALSE,4,6009,6010
mol3080,C[NH+](C)CCCc1ccc2ccccc2c1,CN(C)CCCc1ccc2ccccc2c1,"10,270",1,N,1,0,1,0,SP3,FALSE,FALSE,4,6011,6012
mol3081,C[NH+](C)CCCc1ccccc1,CN(C)CCCc1ccccc1,"10,960",1,N,1,0,1,0,SP3,FALSE,FALSE,4,6013,6014
mol3082,C[NH+](C)CCNC(=O)CN=O,CN(C)CCNC(=O)CN=O,"8,800",1,N,1,0,1,0,SP3,FALSE,FALSE,4,6015,6016
mol3083,C[NH+](C)CCO,CN(C)CCO,"9,360",1,N,1,0,1,0,SP3,FALSE,FALSE,4,6017,6018
mol3084,C[NH+](C)CCO/N=C1/C[C@H]2C(C)(C)O[C@H]3CC(=O)OC[C@]32[C@H]2CC[C@@]3(C)[C@H](c4ccoc4)OC(=O)[C@H]4O[C@]43[C@]12C,CN(C)CCO/N=C1/C[C@H]2C(C)(C)O[C@H]3CC(=O)OC[C@]32[C@H]2CC[C@@]3(C)[C@H](c4ccoc4)OC(=O)[C@H]4O[C@]43[C@]12C,"8,780",23,N,1,0,1,0,SP3,FALSE,FALSE,4,6019,6020
mol3085,C[NH+](C)CCO/N=C1/C[C@H]2C(C)(C)O[C@H]3CC(=O)OC[C@]32[C@H]2CC[C@]3(C)C(=CC(=O)O[C@H]3c3ccoc3)[C@]12C,CN(C)CCO/N=C1/C[C@H]2C(C)(C)O[C@H]3CC(=O)OC[C@]32[C@H]2CC[C@]3(C)C(=CC(=O)O[C@H]3c3ccoc3)[C@]12C,"8,880",22,N,1,0,1,0,SP3,FALSE,FALSE,4,6021,6022
mol3086,C[NH+](C)CCOC(C)(c1ccccc1)c1ccccc1,CN(C)CCOC(C)(c1ccccc1)c1ccccc1,"8,750",17,N,1,0,1,0,SP3,FALSE,FALSE,4,6023,6024
mol3087,C[NH+](C)CCOC(c1ccccc1)c1ccc(Br)cc1,CN(C)CCOC(c1ccccc1)c1ccc(Br)cc1,"8,640",1,N,1,0,1,0,SP3,FALSE,FALSE,4,6025,6026
mol3088,C[NH+](C)CCOC(c1ccccc1)c1ccccc1,CN(C)CCOC(c1ccccc1)c1ccccc1,"9,067",1,N,1,0,1,0,SP3,FALSE,FALSE,4,6027,6028
mol3089,C[NH+](C)CCOc1ccc(C(=O)N2C/C(=C\c3ccccc3)C(=O)/C(=C/c3ccccc3)C2)cc1,CN(C)CCOc1ccc(C(=O)N2C/C(=C\c3ccccc3)C(=O)/C(=C/c3ccccc3)C2)cc1,"10,730",1,N,1,0,1,0,SP3,FALSE,FALSE,4,6029,6030
mol3090,C[NH+](C)C[C@@H]1[C@H](CO)[C@H]2C=C[C@@H]1C2,CN(C)C[C@@H]1[C@H](CO)[C@H]2C=C[C@@H]1C2,"9,540",1,N,1,0,1,0,SP3,FALSE,FALSE,4,6031,6032
mol3091,C[NH+](C)Cc1c(C(C)(C)C)cccc1C(C)(C)C,CN(C)Cc1c(C(C)(C)C)cccc1C(C)(C)C,"9,200",11,N,1,0,1,0,SP3,FALSE,FALSE,4,6033,6034
mol3092,C[NH+](C)Cc1ccc(NC(=O)CN=O)cc1,CN(C)Cc1ccc(NC(=O)CN=O)cc1,"8,995",1,N,1,0,1,0,SP3,FALSE,FALSE,4,6035,6036
mol3093,C[NH+](C)Cc1cccc(NC(=O)CN=O)c1,CN(C)Cc1cccc(NC(=O)CN=O)c1,"8,700",1,N,1,0,1,0,SP3,FALSE,FALSE,4,6037,6038
mol3094,C[NH+](C)Cc1ccccc1,CN(C)Cc1ccccc1,"8,995",1,N,1,0,1,0,SP3,FALSE,FALSE,4,6039,6040
mol3095,C[NH+](C)Cc1ccccc1C(=O)N(CCc1ccc(Cl)cc1)C1CCC2(CC1)OCCO2,CN(C)Cc1ccccc1C(=O)N(CCc1ccc(Cl)cc1)C1CCC2(CC1)OCCO2,"8,400",1,N,1,0,1,0,SP3,FALSE,FALSE,4,6041,6042
mol3096,C[NH+](C)Cc1ccccc1CO,CN(C)Cc1ccccc1CO,"8,780",1,N,1,0,1,0,SP3,FALSE,FALSE,4,6043,6044
mol3097,C[NH+](C)Cc1no[n+]([O-])c1C#N,CN(C)Cc1no[n+]([O-])c1C#N,"5,820",1,N,1,0,1,0,SP3,FALSE,FALSE,4,6046,6045
mol3098,C[NH+](C)[C@H]1CCCC[C@@H]1O,CN(C)[C@H]1CCCC[C@@H]1O,"10,420",1,N,1,0,1,0,SP3,FALSE,FALSE,4,6047,6048
mol3099,C[NH+](C)[C@H]1CC[C@@H](C)CC1,CN(C)[C@H]1CC[C@@H](C)CC1,"10,460",7,N,1,0,1,0,SP3,FALSE,FALSE,4,6049,6050
mol3100,C[NH+](C/C=C/C#CC(C)(C)C)Cc1cccc2ccccc12,CN(C/C=C/C#CC(C)(C)C)Cc1cccc2ccccc12,"8,500",9,N,1,0,1,0,SP3,FALSE,FALSE,4,6051,6052
mol3101,C[NH+](CC#CCN1CCCC1=O)CCBr,CN(CC#CCN1CCCC1=O)CCBr,"5,600",1,N,1,0,1,0,SP3,FALSE,FALSE,4,6054,6053
mol3102,C[NH+](CC(N)=O)C1CCC(OCc2cc(C(F)(F)F)cc(C(F)(F)F)c2)C1c1ccccc1,CN(CC(N)=O)C1CCC(OCc2cc(C(F)(F)F)cc(C(F)(F)F)c2)C1c1ccccc1,"5,800",1,N,1,0,1,0,SP3,FALSE,FALSE,4,6056,6055
mol3103,C[NH+](CC(N)=O)[C@@H]1CC[C@H](OCc2cc(C(F)(F)F)cc(C(F)(F)F)c2)[C@H]1c1ccccc1,CN(CC(N)=O)[C@@H]1CC[C@H](OCc2cc(C(F)(F)F)cc(C(F)(F)F)c2)[C@H]1c1ccccc1,"5,800",1,N,1,0,1,0,SP3,FALSE,FALSE,4,6058,6057
mol3104,C[NH+](CC1CO1)CC1CO1,CN(CC1CO1)CC1CO1,"6,450",1,N,1,0,1,0,SP3,FALSE,FALSE,4,6060,6059
mol3105,C[NH+](CCCCCCOc1ccc(C(=O)c2ccc(Br)cc2)cc1)C1CC1,CN(CCCCCCOc1ccc(C(=O)c2ccc(Br)cc2)cc1)C1CC1,"7,480",1,N,1,0,1,0,SP3,FALSE,FALSE,4,6061,6062
mol3106,C[NH+](CCCCCCOc1ccc(C(=O)c2ccc(Br)cc2)cc1)CC1CC1,CN(CCCCCCOc1ccc(C(=O)c2ccc(Br)cc2)cc1)CC1CC1,"9,370",1,N,1,0,1,0,SP3,FALSE,FALSE,4,6063,6064
mol3107,C[NH+](CCCN1c2ccccc2CCc2ccccc21)CC(=O)c1ccc(Cl)cc1,CN(CCCN1c2ccccc2CCc2ccccc21)CC(=O)c1ccc(Cl)cc1,"6,700",1,N,1,0,1,0,SP3,FALSE,FALSE,4,6066,6065
mol3108,C[NH+](CCCO)CCCCCCOc1ccc(C(=O)c2ccc(Br)cc2)cc1,CN(CCCO)CCCCCCOc1ccc(C(=O)c2ccc(Br)cc2)cc1,"9,050",1,N,1,0,1,0,SP3,FALSE,FALSE,4,6067,6068
mol3109,C[NH+](CCCl)CCCl,CN(CCCl)CCCl,"6,450",1,N,1,0,1,0,SP3,FALSE,FALSE,4,6070,6069
mol3110,C[NH+](CCO)CCCl,CN(CCO)CCCl,"7,500",1,N,1,0,1,0,SP3,FALSE,FALSE,4,6071,6072
mol3111,C[NH+](CCO)CCO,CN(CCO)CCO,"8,510",1,N,1,0,1,0,SP3,FALSE,FALSE,4,6073,6074
mol3112,C[NH+](Cc1cc(Br)cc(Br)c1N)C1CCCCC1,CN(Cc1cc(Br)cc(Br)c1N)C1CCCCC1,"8,500",1,N,1,0,1,0,SP3,FALSE,FALSE,4,6075,6076
mol3113,C[NH+](Cc1ccc(OC2CN(C(=O)c3nnc(-c4ccccc4)o3)C2)cc1)CC1(C)COC1,CN(Cc1ccc(OC2CN(C(=O)c3nnc(-c4ccccc4)o3)C2)cc1)CC1(C)COC1,"8,500",6,N,1,0,1,0,SP3,FALSE,FALSE,4,6077,6078
mol3114,C[NH+]1C(C)(C)CCCC1(C)C,CN1C(C)(C)CCCC1(C)C,"11,250",6,N,1,0,1,0,SP3,FALSE,TRUE,4,6079,6080
mol3115,C[NH+]1C2=CCCC1CCC2,CN1C2=CCCC1CCC2,"8,800",1,N,1,0,1,0,SP3,FALSE,TRUE,4,6081,6082
mol3116,C[NH+]1C2CC(OC(=O)c3c[nH]c4ccccc34)CC1C1OC12,CN1C2CC(OC(=O)c3c[nH]c4ccccc34)CC1C1OC12,"6,640",1,N,1,0,1,0,SP3,FALSE,TRUE,4,6084,6083
mol3117,C[NH+]1C2CCC1CC(=NOC(c1ccccc1)c1ccc(Cl)cc1)C2,CN1C2CCC1CC(=NOC(c1ccccc1)c1ccc(Cl)cc1)C2,"8,340",1,N,1,0,1,0,SP3,FALSE,TRUE,4,6085,6086
mol3118,C[NH+]1C2CCC1CC(NC(=O)N1CC(C)(C)c3ccccc31)C2,CN1C2CCC1CC(NC(=O)N1CC(C)(C)c3ccccc31)C2,"9,400",20,N,1,0,1,0,SP3,FALSE,TRUE,4,6087,6088
mol3119,C[NH+]1C2COCC1CC(NC(=O)N1CC(C)(C)c3ccccc31)C2,CN1C2COCC1CC(NC(=O)N1CC(C)(C)c3ccccc31)C2,"7,100",21,N,1,0,1,0,SP3,FALSE,TRUE,4,6090,6089
mol3120,C[NH+]1C=C(C#N)C=CC1,CN1C=C(C#N)C=CC1,"2,700",1,N,1,0,1,0,SP3,FALSE,TRUE,4,6092,6091
mol3121,C[NH+]1C=C(C#N)CCC1,CN1C=C(C#N)CCC1,"2,700",1,N,1,0,1,0,SP3,FALSE,TRUE,4,6094,6093
mol3122,C[NH+]1C=CNC1N,C[NH+]1C=CNC1[NH-],"8,540",6,N,0,-1,2,1,SP3,FALSE,FALSE,3,6095,6096
mol3123,C[NH+]1CC1,CN1CC1,"7,860",1,N,1,0,1,0,SP3,FALSE,TRUE,4,6097,6098
mol3124,C[NH+]1CC=CC1,CN1CC=CC1,"9,920",1,N,1,0,1,0,SP3,FALSE,TRUE,4,6099,6100
mol3125,C[NH+]1CC=[NH+]C1,C[NH+]1CC=NC1,"7,120",4,N,1,0,1,0,SP2,FALSE,TRUE,4,6101,6102
mol3126,C[NH+]1CCC(=C2c3ccccc3C=Cc3ccccc32)CC1,CN1CCC(=C2c3ccccc3C=Cc3ccccc32)CC1,"8,870",1,N,1,0,1,0,SP3,FALSE,TRUE,4,6103,6104
mol3127,C[NH+]1CCC(OC(c2ccccc2)c2ccccc2)CC1,CN1CCC(OC(c2ccccc2)c2ccccc2)CC1,"8,900",1,N,1,0,1,0,SP3,FALSE,TRUE,4,6105,6106
mol3128,C[NH+]1CCC(c2c3ccccc3cc(=O)c3sccc23)CC1,CN1CCC(c2c3ccccc3cc(=O)c3sccc23)CC1,"8,240",1,N,1,0,1,0,SP3,FALSE,TRUE,4,6107,6108
mol3129,C[NH+]1CCC1,CN1CCC1,"10,400",1,N,1,0,1,0,SP3,FALSE,TRUE,4,6109,6110
mol3130,C[NH+]1CCC2=C(C1)C(c1ccccc1)c1ccccc12,CN1CCC2=C(C1)C(c1ccccc1)c1ccccc12,"8,290",1,N,1,0,1,0,SP3,FALSE,TRUE,4,6111,6112
mol3131,C[NH+]1CCC=CC1=CN=O,CN1CCC=CC1=CN=O,"6,320",1,N,1,0,1,0,SP3,FALSE,TRUE,4,6114,6113
mol3132,C[NH+]1CCCC(n2nc(Cc3ccc(Cl)cc3)c3ccccc3c2=O)CC1,CN1CCCC(n2nc(Cc3ccc(Cl)cc3)c3ccccc3c2=O)CC1,"9,540",1,N,1,0,1,0,SP3,FALSE,TRUE,4,6115,6116
mol3133,C[NH+]1CCCC1,CN1CCCC1,"10,580",1,N,1,0,1,0,SP3,FALSE,TRUE,4,6117,6118
mol3134,C[NH+]1CCCC1CCOC(C)(c1ccccc1)c1ccc(Cl)cc1,CN1CCCC1CCOC(C)(c1ccccc1)c1ccc(Cl)cc1,"9,200",22,N,1,0,1,0,SP3,FALSE,TRUE,4,6119,6120
mol3135,C[NH+]1CCCC1c1ccccc1,CN1CCCC1c1ccccc1,"8,800",1,N,1,0,1,0,SP3,FALSE,TRUE,4,6121,6122
mol3136,C[NH+]1CCCCC1,CN1CCCCC1,"9,090",1,N,1,0,1,0,SP3,FALSE,TRUE,4,6123,6124
mol3137,C[NH+]1CCCCC1CCN1c2ccccc2Sc2ccc(S(C)=O)cc21,CN1CCCCC1CCN1c2ccccc2Sc2ccc(S(C)=O)cc21,"9,610",1,N,1,0,1,0,SP3,FALSE,TRUE,4,6125,6126
mol3138,C[NH+]1CCCCCC1,CN1CCCCCC1,"10,960",1,N,1,0,1,0,SP3,FALSE,TRUE,4,6127,6128
mol3139,C[NH+]1CCN(C(=O)c2ccccc2)CC1,CN1CCN(C(=O)c2ccccc2)CC1,"6,780",1,N,1,0,1,0,SP3,FALSE,TRUE,4,6130,6129
mol3140,C[NH+]1CCN(C(C#N)c2ccc3c(c2)OCO3)CC1,CN1CCN(C(C#N)c2ccc3c(c2)OCO3)CC1,"7,600",1,N,1,0,1,0,SP3,FALSE,TRUE,4,6131,6132
mol3141,C[NH+]1CCN(C(c2ccccc2)c2ccc(Cl)cc2)CC1,CN1CCN(C(c2ccccc2)c2ccc(Cl)cc2)CC1,"7,810",1,N,1,0,1,0,SP3,FALSE,TRUE,4,6133,6134
mol3142,C[NH+]1CCN(C2=[NH+]c3ccccc3Oc3ccc(Cl)cc32)CC1,CN1CCN(C2=[NH+]c3ccccc3Oc3ccc(Cl)cc32)CC1,"7,513",1,N,1,0,1,0,SP3,FALSE,TRUE,4,6135,6136
mol3143,C[NH+]1CCN(c2ccccc2/C=C2\SCCN(c3ccc(Cl)c(Cl)c3)C2=O)CC1,CN1CCN(c2ccccc2/C=C2\SCCN(c3ccc(Cl)c(Cl)c3)C2=O)CC1,"11,500",1,N,1,0,1,0,SP3,FALSE,TRUE,4,6137,6138
mol3144,C[NH+]1CCN(c2nc3c(=O)c4cc(F)ccc4[nH]c3s2)CC1,CN1CCN(c2nc3c(=O)c4cc(F)ccc4[nH]c3s2)CC1,"8,000",1,N,1,0,1,0,SP3,FALSE,TRUE,4,6139,6140
mol3145,C[NH+]1CCN(c2nc3c(=O)c4ccccc4[nH]c3s2)CC1,CN1CCN(c2nc3c(=O)c4ccccc4[nH]c3s2)CC1,"8,600",1,N,1,0,1,0,SP3,FALSE,TRUE,4,6141,6142
mol3146,C[NH+]1CCN2c3ccccc3Cc3ccccc3C2C1,CN1CCN2c3ccccc3Cc3ccccc3C2C1,"7,750",1,N,1,0,1,0,SP3,FALSE,TRUE,4,6143,6144
mol3147,C[NH+]1CCOC(c2ccccc2)c2ccccc2C1,CN1CCOC(c2ccccc2)c2ccccc2C1,"9,300",1,N,1,0,1,0,SP3,FALSE,TRUE,4,6145,6146
mol3148,C[NH+]1CCOCC1,CN1CCOCC1,"7,530",1,N,1,0,1,0,SP3,FALSE,TRUE,4,6147,6148
mol3149,C[NH+]1CC[C@H]2CCC[C@@H](NC(=O)c3ccc(Cl)c(Cl)c3)[C@H]2C1,CN1CC[C@H]2CCC[C@@H](NC(=O)c3ccc(Cl)c(Cl)c3)[C@H]2C1,"9,050",1,N,1,0,1,0,SP3,FALSE,TRUE,4,6149,6150
mol3150,C[NH+]1CC[C@H]2CCC[C@@H](NC(=O)c3ccc(Cl)cc3)[C@@H]2C1,CN1CC[C@H]2CCC[C@@H](NC(=O)c3ccc(Cl)cc3)[C@@H]2C1,"8,830",1,N,1,0,1,0,SP3,FALSE,TRUE,4,6151,6152
mol3151,C[NH+]1CC[C@H]2CCC[C@@H](NC(=O)c3ccccc3)[C@@H]2C1,CN1CC[C@H]2CCC[C@@H](NC(=O)c3ccccc3)[C@@H]2C1,"8,990",1,N,1,0,1,0,SP3,FALSE,TRUE,4,6153,6154
mol3152,C[NH+]1CC[C@H]2CCC[C@@H](NC(=O)c3ccccc3)[C@H]2C1,CN1CC[C@H]2CCC[C@@H](NC(=O)c3ccccc3)[C@H]2C1,"9,180",1,N,1,0,1,0,SP3,FALSE,TRUE,4,6155,6156
mol3153,C[NH+]1CC[C@H]2CCC[C@@H](OC(=O)c3ccc(Cl)cc3)[C@@H]2C1,CN1CC[C@H]2CCC[C@@H](OC(=O)c3ccc(Cl)cc3)[C@@H]2C1,"8,750",1,N,1,0,1,0,SP3,FALSE,TRUE,4,6157,6158
mol3154,C[NH+]1CC[C@H]2CCC[C@@H](OC(=O)c3ccc(Cl)cc3)[C@H]2C1,CN1CC[C@H]2CCC[C@@H](OC(=O)c3ccc(Cl)cc3)[C@H]2C1,"8,900",1,N,1,0,1,0,SP3,FALSE,TRUE,4,6159,6160
mol3155,C[NH+]1CC[C@H]2CCC[C@@H](OC(=O)c3ccccc3)[C@H]2C1,CN1CC[C@H]2CCC[C@@H](OC(=O)c3ccccc3)[C@H]2C1,"9,050",1,N,1,0,1,0,SP3,FALSE,TRUE,4,6161,6162
mol3156,C[NH+]1CC[C@]23c4c5ccc(OCc6ccccc6)c4O[C@H]2[C@@H](O)C=C[C@H]3[C@H]1C5,CN1CC[C@]23c4c5ccc(OCc6ccccc6)c4O[C@H]2[C@@H](O)C=C[C@H]3[C@H]1C5,"8,070",1,N,1,0,1,0,SP3,FALSE,TRUE,4,6163,6164
mol3157,C[NH+]1C[C@@H](CO)C[C@H]2c3cccc4[nH]cc(c34)C[C@@H]21,CN1C[C@@H](CO)C[C@H]2c3cccc4[nH]cc(c34)C[C@@H]21,"8,300",1,N,1,0,1,0,SP3,FALSE,TRUE,4,6165,6166
mol3158,C[NH+]1C[C@H](CO)C[C@H]2c3cccc4[nH]cc(c34)C[C@@H]21,CN1C[C@H](CO)C[C@H]2c3cccc4[nH]cc(c34)C[C@@H]21,"8,840",1,N,1,0,1,0,SP3,FALSE,TRUE,4,6167,6168
mol3159,C[NH+]1[C@@H](CC(=O)c2ccccc2)CCC[C@H]1C[C@@H](O)c1ccccc1,CN1[C@@H](CC(=O)c2ccccc2)CCC[C@H]1C[C@@H](O)c1ccccc1,"8,000",1,N,1,0,1,0,SP3,FALSE,TRUE,4,6169,6170
mol3160,C[NH+]1[C@@H]2CC[C@H]1C[C@H](O)C2,CN1[C@@H]2CC[C@H]1C[C@H](O)C2,"10,330",1,N,1,0,1,0,SP3,FALSE,TRUE,4,6171,6172
mol3161,C[NH+]1[C@@H]2CC[C@H]1C[C@H](OC(=O)[C@H](CO)c1ccccc1)C2,CN1[C@@H]2CC[C@H]1C[C@H](OC(=O)[C@H](CO)c1ccccc1)C2,"9,660",1,N,1,0,1,0,SP3,FALSE,TRUE,4,6173,6174
mol3162,C[NH+]1[C@@H]2CC[C@H]1C[C@@H](O)C2,CN1[C@@H]2CC[C@H]1C[C@@H](O)C2,"9,860",1,N,1,0,1,0,SP3,FALSE,TRUE,4,6175,6176
mol3163,C[NH+]1[C@@H]2CC[C@H]1C[C@@H](OC(=O)C(CO)c1ccccc1)C2,CN1[C@@H]2CC[C@H]1C[C@@H](OC(=O)C(CO)c1ccccc1)C2,"9,761",1,N,1,0,1,0,SP3,FALSE,TRUE,4,6177,6178
mol3164,C[NH+]1[C@@H]2CC[C@H]1C[C@@H](OC(=O)c1c[nH]c3ccccc13)C2,CN1[C@@H]2CC[C@H]1C[C@@H](OC(=O)c1c[nH]c3ccccc13)C2,"8,400",1,N,1,0,1,0,SP3,FALSE,TRUE,4,6179,6180
mol3165,C[NH+]1[C@@H]2CC[C@H]1C[C@@H](OC(c1ccccc1)c1ccccc1)C2,CN1[C@@H]2CC[C@H]1C[C@@H](OC(c1ccccc1)c1ccccc1)C2,"10,000",1,N,1,0,1,0,SP3,FALSE,TRUE,4,6181,6182
mol3166,C[NH+]1[C@@H]2C[C@H](OC(=O)[C@H](CO)c3ccccc3)C[C@H]1[C@H]1O[C@H]12,CN1[C@@H]2C[C@H](OC(=O)[C@H](CO)c3ccccc3)C[C@H]1[C@H]1O[C@H]12,"7,550",1,N,1,0,1,0,SP3,FALSE,TRUE,4,6183,6184
mol3167,C[NH+]1[C@@H]2C[C@@H](OC(=O)[C@H](CO)c3ccccc3)C[C@H]1[C@@H]1O[C@H]12,CN1[C@@H]2C[C@@H](OC(=O)[C@H](CO)c3ccccc3)C[C@H]1[C@@H]1O[C@H]12,"7,633",1,N,1,0,1,0,SP3,FALSE,TRUE,4,6185,6186
mol3168,C[NH+]1[C@@H]2C[C@@H]3C[C@H]1[C@@H](O)[C@H]2O3,CN1[C@@H]2C[C@@H]3C[C@H]1[C@@H](O)[C@H]2O3,"8,200",1,N,1,0,1,0,SP3,FALSE,TRUE,4,6187,6188
mol3169,C[NH+]=C(N)[NH+]=C(N)Nc1ccc(Cl)cc1,CN=C(N)[NH+]=C(N)Nc1ccc(Cl)cc1,"10,600",1,N,1,0,1,0,SP2,FALSE,FALSE,4,6189,6190
mol3170,C[NH+]=C1Nc2ccccc2C(C)N1,CN=C1Nc2ccccc2C(C)N1,"10,600",10,N,1,0,1,0,SP2,FALSE,FALSE,4,6191,6192
mol3171,C[NH2+]C,CNC,"10,880",1,N,1,0,2,1,SP3,FALSE,FALSE,4,6193,6194
mol3172,C[NH2+]C(C)C(O)c1ccccc1,CNC(C)C(O)c1ccccc1,"9,960",10,N,1,0,2,1,SP3,FALSE,FALSE,4,6195,6196
mol3173,C[NH2+]C(C)CC1CCCCC1,CNC(C)CC1CCCCC1,"10,520",9,N,1,0,2,1,SP3,FALSE,FALSE,4,6197,6198
mol3174,C[NH2+]C(C)Cc1ccc(OC)c(OC)c1,CNC(C)Cc1ccc(OC)c(OC)c1,"9,800",13,N,1,0,2,1,SP3,FALSE,FALSE,4,6199,6200
mol3175,C[NH2+]C(C)Cc1ccccc1,CNC(C)Cc1ccccc1,"9,870",9,N,1,0,2,1,SP3,FALSE,FALSE,4,6201,6202
mol3176,C[NH2+]C(CO)CO,CNC(CO)CO,"9,120",1,N,1,0,2,1,SP3,FALSE,FALSE,4,6203,6204
mol3177,C[NH2+]C1(c2ccccc2Cl)CCCCC1=O,CNC1(c2ccccc2Cl)CCCCC1=O,"7,495",1,N,1,0,2,1,SP3,FALSE,FALSE,4,6205,6206
mol3178,C[NH2+]CC(=O)N(C)C,CNCC(=O)N(C)C,"8,860",1,N,1,0,2,1,SP3,FALSE,FALSE,4,6207,6208
mol3179,C[NH2+]CC(=O)Nc1c(C)cccc1C,CNCC(=O)Nc1c(C)cccc1C,"7,990",11,N,1,0,2,1,SP3,FALSE,FALSE,4,6209,6210
mol3180,C[NH2+]CC(C)c1ccccc1,CNCC(C)c1ccccc1,"9,870",3,N,1,0,2,1,SP3,FALSE,FALSE,4,6211,6212
mol3181,C[NH2+]CC(N)=O,CNCC(N)=O,"8,350",1,N,1,0,2,1,SP3,FALSE,FALSE,4,6213,6214
mol3182,C[NH2+]CC(O)CO,CNCC(O)CO,"9,550",1,N,1,0,2,1,SP3,FALSE,FALSE,4,6215,6216
mol3183,C[NH2+]CC(O)c1ccccc1,CNCC(O)c1ccccc1,"9,310",1,N,1,0,2,1,SP3,FALSE,FALSE,4,6217,6218
mol3184,C[NH2+]CC1CC2c3ccccc3C1c1ccccc12,CNCC1CC2c3ccccc3C1c1ccccc12,"10,180",1,N,1,0,2,1,SP3,FALSE,FALSE,4,6219,6220
mol3185,C[NH2+]CCC(=O)c1ccccc1,CNCCC(=O)c1ccccc1,"9,000",1,N,1,0,2,1,SP3,FALSE,FALSE,4,6221,6222
mol3186,C[NH2+]CCC(Oc1ccc(C(F)(F)F)cc1)c1ccccc1,CNCCC(Oc1ccc(C(F)(F)F)cc1)c1ccccc1,"10,040",1,N,1,0,2,1,SP3,FALSE,FALSE,4,6223,6224
mol3187,C[NH2+]CCC=C1c2ccccc2CCc2ccccc21,CNCCC=C1c2ccccc2CCc2ccccc21,"10,144",1,N,1,0,2,1,SP3,FALSE,FALSE,4,6225,6226
mol3188,C[NH2+]CCCC12CCC(c3ccccc31)c1ccccc12,CNCCCC12CCC(c3ccccc31)c1ccccc12,"10,533",1,N,1,0,2,1,SP3,FALSE,FALSE,4,6227,6228
mol3189,C[NH2+]CCCC1c2ccccc2C=Cc2ccccc21,CNCCCC1c2ccccc2C=Cc2ccccc21,"8,200",1,N,1,0,2,1,SP3,FALSE,FALSE,4,6229,6230
mol3190,C[NH2+]CCCCc1ccccc1,CNCCCCc1ccccc1,"10,760",1,N,1,0,2,1,SP3,FALSE,FALSE,4,6231,6232
mol3191,C[NH2+]CCCN1c2ccccc2CCc2ccccc21,CNCCCN1c2ccccc2CCc2ccccc21,"10,245",1,N,1,0,2,1,SP3,FALSE,FALSE,4,6233,6234
mol3192,C[NH2+]CCCNC(=O)CN=O,CNCCCNC(=O)CN=O,"9,620",1,N,1,0,2,1,SP3,FALSE,FALSE,4,6235,6236
mol3193,C[NH2+]CCC[C@]12CC[C@H](c3ccccc31)c1ccccc12,CNCCC[C@]12CC[C@H](c3ccccc31)c1ccccc12,"10,500",1,N,1,0,2,1,SP3,FALSE,FALSE,4,6237,6238
mol3194,C[NH2+]CCCc1ccccc1,CNCCCc1ccccc1,"10,580",1,N,1,0,2,1,SP3,FALSE,FALSE,4,6239,6240
mol3195,C[NH2+]CCN(C)C(=O)Oc1ccc(OC)cc1,CNCCN(C)C(=O)Oc1ccc(OC)cc1,"8,880",1,N,1,0,2,1,SP3,FALSE,FALSE,4,6241,6242
mol3196,C[NH2+]CCO,CNCCO,"9,910",1,N,1,0,2,1,SP3,FALSE,FALSE,4,6243,6244
mol3197,C[NH2+]CC[C@@H](Oc1ccccc1C)c1ccccc1,CNCC[C@@H](Oc1ccccc1C)c1ccccc1,"10,158",11,N,1,0,2,1,SP3,FALSE,FALSE,4,6245,6246
mol3198,C[NH2+]CC[C@H](Oc1cccc2ccccc12)c1cccs1,CNCC[C@H](Oc1cccc2ccccc12)c1cccs1,"9,970",1,N,1,0,2,1,SP3,FALSE,FALSE,4,6247,6248
mol3199,C[NH2+]CCc1ccccc1,CNCCc1ccccc1,"10,230",1,N,1,0,2,1,SP3,FALSE,FALSE,4,6249,6250
mol3200,C[NH2+]CCc1nc(-c2cn(C)c3ccccc23)no1,CNCCc1nc(-c2cn(C)c3ccccc23)no1,"8,800",1,N,1,0,2,1,SP3,FALSE,FALSE,4,6251,6252
mol3201,C[NH2+]Cc1cc(-c2ccc(F)cc2)n(S(=O)(=O)c2ccc(C)cc2)c1,CNCc1cc(-c2ccc(F)cc2)n(S(=O)(=O)c2ccc(C)cc2)c1,"9,400",23,N,1,0,2,1,SP3,FALSE,FALSE,4,6253,6254
mol3202,C[NH2+]Cc1cc(-c2cccc(F)c2)n(S(=O)(=O)c2ccc(C)cc2)c1,CNCc1cc(-c2cccc(F)c2)n(S(=O)(=O)c2ccc(C)cc2)c1,"9,310",23,N,1,0,2,1,SP3,FALSE,FALSE,4,6255,6256
mol3203,C[NH2+]Cc1cc(-c2ccccc2)n(S(=O)(=O)c2ccc(C)cc2)c1,CNCc1cc(-c2ccccc2)n(S(=O)(=O)c2ccc(C)cc2)c1,"9,490",22,N,1,0,2,1,SP3,FALSE,FALSE,4,6257,6258
mol3204,C[NH2+]Cc1cc(-c2ccccc2)n(S(=O)(=O)c2ccc(OC)cc2)c1,CNCc1cc(-c2ccccc2)n(S(=O)(=O)c2ccc(OC)cc2)c1,"9,480",1,N,1,0,2,1,SP3,FALSE,FALSE,4,6259,6260
mol3205,C[NH2+]Cc1cc(-c2ccccc2F)n(S(=O)(=O)c2ccc(C)cc2)c1,CNCc1cc(-c2ccccc2F)n(S(=O)(=O)c2ccc(C)cc2)c1,"9,480",23,N,1,0,2,1,SP3,FALSE,FALSE,4,6261,6262
mol3206,C[NH2+]Cc1cc(-c2ccccc2F)n(S(=O)(=O)c2cccnc2)c1,CNCc1cc(-c2ccccc2F)n(S(=O)(=O)c2cccnc2)c1,"9,300",1,N,1,0,2,1,SP3,FALSE,FALSE,4,6263,6264
mol3207,C[NH2+]Cc1cc(=O)oc2cc(OCc3cccc(Cl)c3)ccc12,CNCc1cc(=O)oc2cc(OCc3cccc(Cl)c3)ccc12,"7,180",1,N,1,0,2,1,SP3,FALSE,FALSE,4,6266,6265
mol3208,C[NH2+]Cc1ccc(C)cc1,CNCc1ccc(C)cc1,"9,930",8,N,1,0,2,1,SP3,FALSE,FALSE,4,6267,6268
mol3209,C[NH2+]Cc1ccccc1,CNCc1ccccc1,"9,640",1,N,1,0,2,1,SP3,FALSE,FALSE,4,6269,6270
mol3210,C[NH2+]Cc1cn(S(=O)(=O)c2cc(C)ccn2)c(-c2cccnc2F)c1F,CNCc1cn(S(=O)(=O)c2cc(C)ccn2)c(-c2cccnc2F)c1F,"8,730",24,N,1,0,2,1,SP3,FALSE,FALSE,4,6271,6272
mol3211,C[NH2+]Cc1cn(S(=O)(=O)c2cccnc2)c(-c2cccnc2F)c1F,CNCc1cn(S(=O)(=O)c2cccnc2)c(-c2cccnc2F)c1F,"8,540",1,N,1,0,2,1,SP3,FALSE,FALSE,4,6273,6274
mol3212,C[NH2+]Cc1nc(-c2cn(C)c3ccccc23)no1,CNCc1nc(-c2cn(C)c3ccccc23)no1,"6,500",1,N,1,0,2,1,SP3,FALSE,FALSE,4,6276,6275
mol3213,C[NH2+][C@@H](C)[C@@H](O)c1ccccc1,CN[C@@H](C)[C@@H](O)c1ccccc1,"10,055",10,N,1,0,2,1,SP3,FALSE,FALSE,4,6277,6278
mol3214,C[NH2+][C@@H](C)[C@H](O)c1ccccc1,CN[C@@H](C)[C@H](O)c1ccccc1,"9,555",10,N,1,0,2,1,SP3,FALSE,FALSE,4,6279,6280
mol3215,C[NH2+][C@H](C)[C@H](O)c1ccccc1,CN[C@H](C)[C@H](O)c1ccccc1,"9,610",10,N,1,0,2,1,SP3,FALSE,FALSE,4,6281,6282
mol3216,C[NH2+][C@H]1CCCC[C@@H]1O,CN[C@H]1CCCC[C@@H]1O,"10,160",1,N,1,0,2,1,SP3,FALSE,FALSE,4,6283,6284
mol3217,C[NH2+][C@H]1CC[C@@H](c2ccc(Cl)c(Cl)c2)c2ccc(C(N)=O)cc21,CN[C@H]1CC[C@@H](c2ccc(Cl)c(Cl)c2)c2ccc(C(N)=O)cc21,"8,500",1,N,1,0,2,1,SP3,FALSE,FALSE,4,6285,6286
mol3218,C[NH2+][C@H]1CC[C@@H](c2ccc(Cl)c(Cl)c2)c2ccccc21,CN[C@H]1CC[C@@H](c2ccc(Cl)c(Cl)c2)c2ccccc21,"9,230",1,N,1,0,2,1,SP3,FALSE,FALSE,4,6287,6288
mol3219,C[NH2+][C@]1(C)[C@@H]2CC[C@@H](C2)C1(C)C,CN[C@]1(C)[C@@H]2CC[C@@H](C2)C1(C)C,"11,085",10,N,1,0,2,1,SP3,FALSE,FALSE,4,6289,6290
mol3220,C[NH3+],CN,"10,695",1,N,1,0,3,2,SP3,FALSE,FALSE,4,6291,6292
mol3221,C[S+](C)c1ccc(O)cc1,C[S+](C)c1ccc([O-])cc1,"7,310",9,O,0,-1,1,0,SP2,FALSE,FALSE,2,6293,6294
mol3222,C[S+](C)c1cccc(O)c1,C[S+](C)c1cccc([O-])c1,"7,670",9,O,0,-1,1,0,SP2,FALSE,FALSE,2,6295,6296
mol3223,C[N+]1=C(N)C=C[NH2+]C1=O,C[n+]1c(N)cc[nH]c1=O,"7,380",5,N,1,0,2,1,SP3,FALSE,TRUE,4,6297,6298
mol3224,C[n+]1c(N[NH3+])ccc2ccccc21,C[n+]1c(NN)ccc2ccccc21,"2,660",12,N,1,0,3,2,SP3,FALSE,FALSE,4,6299,6300
mol3225,C[n+]1c2ccccc2c(Nc2ccc(NS(C)(=O)=O)cc2)c2ccc(N)cc21,C[n+]1c2ccccc2c(Nc2ccc([N-]S(C)(=O)=O)cc2)c2ccc(N)cc21,"10,070",23,N,0,-1,1,0,SP2,FALSE,FALSE,3,6301,6302
mol3226,C[n+]1c2ccccc2c(Nc2ccccc2)c2[nH]c3ccccc3c21,C[n+]1c2ccccc2c(Nc2ccccc2)c2[n-]c3ccccc3c21,"10,600",17,N,0,-1,1,0,SP2,TRUE,TRUE,3,6303,6304
mol3227,C[n+]1c2ccccc2nc2c([OH2+])cccc21,C[n+]1c2ccccc2nc2c(O)cccc21,"4,850",15,O,1,0,2,1,SP2,FALSE,FALSE,3,6305,6306
mol3228,C[n+]1c2ccccc2nc2ccc([OH2+])cc21,C[n+]1c2ccccc2nc2ccc(O)cc21,"3,000",15,O,1,0,2,1,SP2,FALSE,FALSE,3,6307,6308
mol3229,C[n+]1cc([OH2+])c2ccccc2c1,C[n+]1cc(O)c2ccccc2c1,"4,930",11,O,1,0,2,1,SP2,FALSE,FALSE,3,6309,6310
mol3230,C[n+]1cc([OH2+])cc2ccccc21,C[n+]1cc(O)cc2ccccc21,"5,420",11,O,1,0,2,1,SP2,FALSE,FALSE,3,6311,6312
mol3231,C[n+]1cc(S)cc2ccccc21,C[n+]1cc([S-])cc2ccccc21,"2,400",11,S,0,-1,1,0,SP3,FALSE,FALSE,2,6313,6314
mol3232,C[N+]1=CC=C(N)[NH2+]C1=O,C[n+]1ccc(N)[nH]c1=O,"4,520",5,N,1,0,2,1,SP3,FALSE,TRUE,4,6315,6316
mol3233,C[n+]1ccc(N[NH3+])c2ccccc21,C[n+]1ccc(NN)c2ccccc21,"2,610",12,N,1,0,3,2,SP3,FALSE,FALSE,4,6317,6318
mol3234,C[n+]1ccc2c([OH2+])cccc2c1,C[n+]1ccc2c(O)cccc2c1,"6,900",11,O,1,0,2,1,SP2,FALSE,FALSE,3,6319,6320
mol3235,C[n+]1ccc2cc([OH2+])ccc2c1,C[n+]1ccc2cc(O)ccc2c1,"6,060",11,O,1,0,2,1,SP2,FALSE,FALSE,3,6321,6322
mol3236,C[n+]1ccc2ccc([OH2+])cc2c1,C[n+]1ccc2ccc(O)cc2c1,"7,090",11,O,1,0,2,1,SP2,FALSE,FALSE,3,6323,6324
mol3237,C[n+]1ccc2cccc([OH2+])c2c1,C[n+]1ccc2cccc(O)c2c1,"5,810",11,O,1,0,2,1,SP2,FALSE,FALSE,3,6325,6326
mol3238,C[n+]1cccc(C(=O)O)c1,C[n+]1cccc(C(=O)[O-])c1,"2,290",9,O,0,-1,1,0,SP2,FALSE,FALSE,2,6327,6328
mol3239,C[n+]1cccc(CC(=O)c2ccccc2)c1,C[n+]1cccc([CH-]C(=O)c2ccccc2)c1,"10,980",7,C,0,-1,2,1,SP3,FALSE,FALSE,4,6329,6330
mol3240,C[n+]1cccc([OH2+])c1,C[n+]1cccc(O)c1,"4,960",7,O,1,0,2,1,SP2,FALSE,FALSE,3,6331,6332
mol3241,C[n+]1cccc(S)c1,C[n+]1cccc([S-])c1,"2,270",7,S,0,-1,1,0,SP3,FALSE,FALSE,2,6333,6334
mol3242,C[n+]1cccc2c([OH2+])cccc21,C[n+]1cccc2c(O)cccc21,"6,120",11,O,1,0,2,1,SP2,FALSE,FALSE,3,6335,6336
mol3243,C[n+]1cccc2c(S)cccc21,C[n+]1cccc2c([S-])cccc21,"3,220",11,S,0,-1,1,0,SP3,FALSE,FALSE,2,6337,6338
mol3244,C[n+]1cccc2cc(O)ccc21,C[n+]1cccc2cc([O-])ccc21,"7,150",11,O,0,-1,1,0,SP2,FALSE,FALSE,2,6339,6340
mol3245,C[n+]1cccc2cc(S)ccc21,C[n+]1cccc2cc([S-])ccc21,"4,120",11,S,0,-1,1,0,SP3,FALSE,FALSE,2,6341,6342
mol3246,C[n+]1cccc2ccc([OH2+])cc21,C[n+]1cccc2ccc(O)cc21,"5,560",11,O,1,0,2,1,SP2,FALSE,FALSE,3,6343,6344
mol3247,C[n+]1cccc2cccc(O)c21,C[n+]1cccc2cccc([O-])c21,"6,810",11,O,0,-1,1,0,SP2,FALSE,FALSE,2,6345,6346
mol3248,C[n+]1ccccc1/C=C/c1ccc(O)cc1,C[n+]1ccccc1/C=C/c1ccc([O-])cc1,"8,400",15,O,0,-1,1,0,SP2,FALSE,FALSE,2,6347,6348
mol3249,C[n+]1nc(-c2ccccc2)ccc1NCC[NH+]1CCOCC1,C[n+]1nc(-c2ccccc2)ccc1NCCN1CCOCC1,"5,310",16,N,1,0,1,0,SP3,FALSE,TRUE,4,6350,6349
mol3250,Cc1[nH+]cc(C2CCN(C(=O)CCS(=O)(=O)c3ccc4cc(Cl)ccc4c3)CC2)n1C,Cc1ncc(C2CCN(C(=O)CCS(=O)(=O)c3ccc4cc(Cl)ccc4c3)CC2)n1C,"8,200",2,N,1,0,1,0,SP2,TRUE,TRUE,4,6351,6352
mol3251,Cc1[nH+]cc2n1C(=O)N(C1CCN(C(=O)CCS(=O)(=O)c3ccc4cc(Cl)ccc4c3)CC1)C2,Cc1ncc2n1C(=O)N(C1CCN(C(=O)CCS(=O)(=O)c3ccc4cc(Cl)ccc4c3)CC1)C2,"5,000",2,N,1,0,1,0,SP2,TRUE,TRUE,4,6354,6353
mol3252,Cc1[nH+]cc2n1C(=O)N(N1CCN(C(=O)CCS(=O)(=O)c3ccc4cc(Cl)ccc4c3)CC1)C2,Cc1ncc2n1C(=O)N(N1CCN(C(=O)CCS(=O)(=O)c3ccc4cc(Cl)ccc4c3)CC1)C2,"5,000",2,N,1,0,1,0,SP2,TRUE,TRUE,4,6356,6355
mol3253,Cc1[nH][nH]c(=O)c1-c1ccccc1,Cc1[n-][nH]c(=O)c1-c1ccccc1,"11,400",6,N,0,-1,1,0,SP2,TRUE,TRUE,3,6357,6358
mol3254,Cc1[nH]c(C(=O)NC2CCN(c3ncc(C(=O)O)s3)CC2)c(Cl)c1Cl,Cc1[nH]c(C(=O)NC2CCN(c3ncc(C(=O)[O-])s3)CC2)c(Cl)c1Cl,"3,400",22,O,0,-1,1,0,SP2,FALSE,FALSE,2,6359,6360
mol3255,Cc1[nH]c(C2CCN(C(=O)CCS(=O)(=O)c3ccc4cc(Cl)ccc4c3)CC2)c[nH+]1,Cc1ncc(C2CCN(C(=O)CCS(=O)(=O)c3ccc4cc(Cl)ccc4c3)CC2)[nH]1,"7,900",5,N,1,0,1,0,SP2,TRUE,TRUE,4,6361,6362
mol3256,Cc1[nH]c(CO)c(-c2ccc(Oc3ccc(OC(F)(F)F)cc3)cc2)c(=O)c1Cl,Cc1[n-]c(CO)c(-c2ccc(Oc3ccc(OC(F)(F)F)cc3)cc2)c(=O)c1Cl,"9,730",7,N,0,-1,1,0,SP2,TRUE,TRUE,3,6363,6364
mol3258,Cc1[nH]c2ccc(OC3CC[NH+](C(C)C)CC3)cc2c1C(=O)N1CCOCC1,Cc1[nH]c2ccc(OC3CCN(C(C)C)CC3)cc2c1C(=O)N1CCOCC1,"9,800",14,N,1,0,1,0,SP3,FALSE,TRUE,4,6365,6366
mol3259,Cc1[nH]c2ccccc2c1C(=O)O,Cc1[nH]c2ccccc2c1C(=O)[O-],"5,890",12,O,0,-1,1,0,SP2,FALSE,FALSE,2,6367,6368
mol3260,Cc1[nH]c2ccccc2c1C1CCC[NH+](Cc2ccc(CCC(=O)N=O)cc2)C1,Cc1[nH]c2ccccc2c1C1CCCN(Cc2ccc(CCC(=O)N=O)cc2)C1,"7,800",14,N,1,0,1,0,SP3,FALSE,TRUE,4,6369,6370
mol3261,Cc1[nH]c2ccccc2c1CC(=O)O,Cc1[nH]c2ccccc2c1CC(=O)[O-],"4,670",13,O,0,-1,1,0,SP2,FALSE,FALSE,2,6371,6372
mol3262,Cc1[nH]c2ccccc2c1CC[NH+](Cc1ccc(CCC(=O)N=O)cc1)CC(F)F,Cc1[nH]c2ccccc2c1CCN(Cc1ccc(CCC(=O)N=O)cc1)CC(F)F,"4,650",12,N,1,0,1,0,SP3,FALSE,FALSE,4,6373,6374
mol3263,Cc1[nH]c2ccccc2c1CC[NH+](CCC(F)F)Cc1ccc(CCC(=O)N=O)cc1,Cc1[nH]c2ccccc2c1CCN(CCC(F)F)Cc1ccc(CCC(=O)N=O)cc1,"5,800",12,N,1,0,1,0,SP3,FALSE,FALSE,4,6376,6375
mol3264,Cc1[nH]ccc1C(=O)O,Cc1[nH]ccc1C(=O)[O-],"5,800",8,O,0,-1,1,0,SP2,FALSE,FALSE,2,6377,6378
mol3265,Cc1[nH]ccc2c1[nH]c1cc(=O)ccc12,Cc1[n-]ccc2c1[nH]c1cc(=O)ccc12,"8,430",6,N,0,-1,1,0,SP2,TRUE,TRUE,3,6379,6380
mol3266,Cc1[nH]n(-c2ccccc2)c(=O)c1C,Cc1[n-]n(-c2ccccc2)c(=O)c1C,"11,300",3,N,0,-1,1,0,SP2,TRUE,TRUE,3,6381,6382
mol3267,CC1=C(C(=O)c2ccccc2)C(=S)N(c2ccccc2)[NH2+]1,Cc1[nH]n(-c2ccccc2)c(=S)c1C(=O)c1ccccc1,"2,900",6,N,1,0,2,1,SP3,FALSE,TRUE,4,6383,6384
mol3268,Cc1[nH]n(C)c(=O)c1Cc1ccccc1,Cc1[n-]n(C)c(=O)c1Cc1ccccc1,"10,900",6,N,0,-1,1,0,SP2,TRUE,TRUE,3,6385,6386
mol3269,Cc1[nH]nc2c([NH3+])cccc12,Cc1[nH]nc2c(N)cccc12,"3,180",10,N,1,0,3,2,SP3,FALSE,FALSE,4,6387,6388
mol3270,Cc1[nH]nc2c1c(=O)n(C)c(=O)n2C,Cc1[n-]nc2c1c(=O)n(C)c(=O)n2C,"9,830",5,N,0,-1,1,0,SP2,TRUE,TRUE,3,6389,6390
mol3271,Cc1[nH][nH+]c2cc(N)ccc12,Cc1[nH]nc2cc(N)ccc12,"4,000",8,N,1,0,1,0,SP2,TRUE,TRUE,4,6391,6392
mol3272,Cc1[nH]nc2ncnc(N)c12,Cc1[n-]nc2ncnc(N)c12,"11,110",9,N,0,-1,1,0,SP2,TRUE,TRUE,3,6393,6394
mol3273,Cc1c(-c2ccc(=O)n(Cc3ccccc3)n2)c2cc(Br)ccc2n1CC(=O)O,Cc1c(-c2ccc(=O)n(Cc3ccccc3)n2)c2cc(Br)ccc2n1CC(=O)[O-],"4,030",13,O,0,-1,1,0,SP2,FALSE,FALSE,2,6395,6396
mol3274,Cc1c(-c2ccc(=O)n(Cc3ccccc3)n2)c2cc(Cl)cc(Cl)c2n1CC(=O)O,Cc1c(-c2ccc(=O)n(Cc3ccccc3)n2)c2cc(Cl)cc(Cl)c2n1CC(=O)[O-],"3,880",13,O,0,-1,1,0,SP2,FALSE,FALSE,2,6397,6398
mol3275,Cc1c(-c2ccc(=O)n(Cc3ccccc3)n2)c2cc(Cl)cc(F)c2n1CC(=O)O,Cc1c(-c2ccc(=O)n(Cc3ccccc3)n2)c2cc(Cl)cc(F)c2n1CC(=O)[O-],"3,860",13,O,0,-1,1,0,SP2,FALSE,FALSE,2,6399,6400
mol3276,Cc1c(-c2ccc(=O)n(Cc3ccccc3)n2)c2cc(Cl)ccc2n1CC(=O)O,Cc1c(-c2ccc(=O)n(Cc3ccccc3)n2)c2cc(Cl)ccc2n1CC(=O)[O-],"4,030",13,O,0,-1,1,0,SP2,FALSE,FALSE,2,6401,6402
mol3277,Cc1c(-c2ccc(=O)n(Cc3ccccc3)n2)c2cc(F)cc(Cl)c2n1CC(=O)O,Cc1c(-c2ccc(=O)n(Cc3ccccc3)n2)c2cc(F)cc(Cl)c2n1CC(=O)[O-],"3,860",13,O,0,-1,1,0,SP2,FALSE,FALSE,2,6403,6404
mol3278,Cc1c(-c2ccc(=O)n(Cc3ccccc3)n2)c2cc(F)cc(F)c2n1CC(=O)O,Cc1c(-c2ccc(=O)n(Cc3ccccc3)n2)c2cc(F)cc(F)c2n1CC(=O)[O-],"3,850",13,O,0,-1,1,0,SP2,FALSE,FALSE,2,6405,6406
mol3279,Cc1c(-c2ccc(=O)n(Cc3ccccc3)n2)c2cc(F)cc(S(C)(=O)=O)c2n1CC(=O)O,Cc1c(-c2ccc(=O)n(Cc3ccccc3)n2)c2cc(F)cc(S(C)(=O)=O)c2n1CC(=O)[O-],"3,830",13,O,0,-1,1,0,SP2,FALSE,FALSE,2,6407,6408
mol3280,Cc1c(-c2ccc(=O)n(Cc3ccccc3)n2)c2cc(F)ccc2n1CC(=O)O,Cc1c(-c2ccc(=O)n(Cc3ccccc3)n2)c2cc(F)ccc2n1CC(=O)[O-],"4,020",13,O,0,-1,1,0,SP2,FALSE,FALSE,2,6409,6410
mol3281,Cc1c(-c2ccc(=O)n(Cc3ccccc3)n2)c2cc(S(C)(=O)=O)cc(F)c2n1CC(=O)O,Cc1c(-c2ccc(=O)n(Cc3ccccc3)n2)c2cc(S(C)(=O)=O)cc(F)c2n1CC(=O)[O-],"3,830",13,O,0,-1,1,0,SP2,FALSE,FALSE,2,6411,6412
mol3282,Cc1c(-c2ccc(=O)n(Cc3ccccc3)n2)c2cc(S(C)(=O)=O)ccc2n1CC(=O)O,Cc1c(-c2ccc(=O)n(Cc3ccccc3)n2)c2cc(S(C)(=O)=O)ccc2n1CC(=O)[O-],"4,000",13,O,0,-1,1,0,SP2,FALSE,FALSE,2,6413,6414
mol3283,Cc1c(-c2ccc(=O)n(Cc3ccccc3)n2)c2cccc(Br)c2n1CC(=O)O,Cc1c(-c2ccc(=O)n(Cc3ccccc3)n2)c2cccc(Br)c2n1CC(=O)[O-],"3,980",13,O,0,-1,1,0,SP2,FALSE,FALSE,2,6415,6416
mol3284,Cc1c(-c2ccc(=O)n(Cc3ccccc3)n2)c2ccccc2n1CC(=O)O,Cc1c(-c2ccc(=O)n(Cc3ccccc3)n2)c2ccccc2n1CC(=O)[O-],"4,150",13,O,0,-1,1,0,SP2,FALSE,FALSE,2,6417,6418
mol3285,Cc1c(-c2ccccc2)[nH][nH]c1=O,Cc1c(-c2ccccc2)[n-][nH]c1=O,"7,600",3,N,0,-1,1,0,SP2,TRUE,TRUE,3,6419,6420
mol3286,Cc1c(-c2ccccc2)[nH]n(-c2ccccc2)c1=O,Cc1c(-c2ccccc2)[n-]n(-c2ccccc2)c1=O,"7,800",3,N,0,-1,1,0,SP2,TRUE,TRUE,3,6421,6422
mol3287,Cc1c(-c2ccccc2)oc2c(C(=O)OCC[NH+]3CCCCC3)cccc2c1=O,Cc1c(-c2ccccc2)oc2c(C(=O)OCCN3CCCCC3)cccc2c1=O,"7,300",23,N,1,0,1,0,SP3,FALSE,TRUE,4,6424,6423
mol3288,Cc1c(-c2nnc(-c3ccc(OC(C)C)c(C#N)c3)s2)ccc2c1CC[NH+](C(CO)CO)C2,Cc1c(-c2nnc(-c3ccc(OC(C)C)c(C#N)c3)s2)ccc2c1CCN(C(CO)CO)C2,"7,200",9,N,1,0,1,0,SP3,FALSE,TRUE,4,6426,6425
mol3289,Cc1c(-c2noc(-c3ccc(OC(C)C)c(C#N)c3)n2)ccc2c1CC[NH+](C(CO)CO)C2,Cc1c(-c2noc(-c3ccc(OC(C)C)c(C#N)c3)n2)ccc2c1CCN(C(CO)CO)C2,"7,300",9,N,1,0,1,0,SP3,FALSE,TRUE,4,6428,6427
mol3290,Cc1c(-c2noc(-c3ccc(OC(C)C)c(C#N)c3)n2)ccc2c1CC[NH+](C(CO)CO)CC2,Cc1c(-c2noc(-c3ccc(OC(C)C)c(C#N)c3)n2)ccc2c1CCN(C(CO)CO)CC2,"8,200",9,N,1,0,1,0,SP3,FALSE,TRUE,4,6429,6430
mol3291,Cc1c(-c2noc(-c3ccc(OC(C)C)c(C#N)c3)n2)ccc2c1CC[NH+](CC(=O)N[C@@H](C)CO)C2,Cc1c(-c2noc(-c3ccc(OC(C)C)c(C#N)c3)n2)ccc2c1CCN(CC(=O)N[C@@H](C)CO)C2,"6,070",9,N,1,0,1,0,SP3,FALSE,TRUE,4,6432,6431
mol3292,Cc1c(-c2noc(-c3ccc(OC(C)C)c(C#N)c3)n2)ccc2c1CC[NH+](C[C@@H](O)CO)C2,Cc1c(-c2noc(-c3ccc(OC(C)C)c(C#N)c3)n2)ccc2c1CCN(C[C@@H](O)CO)C2,"7,700",9,N,1,0,1,0,SP3,FALSE,TRUE,4,6433,6434
mol3293,Cc1c(-c2noc(-c3ccc(OC(C)C)c(C#N)c3)n2)ccc2c1CC[NH+](C[C@@H](O)CO)CC2,Cc1c(-c2noc(-c3ccc(OC(C)C)c(C#N)c3)n2)ccc2c1CCN(C[C@@H](O)CO)CC2,"8,400",9,N,1,0,1,0,SP3,FALSE,TRUE,4,6435,6436
mol3294,Cc1c(-c2noc(-c3ccc(OC(C)C)c(C#N)c3)n2)ccc2c1CC[NH+](C[C@H](O)CO)C2,Cc1c(-c2noc(-c3ccc(OC(C)C)c(C#N)c3)n2)ccc2c1CCN(C[C@H](O)CO)C2,"7,700",9,N,1,0,1,0,SP3,FALSE,TRUE,4,6437,6438
mol3295,Cc1c(-c2noc(-c3ccc(OC(C)C)c(C#N)c3)n2)ccc2c1CC[NH+](C[C@H](O)CO)CC2,Cc1c(-c2noc(-c3ccc(OC(C)C)c(C#N)c3)n2)ccc2c1CCN(C[C@H](O)CO)CC2,"8,400",9,N,1,0,1,0,SP3,FALSE,TRUE,4,6439,6440
mol3296,Cc1c(-c2noc(-c3ccc(OC(C)C)c(C#N)c3)n2)ccc2c1OCC[NH+](C(CO)CO)C2,Cc1c(-c2noc(-c3ccc(OC(C)C)c(C#N)c3)n2)ccc2c1OCCN(C(CO)CO)C2,"6,300",10,N,1,0,1,0,SP3,FALSE,TRUE,4,6442,6441
mol3297,Cc1c(-c2noc(-c3cnc(NC(C)C)c(C#N)c3)n2)ccc2c1CC[NH+](C(CO)CO)CC2,Cc1c(-c2noc(-c3cnc(NC(C)C)c(C#N)c3)n2)ccc2c1CCN(C(CO)CO)CC2,"8,300",9,N,1,0,1,0,SP3,FALSE,TRUE,4,6443,6444
mol3298,Cc1c(-c2noc(-c3cnc(OC(C)C)c(C#N)c3)n2)ccc2c1CC[NH+](C(CO)CO)C2,Cc1c(-c2noc(-c3cnc(OC(C)C)c(C#N)c3)n2)ccc2c1CCN(C(CO)CO)C2,"7,300",9,N,1,0,1,0,SP3,FALSE,TRUE,4,6446,6445
mol3299,Cc1c(Br)cc([NH3+])cc1Br,Cc1c(Br)cc(N)cc1Br,"2,870",8,N,1,0,3,2,SP3,FALSE,FALSE,4,6447,6448
mol3300,Cc1c(Br)cccc1C(=O)O,Cc1c(Br)cccc1C(=O)[O-],"3,360",10,O,0,-1,1,0,SP2,FALSE,FALSE,2,6449,6450
mol3301,Cc1c(C(=O)O)[nH]c2ccccc12,Cc1c(C(=O)[O-])[nH]c2ccccc12,"4,330",12,O,0,-1,1,0,SP2,FALSE,FALSE,2,6451,6452
mol3302,Cc1c(C(=O)c2cccc3ccccc23)c2cccc3c2n1[C@H](C[NH+]1CCOCC1)CO3,Cc1c(C(=O)c2cccc3ccccc23)c2cccc3c2n1[C@H](CN1CCOCC1)CO3,"4,140",14,N,1,0,1,0,SP3,FALSE,TRUE,4,6454,6453
mol3303,Cc1c(C)c(O)c(C)c(C)c1O,Cc1c(C)c(O)c(C)c(C)c1[O-],"11,300",10,O,0,-1,1,0,SP2,FALSE,FALSE,2,6455,6456
mol3304,Cc1c(CC#N)[nH+]c2c(OCc3ccccc3)cccn12,Cc1c(CC#N)nc2c(OCc3ccccc3)cccn12,"5,500",3,N,1,0,1,0,SP2,TRUE,TRUE,4,6457,6458
mol3305,Cc1c(Cc2ccccc2C(O)c2ccccc2)c2c(n1CC(=O)O)CCNC2=O,Cc1c(Cc2ccccc2C(O)c2ccccc2)c2c(n1CC(=O)[O-])CCNC2=O,"3,100",9,O,0,-1,1,0,SP2,FALSE,FALSE,2,6459,6460
mol3306,Cc1c(Cc2ccccc2S(=O)(=O)c2cccc(Cl)c2)c2c(n1CC(=O)O)CCNC2=O,Cc1c(Cc2ccccc2S(=O)(=O)c2cccc(Cl)c2)c2c(n1CC(=O)[O-])CCNC2=O,"3,100",9,O,0,-1,1,0,SP2,FALSE,FALSE,2,6461,6462
mol3307,Cc1c(Cc2ccccc2S(=O)(=O)c2ccccc2)c2c(n1CC(=O)O)CC(C)(C)NC2=O,Cc1c(Cc2ccccc2S(=O)(=O)c2ccccc2)c2c(n1CC(=O)[O-])CC(C)(C)NC2=O,"3,000",9,O,0,-1,1,0,SP2,FALSE,FALSE,2,6463,6464
mol3308,Cc1c(Cc2ccccc2S(=O)(=O)c2ccccc2)c2c(n1CC(=O)O)CCN(C(C)C)C2=O,Cc1c(Cc2ccccc2S(=O)(=O)c2ccccc2)c2c(n1CC(=O)[O-])CCN(C(C)C)C2=O,"2,900",9,O,0,-1,1,0,SP2,FALSE,FALSE,2,6465,6466
mol3309,Cc1c(Cc2ccccc2S(=O)(=O)c2ccccc2)c2c(n1CC(=O)O)CCN(C)C2=O,Cc1c(Cc2ccccc2S(=O)(=O)c2ccccc2)c2c(n1CC(=O)[O-])CCN(C)C2=O,"2,900",9,O,0,-1,1,0,SP2,FALSE,FALSE,2,6467,6468
mol3310,Cc1c(Cc2ccccc2S(=O)(=O)c2ccccc2)c2c(n1CC(=O)O)CCN(Cc1ccccc1)C2=O,Cc1c(Cc2ccccc2S(=O)(=O)c2ccccc2)c2c(n1CC(=O)[O-])CCN(Cc1ccccc1)C2=O,"3,300",9,O,0,-1,1,0,SP2,FALSE,FALSE,2,6469,6470
mol3311,Cc1c(Cc2ccccc2S(=O)(=O)c2ccccc2)c2c(n1CC(=O)O)CCNC2=O,Cc1c(Cc2ccccc2S(=O)(=O)c2ccccc2)c2c(n1CC(=O)[O-])CCNC2=O,"3,000",9,O,0,-1,1,0,SP2,FALSE,FALSE,2,6471,6472
mol3312,Cc1c(Cl)ccc2c1nnn2[OH2+],Cc1c(Cl)ccc2c1nnn2O,"4,090",10,O,1,0,2,1,SP2,FALSE,FALSE,3,6473,6474
mol3313,Cc1c(Cl)cccc1C(=O)O,Cc1c(Cl)cccc1C(=O)[O-],"3,430",10,O,0,-1,1,0,SP2,FALSE,FALSE,2,6475,6476
mol3314,Cc1c(Cl)cccc1Nc1ccccc1CC(=O)O,Cc1c(Cl)cccc1Nc1ccccc1CC(=O)[O-],"4,300",18,O,0,-1,1,0,SP2,FALSE,FALSE,2,6477,6478
mol3315,Cc1c(F)cccc1[C@H]1COC(N)=[NH+]1,Cc1c(F)cccc1[C@H]1COC(N)=N1,"8,070",12,N,1,0,1,0,SP2,FALSE,TRUE,4,6479,6480
mol3316,Cc1c(I)cccc1C(=O)O,Cc1c(I)cccc1C(=O)[O-],"3,260",10,O,0,-1,1,0,SP2,FALSE,FALSE,2,6481,6482
mol3317,Cc1c([NH+](C)C)c(=O)n(-c2ccccc2)n1C,Cc1c(N(C)C)c(=O)n(-c2ccccc2)n1C,"4,480",14,N,1,0,1,0,SP3,FALSE,FALSE,4,6483,6484
mol3318,Cc1c([NH3+])ccc2c1-c1c(ccc3ccccc13)C2,Cc1c(N)ccc2c1-c1c(ccc3ccccc13)C2,"4,490",18,N,1,0,3,2,SP3,FALSE,FALSE,4,6485,6486
mol3319,Cc1c([NH3+])ccc2c1-c1ccccc1C2,Cc1c(N)ccc2c1-c1ccccc1C2,"4,830",14,N,1,0,3,2,SP3,FALSE,FALSE,4,6487,6488
mol3320,Cc1c(N2CC(=O)C2)nc(C2CC2)[nH+]c1N1CCCCCC1,Cc1c(N2CCCCCC2)nc(C2CC2)nc1N1CC(=O)C1,"6,400",3,N,1,0,1,0,SP2,TRUE,TRUE,4,6489,6490
mol3321,Cc1c(N2CC(C#N)C2)nc(C2CC2)[nH+]c1N1CCCCCC1,Cc1c(N2CCCCCC2)nc(C2CC2)nc1N1CC(C#N)C1,"6,400",3,N,1,0,1,0,SP2,TRUE,TRUE,4,6491,6492
mol3322,Cc1c(OCC[NH+](C)C)no[n+]1[O-],Cc1c(OCCN(C)C)no[n+]1[O-],"7,900",10,N,1,0,1,0,SP3,FALSE,FALSE,4,6493,6494
mol3323,Cc1c(OCC[NH3+])no[n+]1[O-],Cc1c(OCCN)no[n+]1[O-],"8,700",10,N,1,0,3,2,SP3,FALSE,FALSE,4,6495,6496
mol3325,Cc1c2ccccc2c(C[NH+]2CCOCC2)c2ccccc12,Cc1c2ccccc2c(CN2CCOCC2)c2ccccc12,"6,600",16,N,1,0,1,0,SP3,FALSE,TRUE,4,6498,6497
mol3326,CC1=C(N)[NH2+]C(=O)[N+](C)=C1,Cc1c[n+](C)c(=O)[nH]c1N,"4,760",6,N,1,0,2,1,SP3,FALSE,TRUE,4,6499,6500
mol3327,CC1=C(N)[NH2+]C(=O)[N+]([C@@H]2C[C@@H](O)[C@H](CO)O2)=C1,Cc1c[n+]([C@@H]2C[C@@H](O)[C@H](CO)O2)c(=O)[nH]c1N,"4,400",6,N,1,0,2,1,SP3,FALSE,TRUE,4,6501,6502
mol3328,Cc1c[nH+]c(C)[nH]1,Cc1cnc(C)[nH]1,"8,390",3,N,1,0,1,0,SP2,TRUE,TRUE,4,6503,6504
mol3329,Cc1c[nH+]c(N2CCc3ccccc3C2)cc1N,Cc1cnc(N2CCc3ccccc3C2)cc1N,"8,700",3,N,1,0,1,0,SP2,TRUE,TRUE,4,6505,6506
mol3330,Cc1c[nH+]c(N2CCc3ccccc3C2)cc1NCCO,Cc1cnc(N2CCc3ccccc3C2)cc1NCCO,"9,000",3,N,1,0,1,0,SP2,TRUE,TRUE,4,6507,6508
mol3331,Cc1c[nH+]ccc1N,Cc1cnccc1N,"9,150",3,N,1,0,1,0,SP2,TRUE,TRUE,4,6509,6510
mol3332,Cc1c[nH]c(C(=O)O)c1,Cc1c[nH]c(C(=O)[O-])c1,"4,600",8,O,0,-1,1,0,SP2,FALSE,FALSE,2,6511,6512
mol3333,Cc1c[nH]c2c(Nc3cccc(Cl)c3)[nH+]cc(C(=O)N3CCOCC3)c12,Cc1c[nH]c2c(Nc3cccc(Cl)c3)ncc(C(=O)N3CCOCC3)c12,"5,800",8,N,1,0,1,0,SP2,TRUE,TRUE,4,6513,6514
mol3334,Cc1c[nH]cc1C(=O)O,Cc1c[nH]cc1C(=O)[O-],"5,650",8,O,0,-1,1,0,SP2,FALSE,FALSE,2,6515,6516
mol3335,Cc1cc(-c2cc(C)[nH][nH+]2)n[nH]1,Cc1cc(-c2cc(C)[nH]n2)n[nH]1,"2,800",10,N,1,0,1,0,SP2,TRUE,TRUE,4,6517,6518
mol3336,Cc1cc(-c2cccc(Cl)c2)[nH+]cc1C1CCCN1C(=O)c1cnccn1,Cc1cc(-c2cccc(Cl)c2)ncc1C1CCCN1C(=O)c1cnccn1,"4,100",4,N,1,0,1,0,SP2,TRUE,TRUE,4,6519,6520
mol3337,Cc1cc(-c2cccc(Cl)c2)[nH+]cc1C1CCCN1C(=O)c1cncs1,Cc1cc(-c2cccc(Cl)c2)ncc1C1CCCN1C(=O)c1cncs1,"4,200",4,N,1,0,1,0,SP2,TRUE,TRUE,4,6521,6522
mol3338,Cc1cc(-c2ccccc2)n[n+](C)c1NCC[NH+]1CCOCC1,Cc1cc(-c2ccccc2)n[n+](C)c1NCCN1CCOCC1,"5,120",10,N,1,0,1,0,SP3,FALSE,TRUE,4,6524,6523
mol3339,Cc1cc(-c2ccccc2)n[n+](CC[NH+]2CCOCC2)c1N,Cc1cc(-c2ccccc2)n[n+](CCN2CCOCC2)c1N,"4,840",10,N,1,0,1,0,SP3,FALSE,TRUE,4,6525,6526
mol3340,Cc1cc(-c2ccccc2)nn2cc(C[NH+]3CCOCC3)[nH+]c12,Cc1cc(-c2ccccc2)nn2cc(CN3CCOCC3)[nH+]c12,"6,300",11,N,1,0,1,0,SP3,FALSE,TRUE,4,6527,6528
mol3341,Cc1cc(-c2ccccc2)nn2cc[nH+]c12,Cc1cc(-c2ccccc2)nn2ccnc12,"4,840",7,N,1,0,1,0,SP2,TRUE,TRUE,4,6529,6530
mol3342,Cc1cc(/C=C/C#N)cc(C)c1Nc1cc[nH+]c(Nc2ccc(C#N)cc2)n1,Cc1cc(/C=C/C#N)cc(C)c1Nc1ccnc(Nc2ccc(C#N)cc2)n1,"5,600",11,N,1,0,1,0,SP2,TRUE,TRUE,4,6531,6532
mol3343,Cc1cc(=O)[nH][nH]1,Cc1cc(=O)[nH][n-]1,"10,900",6,N,0,-1,1,0,SP2,TRUE,TRUE,3,6533,6534
mol3344,Cc1cc(=O)[nH]c(=O)[nH]1,Cc1cc(=O)[n-]c(=O)[nH]1,"9,290",5,N,0,-1,1,0,SP2,TRUE,TRUE,3,6535,6536
mol3345,Cc1cc(=O)[nH]c(=S)[nH]1,Cc1cc(=O)[n-]c(=S)[nH]1,"7,730",5,N,0,-1,1,0,SP2,TRUE,TRUE,3,6537,6538
mol3346,Cc1cc(=O)[nH]c2c1CCO2,Cc1cc(=O)[n-]c2c1CCO2,"8,440",5,N,0,-1,1,0,SP2,TRUE,TRUE,3,6539,6540
mol3347,Cc1cc(=O)c(O)ccc1Br,Cc1cc(=O)c([O-])ccc1Br,"6,600",10,O,0,-1,1,0,SP2,FALSE,FALSE,2,6541,6542
mol3348,Cc1cc(=O)n(-c2ccccc2)[nH]1,Cc1cc(=O)n(-c2ccccc2)[n-]1,"9,100",6,N,0,-1,1,0,SP2,TRUE,TRUE,3,6543,6544
mol3349,Cc1cc(=O)n(C)c[nH+]1,Cc1cc(=O)n(C)cn1,"2,100",7,N,1,0,1,0,SP2,TRUE,TRUE,4,6545,6546
mol3350,CC1=CC(=O)N(C)[NH+]1c1ccccc1,Cc1cc(=O)n(C)n1-c1ccccc1,"2,400",6,N,1,0,1,0,SP3,FALSE,TRUE,4,6547,6548
mol3351,Cc1cc(=O)n2c(n1)N=C[NH2+]2,Cc1cc(=O)n2[nH]cnc2n1,"6,190",10,N,1,0,2,1,SP3,FALSE,TRUE,4,6549,6550
mol3352,Cc1cc(=O)oc2c(F)c([OH2+])ccc12,Cc1cc(=O)oc2c(F)c(O)ccc12,"6,400",13,O,1,0,2,1,SP2,FALSE,FALSE,3,6551,6552
mol3353,Cc1cc(=O)oc2c(F)c(O)c(F)c(F)c12,Cc1cc(=O)oc2c(F)c([O-])c(F)c(F)c12,"4,200",13,O,0,-1,1,0,SP2,FALSE,FALSE,2,6553,6554
mol3354,Cc1cc(=O)oc2c(F)c(O)c(F)cc12,Cc1cc(=O)oc2c(F)c([O-])c(F)cc12,"4,700",13,O,0,-1,1,0,SP2,FALSE,FALSE,2,6555,6556
mol3355,Cc1cc(=O)oc2cc([OH2+])c(Cl)cc12,Cc1cc(=O)oc2cc(O)c(Cl)cc12,"6,100",12,O,1,0,2,1,SP2,FALSE,FALSE,3,6557,6558
mol3356,Cc1cc(=O)oc2cc([OH2+])c(F)cc12,Cc1cc(=O)oc2cc(O)c(F)cc12,"6,400",12,O,1,0,2,1,SP2,FALSE,FALSE,3,6559,6560
mol3357,Cc1cc(=O)oc2cc([OH2+])cc(F)c12,Cc1cc(=O)oc2cc(O)cc(F)c12,"5,900",12,O,1,0,2,1,SP2,FALSE,FALSE,3,6561,6562
mol3358,Cc1cc(=O)oc2cc(O)ccc12,Cc1cc(=O)oc2cc([O-])ccc12,"7,800",12,O,0,-1,1,0,SP2,FALSE,FALSE,2,6563,6564
mol3359,Cc1cc(=O)oc2cc(OS(N)(=O)=O)ccc12,Cc1cc(=O)oc2cc(OS([NH-])(=O)=O)ccc12,"8,000",16,N,0,-1,2,1,SP3,FALSE,FALSE,3,6565,6566
mol3360,Cc1cc(=O)oc2cc(O[C@@H]3O[C@H](C(=O)O)[C@@H](O)[C@H](O)[C@H]3O)ccc12,Cc1cc(=O)oc2cc(O[C@@H]3O[C@H](C(=O)[O-])[C@@H](O)[C@H](O)[C@H]3O)ccc12,"2,820",21,O,0,-1,1,0,SP2,FALSE,FALSE,2,6567,6568
mol3361,Cc1cc(=O)oc2ccc(O)cc12,Cc1cc(=O)oc2ccc([O-])cc12,"9,140",12,O,0,-1,1,0,SP2,FALSE,FALSE,2,6569,6570
mol3362,Cc1cc(=O)oc2cccc(O)c12,Cc1cc(=O)oc2cccc([O-])c12,"8,260",12,O,0,-1,1,0,SP2,FALSE,FALSE,2,6571,6572
mol3363,Cc1cc(Br)cc(Br)c1O,Cc1cc(Br)cc(Br)c1[O-],"7,600",7,O,0,-1,1,0,SP2,FALSE,FALSE,2,6573,6574
mol3364,Cc1cc(Br)cc(C)c1[NH3+],Cc1cc(Br)cc(C)c1N,"3,540",7,N,1,0,3,2,SP3,FALSE,FALSE,4,6575,6576
mol3365,Cc1cc(Br)cc(C)c1[NH+](C)C,Cc1cc(Br)cc(C)c1N(C)C,"4,360",7,N,1,0,1,0,SP3,FALSE,FALSE,4,6577,6578
mol3366,Cc1cc(Br)cc(C)c1NC1=[NH+]CCN1,Cc1cc(Br)cc(C)c1NC1=NCCN1,"10,210",9,N,1,0,1,0,SP2,FALSE,TRUE,4,6579,6580
mol3367,Cc1cc(Br)ccc1C(=O)O,Cc1cc(Br)ccc1C(=O)[O-],"3,770",9,O,0,-1,1,0,SP2,FALSE,FALSE,2,6581,6582
mol3368,Cc1cc(Br)ccc1[NH3+],Cc1cc(Br)ccc1N,"3,580",7,N,1,0,3,2,SP3,FALSE,FALSE,4,6583,6584
mol3369,Cc1cc(C#N)cc(C)c1Nc1cc[nH+]c(Nc2ccc(C#N)cc2)n1,Cc1cc(C#N)cc(C)c1Nc1ccnc(Nc2ccc(C#N)cc2)n1,"5,100",11,N,1,0,1,0,SP2,TRUE,TRUE,4,6585,6586
mol3370,Cc1cc(C#N)cc(C)c1Oc1nc(Nc2ccc(C#N)cc2)[nH+]c(N)c1Br,Cc1cc(C#N)cc(C)c1Oc1nc(Nc2ccc(C#N)cc2)nc(N)c1Br,"3,500",11,N,1,0,1,0,SP2,TRUE,TRUE,4,6587,6588
mol3372,Cc1cc(C(=O)N2CCCC2c2ccc(-c3cccc(Cl)c3)[nH+]c2)no1,Cc1cc(C(=O)N2CCCC2c2ccc(-c3cccc(Cl)c3)nc2)no1,"3,500",17,N,1,0,1,0,SP2,TRUE,TRUE,4,6589,6590
mol3373,Cc1cc(C(=O)N2CCCC2c2c[nH+]c(-c3cccc(Cl)c3)cc2C)no1,Cc1cc(C(=O)N2CCCC2c2cnc(-c3cccc(Cl)c3)cc2C)no1,"4,200",4,N,1,0,1,0,SP2,TRUE,TRUE,4,6591,6592
mol3374,Cc1cc(C(=O)Nc2ccc(N3CC[C@H]([NH+]4CCC[C@@H]4C)C3)cc2C)on1,Cc1cc(C(=O)Nc2ccc(N3CC[C@H](N4CCC[C@@H]4C)C3)cc2C)on1,"10,100",21,N,1,0,1,0,SP3,FALSE,TRUE,4,6593,6594
mol3375,Cc1cc(C(=O)O)c(C)o1,Cc1cc(C(=O)[O-])c(C)o1,"4,640",9,O,0,-1,1,0,SP2,FALSE,FALSE,2,6595,6596
mol3376,Cc1cc(C(=O)O)c[nH]1,Cc1cc(C(=O)[O-])c[nH]1,"5,350",8,O,0,-1,1,0,SP2,FALSE,FALSE,2,6597,6598
mol3377,Cc1cc(C(=O)O)ccc1Br,Cc1cc(C(=O)[O-])ccc1Br,"4,030",10,O,0,-1,1,0,SP2,FALSE,FALSE,2,6599,6600
mol3378,Cc1cc(C(=O)O)ccc1Cl,Cc1cc(C(=O)[O-])ccc1Cl,"4,070",10,O,0,-1,1,0,SP2,FALSE,FALSE,2,6601,6602
mol3379,Cc1cc(C(=O)O)cs1,Cc1cc(C(=O)[O-])cs1,"4,240",8,O,0,-1,1,0,SP2,FALSE,FALSE,2,6603,6604
mol3380,Cc1cc(C(=O)O)n[nH]1,Cc1cc(C(=O)[O-])n[nH]1,"3,860",8,O,0,-1,1,0,SP2,FALSE,FALSE,2,6605,6606
mol3381,Cc1cc(C(C)(C)C)cc(C)c1C(=O)O,Cc1cc(C(C)(C)C)cc(C)c1C(=O)[O-],"3,440",9,O,0,-1,1,0,SP2,FALSE,FALSE,2,6607,6608
mol3382,Cc1cc(C(C)(C)C)cc(C)c1CC1=[NH+]CCN1,Cc1cc(C(C)(C)C)cc(C)c1CC1=NCCN1,"10,200",9,N,1,0,1,0,SP2,FALSE,TRUE,4,6609,6610
mol3383,Cc1cc(C(C)C)cc(C)c1O,Cc1cc(C(C)C)cc(C)c1[O-],"10,900",7,O,0,-1,1,0,SP2,FALSE,FALSE,2,6611,6612
mol3384,Cc1cc(C(C)C)ccc1O,Cc1cc(C(C)C)ccc1[O-],"10,560",7,O,0,-1,1,0,SP2,FALSE,FALSE,2,6613,6614
mol3385,Cc1cc(C(F)(F)F)ccc1-c1cccc2cc(S(=O)(=O)[NH2+]c3ncns3)ccc12,Cc1cc(C(F)(F)F)ccc1-c1cccc2cc(S(=O)(=O)Nc3ncns3)ccc12,"3,600",20,N,1,0,2,1,SP3,FALSE,FALSE,4,6615,6616
mol3386,Cc1cc(C)[nH+][nH]1,Cc1cc(C)[nH]n1,"4,320",4,N,1,0,1,0,SP2,TRUE,TRUE,4,6617,6618
mol3387,Cc1cc(C)c(/N=N/c2c(C)cc(O)cc2C)c(C)c1,Cc1cc(C)c(/N=N/c2c(C)cc([O-])cc2C)c(C)c1,"9,100",17,O,0,-1,1,0,SP2,FALSE,FALSE,2,6619,6620
mol3388,Cc1cc(C)c(C(C(=O)O)c2ccccc2)c(C)c1,Cc1cc(C)c(C(C(=O)[O-])c2ccccc2)c(C)c1,"4,000",17,O,0,-1,1,0,SP2,FALSE,FALSE,2,6621,6622
mol3389,Cc1cc(C)c(C(C)C)cc1O,Cc1cc(C)c(C(C)C)cc1[O-],"10,760",10,O,0,-1,1,0,SP2,FALSE,FALSE,2,6623,6624
mol3390,Cc1cc(C)c(C)c(C(=O)O)c1C,Cc1cc(C)c(C)c(C(=O)[O-])c1C,"3,430",10,O,0,-1,1,0,SP2,FALSE,FALSE,2,6625,6626
mol3391,Cc1cc(C)c(C)c([NH3+])c1C,Cc1cc(C)c(C)c(N)c1C,"4,300",8,N,1,0,3,2,SP3,FALSE,FALSE,4,6627,6628
mol3392,Cc1cc(C)c(C)c(Nc2ccccc2CC(=O)O)c1C,Cc1cc(C)c(C)c(Nc2ccccc2CC(=O)[O-])c1C,"4,200",18,O,0,-1,1,0,SP2,FALSE,FALSE,2,6629,6630
mol3393,Cc1cc(C)c(C)c(O)c1,Cc1cc(C)c(C)c([O-])c1,"10,640",7,O,0,-1,1,0,SP2,FALSE,FALSE,2,6631,6632
mol3394,Cc1cc(C)c(C)n[nH+]1,Cc1cc(C)c(C)nn1,"4,810",4,N,1,0,1,0,SP2,TRUE,TRUE,4,6633,6634
mol3395,Cc1cc(C)c(CO)c(C)[nH+]1,Cc1cc(C)c(CO)c(C)n1,"7,100",4,N,1,0,1,0,SP2,TRUE,TRUE,4,6635,6636
mol3396,Cc1cc(C)c([NH3+])c(C)c1,Cc1cc(C)c(N)c(C)c1,"4,370",8,N,1,0,3,2,SP3,FALSE,FALSE,4,6637,6638
mol3397,Cc1cc(C)c(NC2=[NH+]CCN2)c(C)c1,Cc1cc(C)c(NC2=NCCN2)c(C)c1,"10,780",10,N,1,0,1,0,SP2,FALSE,TRUE,4,6639,6640
mol3398,Cc1cc(C)c(NC2=[NH+]CCN2)c(Cl)c1,Cc1cc(C)c(NC2=NCCN2)c(Cl)c1,"9,590",10,N,1,0,1,0,SP2,FALSE,TRUE,4,6641,6642
mol3399,Cc1cc(C)c(Nc2cc[nH+]c(Nc3ccc(C#N)cc3)n2)c(C)c1,Cc1cc(C)c(Nc2ccnc(Nc3ccc(C#N)cc3)n2)c(C)c1,"5,800",12,N,1,0,1,0,SP2,TRUE,TRUE,4,6643,6644
mol3401,Cc1cc(C)c(Nc2nc(Nc3ccc(C#N)cc3)nc(N)[nH+]2)c(C)c1,Cc1cc(C)c(Nc2nc(N)nc(Nc3ccc(C#N)cc3)n2)c(C)c1,"3,800",10,N,1,0,1,0,SP2,TRUE,TRUE,4,6645,6646
mol3402,Cc1cc(C)c(Nc2nc(Nc3ccc(C#N)cc3)[nH+]cc2Cl)c(C)c1,Cc1cc(C)c(Nc2nc(Nc3ccc(C#N)cc3)ncc2Cl)c(C)c1,"3,600",12,N,1,0,1,0,SP2,TRUE,TRUE,4,6647,6648
mol3403,Cc1cc(C)c(Nc2nc(Nc3ccc(C#N)cc3)nc[nH+]2)c(C)c1,Cc1cc(C)c(Nc2ncnc(Nc3ccc(C#N)cc3)n2)c(C)c1,"2,600",10,N,1,0,1,0,SP2,TRUE,TRUE,4,6649,6650
mol3404,Cc1cc(C)c(O)c(C(C)C)c1,Cc1cc(C)c([O-])c(C(C)C)c1,"11,180",10,O,0,-1,1,0,SP2,FALSE,FALSE,2,6651,6652
mol3405,Cc1cc(C)c(O)c(C)c1,Cc1cc(C)c([O-])c(C)c1,"10,900",8,O,0,-1,1,0,SP2,FALSE,FALSE,2,6653,6654
mol3406,Cc1cc(C)c(O)cc1C,Cc1cc(C)c([O-])cc1C,"10,550",8,O,0,-1,1,0,SP2,FALSE,FALSE,2,6655,6656
mol3407,Cc1cc(C)c2[nH+]c(C)cc(N)c2c1,Cc1cc(C)c2nc(C)cc(N)c2c1,"10,400",10,N,1,0,1,0,SP2,TRUE,TRUE,4,6657,6658
mol3408,Cc1cc(C)c2ccc3c(C)cc(C)[nH+]c3c2n1,Cc1cc(C)c2ccc3c(C)cc(C)nc3c2n1,"6,500",11,N,1,0,1,0,SP2,TRUE,TRUE,4,6659,6660
mol3409,Cc1cc(C)c2ccc3cccnc3c2[nH+]1,Cc1cc(C)c2ccc3cccnc3c2n1,"5,960",4,N,1,0,1,0,SP2,TRUE,TRUE,4,6661,6662
mol3410,Cc1cc(C)c2cccc(C)c2[nH+]1,Cc1cc(C)c2cccc(C)c2n1,"4,480",7,N,1,0,1,0,SP2,TRUE,TRUE,4,6663,6664
mol3411,Cc1cc(C)c2ccccc2[nH+]1,Cc1cc(C)c2ccccc2n1,"5,110",4,N,1,0,1,0,SP2,TRUE,TRUE,4,6665,6666
mol3412,Cc1cc(C)c2nc(-c3cccc[nH+]3)cc(C(=O)Nc3ccc4ccccc4c3)c2c1,Cc1cc(C)c2nc(-c3ccccn3)cc(C(=O)Nc3ccc4ccccc4c3)c2c1,"3,050",16,N,1,0,1,0,SP2,TRUE,TRUE,4,6667,6668
mol3413,Cc1cc(C)c2nc(-c3ccc[nH+]c3)cc(C(=O)Nc3ccc4ccccc4c3)c2c1,Cc1cc(C)c2nc(-c3cccnc3)cc(C(=O)Nc3ccc4ccccc4c3)c2c1,"4,300",15,N,1,0,1,0,SP2,TRUE,TRUE,4,6669,6670
mol3414,Cc1cc(C)c2nc(-c3cc[nH+]cc3)cc(C(=O)Nc3ccc4ccccc4c3)c2c1,Cc1cc(C)c2nc(-c3ccncc3)cc(C(=O)Nc3ccc4ccccc4c3)c2c1,"4,270",14,N,1,0,1,0,SP2,TRUE,TRUE,4,6671,6672
mol3415,Cc1cc(C)cc(C(=[NH2+])c2ccccc2)c1,Cc1cc(C)cc(C(=N)c2ccccc2)c1,"6,820",8,N,1,0,2,1,SP2,FALSE,FALSE,4,6673,6674
mol3416,Cc1cc(C)cc(C(=O)O)c1,Cc1cc(C)cc(C(=O)[O-])c1,"4,300",9,O,0,-1,1,0,SP2,FALSE,FALSE,2,6675,6676
mol3417,Cc1cc(C)cc([NH3+])c1,Cc1cc(C)cc(N)c1,"4,810",7,N,1,0,3,2,SP3,FALSE,FALSE,4,6677,6678
mol3418,Cc1cc(C)cc(N=c2c(=O)c3c(c(=O)c2=NS(=O)(=O)c2ccccc2)C(=N)CCC3)c1,Cc1cc(C)cc(N=c2c(=O)c3c(c(=O)c2=NS(=O)(=O)c2ccccc2)C(=[N-])CCC3)c1,"8,400",30,N,0,-1,1,0,SP2,FALSE,FALSE,3,6679,6680
mol3419,Cc1cc(C)cc(O)c1,Cc1cc(C)cc([O-])c1,"10,130",7,O,0,-1,1,0,SP2,FALSE,FALSE,2,6681,6682
mol3420,Cc1cc(C)n(-c2cc(C)[nH][nH+]2)n1,Cc1cc(C)n(-c2cc(C)[nH]n2)n1,"2,230",4,N,1,0,1,0,SP2,TRUE,TRUE,4,6683,6684
mol3421,Cc1cc(C)n(-c2cc(C)n(C)[nH+]2)n1,Cc1cc(C)n(-c2cc(C)n(C)n2)n1,"2,190",10,N,1,0,1,0,SP2,TRUE,TRUE,4,6685,6686
mol3422,Cc1cc(C)n(C)c(=O)[nH+]1,Cc1cc(C)n(C)c(=O)n1,"4,000",7,N,1,0,1,0,SP2,TRUE,TRUE,4,6687,6688
mol3423,Cc1cc(C)n(C)[nH+]1,Cc1cc(C)n(C)n1,"3,960",5,N,1,0,1,0,SP2,TRUE,TRUE,4,6689,6690
mol3424,Cc1cc(C)[nH+]c(C)c1,Cc1cc(C)nc(C)c1,"7,350",4,N,1,0,1,0,SP2,TRUE,TRUE,4,6691,6692
mol3426,Cc1cc(C)[nH+]c(N)n1,Cc1cc(C)nc(N)n1,"4,930",6,N,1,0,1,0,SP2,TRUE,TRUE,4,6693,6694
mol3428,Cc1cc(C)[nH+]cn1,Cc1cc(C)ncn1,"2,700",6,N,1,0,1,0,SP2,TRUE,TRUE,4,6695,6696
mol3429,Cc1cc(C2(c3cccc(-c4cncnc4)c3)[NH+]=C(N)c3c(F)cccc32)cn(C)c1=O,Cc1cc(C2(c3cccc(-c4cncnc4)c3)N=C(N)c3c(F)cccc32)cn(C)c1=O,"7,400",17,N,1,0,1,0,SP2,FALSE,TRUE,4,6698,6697
mol3430,Cc1cc(C=O)c([OH2+])c(C=O)c1,Cc1cc(C=O)c(O)c(C=O)c1,"6,200",9,O,1,0,2,1,SP2,FALSE,FALSE,3,6699,6700
mol3431,Cc1cc(CC(=O)O)n(C)c1C(=O)c1ccc(Cl)cc1,Cc1cc(CC(=O)[O-])n(C)c1C(=O)c1ccc(Cl)cc1,"4,700",19,O,0,-1,1,0,SP2,FALSE,FALSE,2,6701,6702
mol3432,Cc1cc(CO)c(C)c(C)[nH+]1,Cc1cc(CO)c(C)c(C)n1,"7,300",6,N,1,0,1,0,SP2,TRUE,TRUE,4,6703,6704
mol3433,Cc1cc(CO)c(O)c(CO)c1,Cc1cc(CO)c([O-])c(CO)c1,"9,920",9,O,0,-1,1,0,SP2,FALSE,FALSE,2,6705,6706
mol3434,Cc1cc(OCc2cc(C)[nH+]n2-c2ccccc2)n[nH]1,Cc1cc(COc2cc(C)[nH]n2)n(-c2ccccc2)n1,"2,400",11,N,1,0,1,0,SP2,TRUE,TRUE,4,6707,6708
mol3435,Cc1cc(C[NH+](C)C)ccc1OC1CN(C(=O)c2nnc(-c3ccccc3)o2)C1,Cc1cc(CN(C)C)ccc1OC1CN(C(=O)c2nnc(-c3ccccc3)o2)C1,"9,300",26,N,1,0,1,0,SP3,FALSE,FALSE,4,6709,6710
mol3436,Cc1cc(Cc2ccc(Cl)c(Oc3cc(C#N)cc(C#N)c3)c2F)n[nH]c1=O,Cc1cc(Cc2ccc(Cl)c(Oc3cc(C#N)cc(C#N)c3)c2F)n[n-]c1=O,"10,500",5,N,0,-1,1,0,SP2,TRUE,TRUE,3,6711,6712
mol3437,Cc1cc(Cl)c(NC2=[NH+]CCN2)c(Cl)c1,Cc1cc(Cl)c(NC2=NCCN2)c(Cl)c1,"8,290",10,N,1,0,1,0,SP2,FALSE,TRUE,4,6713,6714
mol3438,Cc1cc(Cl)cc(C)c1NC1=[NH+]CCN1,Cc1cc(Cl)cc(C)c1NC1=NCCN1,"10,250",9,N,1,0,1,0,SP2,FALSE,TRUE,4,6715,6716
mol3439,Cc1cc(Cl)cc(Cl)c1NC1=[NH+]CCN1,Cc1cc(Cl)cc(Cl)c1NC1=NCCN1,"9,030",9,N,1,0,1,0,SP2,FALSE,TRUE,4,6717,6718
mol3440,Cc1cc(Cl)cc(Cl)c1O,Cc1cc(Cl)cc(Cl)c1[O-],"7,850",7,O,0,-1,1,0,SP2,FALSE,FALSE,2,6719,6720
mol3441,Cc1cc(Cl)ccc1C(=O)O,Cc1cc(Cl)ccc1C(=O)[O-],"3,750",9,O,0,-1,1,0,SP2,FALSE,FALSE,2,6721,6722
mol3442,Cc1cc(Cl)ccc1NC1=[NH+]CCN1,Cc1cc(Cl)ccc1NC1=NCCN1,"9,910",9,N,1,0,1,0,SP2,FALSE,TRUE,4,6723,6724
mol3443,Cc1cc(Cl)ccc1Nc1cc(C(F)(F)F)c(C(=O)NCC2CCOCC2)c[nH+]1,Cc1cc(Cl)ccc1Nc1cc(C(F)(F)F)c(C(=O)NCC2CCOCC2)cn1,"2,630",13,N,1,0,1,0,SP2,TRUE,TRUE,4,6725,6726
mol3444,Cc1cc(Cl)ccc1O,Cc1cc(Cl)ccc1[O-],"9,600",7,O,0,-1,1,0,SP2,FALSE,FALSE,2,6727,6728
mol3445,Cc1cc(Cl)ccc1[C@@H]1CCc2c(C(=O)N(C)C)cc3c([nH+]c(C)n3C)c2O1,Cc1cc(Cl)ccc1[C@@H]1CCc2c(C(=O)N(C)C)cc3c(nc(C)n3C)c2O1,"5,590",17,N,1,0,1,0,SP2,TRUE,TRUE,4,6729,6730
mol3446,Cc1cc(Cl)ccc1[C@@H]1CCc2c(C(=O)N3CCC3)cc3c([nH+]c(C)n3C)c2O1,Cc1cc(Cl)ccc1[C@@H]1CCc2c(C(=O)N3CCC3)cc3c(nc(C)n3C)c2O1,"5,490",17,N,1,0,1,0,SP2,TRUE,TRUE,4,6731,6732
mol3447,Cc1cc(Cl)cnc1C(=O)Nc1ccc(F)c([C@@]2(C)[NH+]=C(N)CO[C@@H]2F)c1,Cc1cc(Cl)cnc1C(=O)Nc1ccc(F)c([C@@]2(C)N=C(N)CO[C@@H]2F)c1,"7,400",21,N,1,0,1,0,SP2,FALSE,TRUE,4,6734,6733
mol3449,Cc1cc(F)ccc1-c1c(Oc2ccc(/C=C/C(=O)O)cc2)c2ccccc2oc1=O,Cc1cc(F)ccc1-c1c(Oc2ccc(/C=C/C(=O)[O-])cc2)c2ccccc2oc1=O,"5,300",29,O,0,-1,1,0,SP2,FALSE,FALSE,2,6735,6736
mol3450,Cc1cc(I)c(O)c(I)c1,Cc1cc(I)c([O-])c(I)c1,"6,000",8,O,0,-1,1,0,SP2,FALSE,FALSE,2,6737,6738
mol3451,Cc1cc(I)ccc1C(=O)O,Cc1cc(I)ccc1C(=O)[O-],"3,790",9,O,0,-1,1,0,SP2,FALSE,FALSE,2,6739,6740
mol3452,Cc1cc([NH+](C)C)cc[n+]1[O-],Cc1cc(N(C)C)cc[n+]1[O-],"4,370",8,N,1,0,1,0,SP3,FALSE,FALSE,4,6741,6742
mol3453,Cc1cc(N)c(C)c[nH+]1,Cc1cc(N)c(C)cn1,"9,680",6,N,1,0,1,0,SP2,TRUE,TRUE,4,6743,6744
mol3454,Cc1cc(N)c2ccccc2[nH+]1,Cc1cc(N)c2ccccc2n1,"9,440",10,N,1,0,1,0,SP2,TRUE,TRUE,4,6745,6746
mol3455,Cc1cc([NH3+])cc(C)c1C,Cc1cc(N)cc(C)c1C,"5,150",9,N,1,0,3,2,SP3,FALSE,FALSE,4,6747,6748
mol3456,Cc1cc(N)cc(N2CCc3ccccc3C2)[nH+]1,Cc1cc(N)cc(N2CCc3ccccc3C2)n1,"9,000",6,N,1,0,1,0,SP2,TRUE,TRUE,4,6749,6750
mol3457,Cc1cc(N)cc[n+]1O,Cc1cc(N)cc[n+]1[O-],"4,100",7,O,0,-1,1,0,SP2,FALSE,FALSE,2,6751,6752
mol3458,Cc1cc(N)cc[nH+]1,Cc1cc(N)ccn1,"9,440",6,N,1,0,1,0,SP2,TRUE,TRUE,4,6753,6754
mol3459,Cc1cc(N)nc(C)[nH+]1,Cc1cc(N)nc(C)n1,"6,850",6,N,1,0,1,0,SP2,TRUE,TRUE,4,6755,6756
mol3461,Cc1cc(N)[nH+]c(N2CCc3ccccc3C2)c1,Cc1cc(N)nc(N2CCc3ccccc3C2)c1,"6,500",4,N,1,0,1,0,SP2,TRUE,TRUE,4,6757,6758
mol3462,Cc1cc(N)nc(Nc2ccc(Cl)cc2)[nH+]1,Cc1cc(N)nc(Nc2ccc(Cl)cc2)n1,"6,600",6,N,1,0,1,0,SP2,TRUE,TRUE,4,6759,6760
mol3463,Cc1cc(N)[nH+]c2c1ccc1ccccc12,Cc1cc(N)nc2c1ccc1ccccc12,"6,020",4,N,1,0,1,0,SP2,TRUE,TRUE,4,6761,6762
mol3464,Cc1cc(N)[nH+]c2ccc3ccccc3c12,Cc1cc(N)nc2ccc3ccccc3c12,"7,140",4,N,1,0,1,0,SP2,TRUE,TRUE,4,6763,6764
mol3465,Cc1cc(N)nc[nH+]1,Cc1cc(N)ncn1,"6,250",6,N,1,0,1,0,SP2,TRUE,TRUE,4,6765,6766
mol3466,Cc1cc(N2CC[C@H]([NH+]3CCC[C@@H]3C)C2)ccc1NC(=O)c1c(C)noc1C,Cc1cc(N2CC[C@H](N3CCC[C@@H]3C)C2)ccc1NC(=O)c1c(C)noc1C,"10,100",22,N,1,0,1,0,SP3,FALSE,TRUE,4,6767,6768
mol3467,Cc1cc(N2CC[C@H]([NH+]3CCC[C@@H]3C)C2)ccc1NC(=O)c1cc(C)n(C)n1,Cc1cc(N2CC[C@H](N3CCC[C@@H]3C)C2)ccc1NC(=O)c1cc(C)n(C)n1,"10,100",22,N,1,0,1,0,SP3,FALSE,TRUE,4,6769,6770
mol3468,Cc1cc(N2CC[C@H]([NH+]3CCC[C@@H]3C)C2)ccc1NC(=O)c1cc(F)ccc1C,Cc1cc(N2CC[C@H](N3CCC[C@@H]3C)C2)ccc1NC(=O)c1cc(F)ccc1C,"10,100",22,N,1,0,1,0,SP3,FALSE,TRUE,4,6771,6772
mol3469,Cc1cc(N2CC[C@H]([NH+]3CCC[C@@H]3C)C2)ccc1NC(=O)c1ccco1,Cc1cc(N2CC[C@H](N3CCC[C@@H]3C)C2)ccc1NC(=O)c1ccco1,"10,100",20,N,1,0,1,0,SP3,FALSE,TRUE,4,6773,6774
mol3470,Cc1cc(N2CC[C@H]([NH+]3CCC[C@@H]3C)C2)ccc1NC(=O)c1ccoc1,Cc1cc(N2CC[C@H](N3CCC[C@@H]3C)C2)ccc1NC(=O)c1ccoc1,"10,100",20,N,1,0,1,0,SP3,FALSE,TRUE,4,6775,6776
mol3471,Cc1cc(NCCO)cc(N2CCc3ccccc3C2)[nH+]1,Cc1cc(NCCO)cc(N2CCc3ccccc3C2)n1,"9,200",6,N,1,0,1,0,SP2,TRUE,TRUE,4,6777,6778
mol3473,Cc1cc(NN)[nH+]c2ccccc12,Cc1cc(NN)nc2ccccc12,"5,575",4,N,1,0,1,0,SP2,TRUE,TRUE,4,6779,6780
mol3474,Cc1cc(O)c(C(C)C)cc1C,Cc1cc([O-])c(C(C)C)cc1C,"10,790",8,O,0,-1,1,0,SP2,FALSE,FALSE,2,6781,6782
mol3475,Cc1cc(O)c(C(C)C)cc1Cl,Cc1cc([O-])c(C(C)C)cc1Cl,"9,980",11,O,0,-1,1,0,SP2,FALSE,FALSE,2,6783,6784
mol3476,Cc1cc(O)c(C(C)N=O)cc1C,Cc1cc([O-])c(C(C)N=O)cc1C,"8,200",8,O,0,-1,1,0,SP2,FALSE,FALSE,2,6785,6786
mol3477,Cc1cc(O)cc([N+](C)(C)C)c1,Cc1cc([O-])cc([N+](C)(C)C)c1,"8,200",7,O,0,-1,1,0,SP2,FALSE,FALSE,2,6787,6788
mol3478,Cc1cc(O)ccc1/N=N/c1ccc2c(c1)Cc1ccccc1-2,Cc1cc([O-])ccc1/N=N/c1ccc2c(c1)Cc1ccccc1-2,"10,300",22,O,0,-1,1,0,SP2,FALSE,FALSE,2,6789,6790
mol3479,Cc1cc(O)ccc1C(C)C,Cc1cc([O-])ccc1C(C)C,"10,310",10,O,0,-1,1,0,SP2,FALSE,FALSE,2,6791,6792
mol3480,Cc1cc(O)ccc1Cl,Cc1cc([O-])ccc1Cl,"9,400",8,O,0,-1,1,0,SP2,FALSE,FALSE,2,6793,6794
mol3481,Cc1cc(OC(F)(F)F)ccc1-c1c(Oc2ccc(/C=C/C(=O)O)cc2)c2ccccc2oc1=O,Cc1cc(OC(F)(F)F)ccc1-c1c(Oc2ccc(/C=C/C(=O)[O-])cc2)c2ccccc2oc1=O,"3,700",29,O,0,-1,1,0,SP2,FALSE,FALSE,2,6795,6796
mol3482,Cc1cc(OCCCN=NC(N)=[NH2+])cc(OS(=O)(=O)c2ccccc2C#N)c1,Cc1cc(OCCCN=NC(=N)N)cc(OS(=O)(=O)c2ccccc2C#N)c1,"8,840",26,N,1,0,2,1,SP2,FALSE,FALSE,4,6797,6798
mol3483,Cc1cc(OCCCN=NC(N)=[NH2+])cc(OS(=O)(=O)c2ccccc2Cl)c1,Cc1cc(OCCCN=NC(=N)N)cc(OS(=O)(=O)c2ccccc2Cl)c1,"8,710",25,N,1,0,2,1,SP2,FALSE,FALSE,4,6799,6800
mol3484,Cc1cc(OCC[NH+]2CCOCC2)nn1-c1ccc2ccccc2c1,Cc1cc(OCCN2CCOCC2)nn1-c1ccc2ccccc2c1,"6,500",19,N,1,0,1,0,SP3,FALSE,TRUE,4,6802,6801
mol3485,Cc1cc(Oc2c(N)c(C)nn2-c2ccccc2)n(-c2ccccc2)[nH+]1,Cc1cc(Oc2c(N)c(C)nn2-c2ccccc2)n(-c2ccccc2)n1,"3,400",5,N,1,0,1,0,SP2,TRUE,TRUE,4,6803,6804
mol3487,Cc1cc(S(=O)(=O)[NH2+]c2nccs2)ccc1N,Cc1cc(S(=O)(=O)Nc2nccs2)ccc1N,"7,000",11,N,1,0,2,1,SP3,FALSE,FALSE,4,6805,6806
mol3488,Cc1cc(SSc2cc(C)[nH+]n2-c2ccccc2)n(-c2ccccc2)n1,Cc1cc(SSc2cc(C)nn2-c2ccccc2)n(-c2ccccc2)n1,"4,800",17,N,1,0,1,0,SP2,TRUE,TRUE,4,6807,6808
mol3489,Cc1cc([C@H]2C[C@H]3[C@@H](C)SC(N)=[NH+][C@@]3(c3ccc(F)cc3F)CO2)on1,Cc1cc([C@H]2C[C@H]3[C@@H](C)SC(N)=N[C@@]3(c3ccc(F)cc3F)CO2)on1,"7,700",12,N,1,0,1,0,SP2,FALSE,TRUE,4,6809,6810
mol3490,Cc1cc([C@H]2C[C@H]3[C@@H](CF)SC(N)=[NH+][C@@]3(c3ccc(F)cc3F)CO2)on1,Cc1cc([C@H]2C[C@H]3[C@@H](CF)SC(N)=N[C@@]3(c3ccc(F)cc3F)CO2)on1,"7,000",12,N,1,0,1,0,SP2,FALSE,TRUE,4,6812,6811
mol3491,Cc1cc(NS(=O)(=O)c2ccc(N)cc2)no1,Cc1cc([N-]S(=O)(=O)c2ccc(N)cc2)no1,"5,925",6,N,0,-1,1,0,SP2,FALSE,FALSE,3,6813,6814
mol3492,Cc1cc(O)cc(=O)o1,Cc1cc([O-])cc(=O)o1,"5,000",8,O,0,-1,1,0,SP2,FALSE,FALSE,2,6815,6816
mol3496,Cc1cc2[nH+]c(C(=O)N(C)C)cc(NCc3c(C)cccc3C)c2[nH]1,Cc1cc2nc(C(=O)N(C)C)cc(NCc3c(C)cccc3C)c2[nH]1,"7,300",12,N,1,0,1,0,SP2,TRUE,TRUE,4,6818,6817
mol3497,Cc1cc2c(-c3cccc[nH+]3)c[nH]c2c(C(=O)Nc2ccn(C)n2)n1,Cc1cc2c(-c3ccccn3)c[nH]c2c(C(=O)Nc2ccn(C)n2)n1,"4,600",24,N,1,0,1,0,SP2,TRUE,TRUE,4,6819,6820
mol3498,Cc1cc2c(C)cc[nH+]c2c2ncccc12,Cc1cc2c(C)ccnc2c2ncccc12,"5,710",4,N,1,0,1,0,SP2,TRUE,TRUE,4,6821,6822
mol3499,Cc1cc2cc[nH]c2c(C(=O)Nc2cccc[nH+]2)n1,Cc1cc2cc[nH]c2c(C(=O)Nc2ccccn2)n1,"3,500",18,N,1,0,1,0,SP2,TRUE,TRUE,4,6823,6824
mol3500,Cc1cc2cccc(C)c2[nH+]c1C,Cc1cc2cccc(C)c2nc1C,"4,410",7,N,1,0,1,0,SP2,TRUE,TRUE,4,6825,6826
mol3501,Cc1cc2ccccc2c(C(=O)O)c1C,Cc1cc2ccccc2c(C(=O)[O-])c1C,"3,330",14,O,0,-1,1,0,SP2,FALSE,FALSE,2,6827,6828
mol3502,Cc1cc2ccccc2[nH+]c1C,Cc1cc2ccccc2nc1C,"4,930",9,N,1,0,1,0,SP2,TRUE,TRUE,4,6829,6830
mol3503,Cc1cc2cccnc2c2[nH+]cccc12,Cc1cc2cccnc2c2ncccc12,"5,260",14,N,1,0,1,0,SP2,TRUE,TRUE,4,6831,6832
mol3504,Cc1cc2ccn3cc[nH+]c3c2nc1C,Cc1cc2ccn3ccnc3c2nc1C,"4,630",9,N,1,0,1,0,SP2,TRUE,TRUE,4,6833,6834
mol3505,Cc1cc2nc([NH+]=C(N)N)nc(C)c2cc1C,Cc1cc2nc(N=C(N)N)nc(C)c2cc1C,"9,300",12,N,1,0,1,0,SP2,FALSE,FALSE,4,6835,6836
mol3506,Cc1cc2[nH]c[nH+]c2cc1C,Cc1cc2nc[nH]c2cc1C,"6,040",8,N,1,0,1,0,SP2,TRUE,TRUE,4,6837,6838
mol3507,Cc1cc2[nH+]cn(C)c2cc1C,Cc1cc2ncn(C)c2cc1C,"6,000",10,N,1,0,1,0,SP2,TRUE,TRUE,4,6839,6840
mol3508,Cc1cc2[nH+]cn([C@H]3OC[C@@H](O)[C@@H](O)[C@@H]3O)c2cc1C,Cc1cc2ncn([C@H]3OC[C@@H](O)[C@@H](O)[C@@H]3O)c2cc1C,"4,580",10,N,1,0,1,0,SP2,TRUE,TRUE,4,6841,6842
mol3509,Cc1cc2[nH+]cn([C@H]3OC[C@H](O)[C@H](O)[C@@H]3O)c2cc1C,Cc1cc2ncn([C@H]3OC[C@H](O)[C@H](O)[C@@H]3O)c2cc1C,"4,700",10,N,1,0,1,0,SP2,TRUE,TRUE,4,6843,6844
mol3510,Cc1cc2[nH+]cn([C@H]3O[C@@H](CO)[C@H](O)[C@@H](O)[C@@H]3O)c2cc1C,Cc1cc2ncn([C@H]3O[C@@H](CO)[C@H](O)[C@@H](O)[C@@H]3O)c2cc1C,"4,630",10,N,1,0,1,0,SP2,TRUE,TRUE,4,6845,6846
mol3511,Cc1cc2nnn([OH2+])c2cc1Cl,Cc1cc2nnn(O)c2cc1Cl,"4,570",11,O,1,0,2,1,SP2,FALSE,FALSE,3,6847,6848
mol3512,Cc1cc[nH]c1C(=O)O,Cc1cc[nH]c1C(=O)[O-],"5,100",8,O,0,-1,1,0,SP2,FALSE,FALSE,2,6849,6850
mol3513,Cc1ccc(-c2cccc(-c3nn[nH]n3)c2)cc1,Cc1ccc(-c2cccc(-c3nn[n-]n3)c2)cc1,"4,100",15,N,0,-1,1,0,SP2,TRUE,TRUE,3,6851,6852
mol3514,Cc1ccc(-c2cccc(C(=O)O)c2)cc1,Cc1ccc(-c2cccc(C(=O)[O-])c2)cc1,"4,000",15,O,0,-1,1,0,SP2,FALSE,FALSE,2,6853,6854
mol3515,Cc1ccc(-c2[nH+]c3ccc(C)cn3c2CC(=O)N(C)C)cc1,Cc1ccc(-c2nc3ccc(C)cn3c2CC(=O)N(C)C)cc1,"6,020",15,N,1,0,1,0,SP2,TRUE,TRUE,4,6855,6856
mol3516,Cc1ccc(-c2nc3cccc(C(C)C(=O)O)c3o2)cc1,Cc1ccc(-c2nc3cccc(C(C)C(=O)[O-])c3o2)cc1,"6,200",20,O,0,-1,1,0,SP2,FALSE,FALSE,2,6857,6858
mol3517,Cc1ccc(/C=C/C(=O)O)cc1,Cc1ccc(/C=C/C(=O)[O-])cc1,"4,560",11,O,0,-1,1,0,SP2,FALSE,FALSE,2,6859,6860
mol3518,Cc1ccc(/C=C2\CN(C(=O)c3ccc(OCC[NH+](C)C)cc3)C/C(=C\c3ccc(C)cc3)C2=O)cc1,Cc1ccc(/C=C2\CN(C(=O)c3ccc(OCCN(C)C)cc3)C/C(=C\c3ccc(C)cc3)C2=O)cc1,"10,730",34,N,1,0,1,0,SP3,FALSE,FALSE,4,6861,6862
mol3519,Cc1ccc(/N=N/c2ccc([NH+](C)C)cc2)cc1C,Cc1ccc(/N=N/c2ccc(N(C)C)cc2)cc1C,"2,370",16,N,1,0,1,0,SP3,FALSE,FALSE,4,6863,6864
mol3520,Cc1ccc(/N=N/c2ccc([NH3+])cc2)cc1,Cc1ccc(/N=N/c2ccc(N)cc2)cc1,"3,040",15,N,1,0,3,2,SP3,FALSE,FALSE,4,6865,6866
mol3521,Cc1ccc(/[NH+]=C/N(C)C)cc1,Cc1ccc(/N=C/N(C)C)cc1,"9,210",7,N,1,0,1,0,SP2,FALSE,FALSE,4,6867,6868
mol3522,Cc1ccc(=O)c(O)c(Br)c1,Cc1ccc(=O)c([O-])c(Br)c1,"6,410",10,O,0,-1,1,0,SP2,FALSE,FALSE,2,6869,6870
mol3523,Cc1ccc(Br)c(C(=O)O)c1,Cc1ccc(Br)c(C(=O)[O-])c1,"3,000",9,O,0,-1,1,0,SP2,FALSE,FALSE,2,6871,6872
mol3524,Cc1ccc(Br)c(O)c(=O)c1,Cc1ccc(Br)c([O-])c(=O)c1,"6,300",9,O,0,-1,1,0,SP2,FALSE,FALSE,2,6873,6874
mol3525,Cc1ccc(Br)cc1C(=O)O,Cc1ccc(Br)cc1C(=O)[O-],"3,580",9,O,0,-1,1,0,SP2,FALSE,FALSE,2,6875,6876
mol3526,Cc1ccc(C(=[NH2+])c2ccccc2)c(C)c1,Cc1ccc(C(=N)c2ccccc2)c(C)c1,"6,790",9,N,1,0,2,1,SP2,FALSE,FALSE,4,6877,6878
mol3527,Cc1ccc(C(=O)/C=C/C(=O)O)cc1,Cc1ccc(C(=O)/C=C/C(=O)[O-])cc1,"3,440",13,O,0,-1,1,0,SP2,FALSE,FALSE,2,6879,6880
mol3528,Cc1ccc(C(=O)C(N=O)SCC[N+](C)(C)C)cc1,Cc1ccc(C(=O)[C-](N=O)SCC[N+](C)(C)C)cc1,"7,570",9,C,0,-1,1,0,SP3,FALSE,FALSE,4,6881,6882
mol3529,Cc1ccc(C(=O)N(C)O)cc1,Cc1ccc(C(=O)N(C)[O-])cc1,"8,500",11,O,0,-1,1,0,SP3,FALSE,FALSE,2,6883,6884
mol3530,Cc1ccc(C(=O)NC(N)=[NH+]CCCCc2ccccc2)cc1,Cc1ccc(C(=O)NC(N)=NCCCCc2ccccc2)cc1,"7,090",11,N,1,0,1,0,SP2,FALSE,FALSE,4,6886,6885
mol3531,Cc1ccc(C(=O)NC(N)=[NH+]c2ccc(C(C)C)cc2)cc1,Cc1ccc(C(=O)NC(N)=Nc2ccc(C(C)C)cc2)cc1,"6,350",11,N,1,0,1,0,SP2,FALSE,FALSE,4,6888,6887
mol3532,Cc1ccc(C(=O)NC2CC2)cc1-n1cnc2ccc(N3CC[NH+](C)CC3)cc2c1=O,Cc1ccc(C(=O)NC2CC2)cc1-n1cnc2ccc(N3CCN(C)CC3)cc2c1=O,"7,600",21,N,1,0,1,0,SP3,FALSE,TRUE,4,6889,6890
mol3533,Cc1ccc(C(=O)NO)cc1,Cc1ccc(C(=O)N[O-])cc1,"8,900",10,O,0,-1,1,0,SP3,FALSE,FALSE,2,6891,6892
mol3534,Cc1ccc(C(=O)Oc2ccccc2)c(O)c1,Cc1ccc(C(=O)Oc2ccccc2)c([O-])c1,"9,440",7,O,0,-1,1,0,SP2,FALSE,FALSE,2,6893,6894
mol3535,Cc1ccc(C(=O)O)[nH]1,Cc1ccc(C(=O)[O-])[nH]1,"5,000",8,O,0,-1,1,0,SP2,FALSE,FALSE,2,6895,6896
mol3536,Cc1ccc(C(=O)O)c(Br)c1,Cc1ccc(C(=O)[O-])c(Br)c1,"3,090",10,O,0,-1,1,0,SP2,FALSE,FALSE,2,6897,6898
mol3537,Cc1ccc(C(=O)O)c(C)c1,Cc1ccc(C(=O)[O-])c(C)c1,"4,180",10,O,0,-1,1,0,SP2,FALSE,FALSE,2,6899,6900
mol3538,Cc1ccc(C(=O)O)c(Cl)c1,Cc1ccc(C(=O)[O-])c(Cl)c1,"3,270",10,O,0,-1,1,0,SP2,FALSE,FALSE,2,6901,6902
mol3539,Cc1ccc(C(=O)O)c(I)c1,Cc1ccc(C(=O)[O-])c(I)c1,"3,200",10,O,0,-1,1,0,SP2,FALSE,FALSE,2,6903,6904
mol3540,Cc1ccc(C(=O)O)c(O)c1,Cc1ccc(C(=O)[O-])c(O)c1,"3,110",10,O,0,-1,1,0,SP2,FALSE,FALSE,2,6905,6906
mol3541,Cc1ccc(C(=O)O)cc1,Cc1ccc(C(=O)[O-])cc1,"4,135",9,O,0,-1,1,0,SP2,FALSE,FALSE,2,6907,6908
mol3542,Cc1ccc(C(=O)O)cc1Br,Cc1ccc(C(=O)[O-])cc1Br,"3,960",10,O,0,-1,1,0,SP2,FALSE,FALSE,2,6909,6910
mol3543,Cc1ccc(C(=O)O)cc1C,Cc1ccc(C(=O)[O-])cc1C,"4,410",10,O,0,-1,1,0,SP2,FALSE,FALSE,2,6911,6912
mol3544,Cc1ccc(C(=O)O)cc1Cl,Cc1ccc(C(=O)[O-])cc1Cl,"4,060",10,O,0,-1,1,0,SP2,FALSE,FALSE,2,6913,6914
mol3545,Cc1ccc(C(=O)O)o1,Cc1ccc(C(=O)[O-])o1,"3,420",8,O,0,-1,1,0,SP2,FALSE,FALSE,2,6915,6916
mol3546,Cc1ccc(C(=O)O)s1,Cc1ccc(C(=O)[O-])s1,"3,760",8,O,0,-1,1,0,SP2,FALSE,FALSE,2,6917,6918
mol3547,Cc1ccc(C(=O)S)cc1,Cc1ccc(C(=O)[S-])cc1,"2,590",9,S,0,-1,1,0,SP3,FALSE,FALSE,2,6919,6920
mol3548,Cc1ccc(C(=O)c2ccc(CC(=O)O)n2C)cc1,Cc1ccc(C(=O)c2ccc(CC(=O)[O-])n2C)cc1,"3,500",18,O,0,-1,1,0,SP2,FALSE,FALSE,2,6921,6922
mol3549,Cc1ccc(C(=O)c2ccc3n2CCC3C(=O)O)cc1,Cc1ccc(C(=O)c2ccc3n2CCC3C(=O)[O-])cc1,"3,440",19,O,0,-1,1,0,SP2,FALSE,FALSE,2,6923,6924
mol3550,Cc1ccc(C(=O)c2ccccc2C(=O)O)cc1,Cc1ccc(C(=O)c2ccccc2C(=O)[O-])cc1,"3,640",17,O,0,-1,1,0,SP2,FALSE,FALSE,2,6925,6926
mol3551,Cc1ccc(C(=O)c2csc(S(N)(=O)=O)c2)cc1,Cc1ccc(C(=O)c2csc(S([NH-])(=O)=O)c2)cc1,"9,300",17,N,0,-1,2,1,SP3,FALSE,FALSE,3,6927,6928
mol3552,Cc1ccc(C(=S)Nc2ccc(Br)cc2)cc1,Cc1ccc(C(=S)[N-]c2ccc(Br)cc2)cc1,"10,810",9,N,0,-1,1,0,SP2,FALSE,FALSE,3,6929,6930
mol3553,Cc1ccc(C(=S)Nc2ccc(Cl)c(Cl)c2)cc1,Cc1ccc(C(=S)[N-]c2ccc(Cl)c(Cl)c2)cc1,"10,180",9,N,0,-1,1,0,SP2,FALSE,FALSE,3,6931,6932
mol3554,Cc1ccc(C(=S)Nc2ccc(Cl)cc2)cc1,Cc1ccc(C(=S)[N-]c2ccc(Cl)cc2)cc1,"10,800",9,N,0,-1,1,0,SP2,FALSE,FALSE,3,6933,6934
mol3555,Cc1ccc(C(=S)Nc2ccc(F)cc2)cc1,Cc1ccc(C(=S)[N-]c2ccc(F)cc2)cc1,"10,970",9,N,0,-1,1,0,SP2,FALSE,FALSE,3,6935,6936
mol3556,Cc1ccc(C(=S)Nc2cccc(F)c2)cc1,Cc1ccc(C(=S)[N-]c2cccc(F)c2)cc1,"10,630",9,N,0,-1,1,0,SP2,FALSE,FALSE,3,6937,6938
mol3557,Cc1ccc(C(=S)Nc2ccccc2)cc1,Cc1ccc(C(=S)[N-]c2ccccc2)cc1,"11,500",9,N,0,-1,1,0,SP2,FALSE,FALSE,3,6939,6940
mol3558,Cc1ccc(C(C)C)c(O)c1,Cc1ccc(C(C)C)c([O-])c1,"10,650",7,O,0,-1,1,0,SP2,FALSE,FALSE,2,6941,6942
mol3559,Cc1ccc(C(C)C)c(OCC[NH+](C)C)c1,Cc1ccc(C(C)C)c(OCCN(C)C)c1,"8,660",10,N,1,0,1,0,SP3,FALSE,FALSE,4,6943,6944
mol3560,Cc1ccc(C(C)C)cc1O,Cc1ccc(C(C)C)cc1[O-],"10,350",7,O,0,-1,1,0,SP2,FALSE,FALSE,2,6945,6946
mol3561,Cc1ccc(C(O)C(C(=O)O)c2ccc(-c3ccccc3)cc2)cc1,Cc1ccc(C(O)C(C(=O)[O-])c2ccc(-c3ccccc3)cc2)cc1,"4,240",23,O,0,-1,1,0,SP2,FALSE,FALSE,2,6947,6948
mol3562,Cc1ccc(C(O)C(C(=O)O)c2ccc(C3CCCCC3)cc2)cc1,Cc1ccc(C(O)C(C(=O)[O-])c2ccc(C3CCCCC3)cc2)cc1,"4,180",23,O,0,-1,1,0,SP2,FALSE,FALSE,2,6949,6950
mol3563,Cc1ccc(C(O)C[NH3+])cc1,Cc1ccc(C(O)CN)cc1,"9,060",9,N,1,0,3,2,SP3,FALSE,FALSE,4,6951,6952
mol3564,Cc1ccc(C)c(C(=[NH2+])c2ccccc2)c1,Cc1ccc(C)c(C(=N)c2ccccc2)c1,"6,790",8,N,1,0,2,1,SP2,FALSE,FALSE,4,6953,6954
mol3565,Cc1ccc(C)c(C(=O)O)c1,Cc1ccc(C)c(C(=O)[O-])c1,"3,970",9,O,0,-1,1,0,SP2,FALSE,FALSE,2,6955,6956
mol3566,Cc1ccc(C)c([NH3+])c1,Cc1ccc(C)c(N)c1,"4,470",7,N,1,0,3,2,SP3,FALSE,FALSE,4,6957,6958
mol3567,Cc1ccc(C)c(O)c1,Cc1ccc(C)c([O-])c1,"10,360",7,O,0,-1,1,0,SP2,FALSE,FALSE,2,6959,6960
mol3568,Cc1ccc(C)c(OCCCC(C)(C)C(=O)O)c1,Cc1ccc(C)c(OCCCC(C)(C)C(=O)[O-])c1,"4,800",16,O,0,-1,1,0,SP2,FALSE,FALSE,2,6961,6962
mol3569,Cc1ccc(C)[nH+]c1,Cc1ccc(C)nc1,"6,400",5,N,1,0,1,0,SP2,TRUE,TRUE,4,6963,6964
mol3570,Cc1ccc(C)[nH+]n1,Cc1ccc(C)nn1,"3,990",6,N,1,0,1,0,SP2,TRUE,TRUE,4,6965,6966
mol3571,Cc1ccc(C2=[NH+]CCC2)cc1,Cc1ccc(C2=NCCC2)cc1,"6,410",8,N,1,0,1,0,SP2,FALSE,TRUE,4,6967,6968
mol3572,Cc1ccc(C2CCC[NH2+]2)cc1,Cc1ccc(C2CCCN2)cc1,"9,990",11,N,1,0,2,1,SP3,FALSE,TRUE,4,6969,6970
mol3573,Cc1ccc(C2C[NH2+]2)cc1,Cc1ccc(C2CN2)cc1,"6,760",9,N,1,0,2,1,SP3,FALSE,TRUE,4,6972,6971
mol3574,Cc1ccc(C2[NH2+]CCS2)cc1,Cc1ccc(C2NCCS2)cc1,"5,350",8,N,1,0,2,1,SP3,FALSE,TRUE,4,6974,6973
mol3575,Cc1ccc(CCC(=O)O)cc1,Cc1ccc(CCC(=O)[O-])cc1,"4,740",11,O,0,-1,1,0,SP2,FALSE,FALSE,2,6975,6976
mol3576,Cc1ccc(CCC[NH+](C)C)cc1,Cc1ccc(CCCN(C)C)cc1,"10,840",10,N,1,0,1,0,SP3,FALSE,FALSE,4,6977,6978
mol3577,Cc1ccc(CC[NH3+])cc1,Cc1ccc(CCN)cc1,"9,780",9,N,1,0,3,2,SP3,FALSE,FALSE,4,6979,6980
mol3578,Cc1ccc(CO[NH3+])cc1,Cc1ccc(CON)cc1,"4,400",9,N,1,0,3,2,SP3,FALSE,FALSE,4,6981,6982
mol3579,Cc1ccc(C[NH3+])cc1,Cc1ccc(CN)cc1,"9,510",8,N,1,0,3,2,SP3,FALSE,FALSE,4,6983,6984
mol3581,Cc1ccc(Cl)c(C(=O)O)c1,Cc1ccc(Cl)c(C(=O)[O-])c1,"3,120",9,O,0,-1,1,0,SP2,FALSE,FALSE,2,6985,6986
mol3582,Cc1ccc(Cl)cc1C(=O)O,Cc1ccc(Cl)cc1C(=O)[O-],"3,630",9,O,0,-1,1,0,SP2,FALSE,FALSE,2,6987,6988
mol3583,Cc1ccc(Cl)cc1NC1=[NH+]CCN1,Cc1ccc(Cl)cc1NC1=NCCN1,"9,500",9,N,1,0,1,0,SP2,FALSE,TRUE,4,6989,6990
mol3584,Cc1ccc(I)c(C(=O)O)c1,Cc1ccc(I)c(C(=O)[O-])c1,"2,950",9,O,0,-1,1,0,SP2,FALSE,FALSE,2,6991,6992
mol3585,Cc1ccc(I)cc1C(=O)O,Cc1ccc(I)cc1C(=O)[O-],"3,620",9,O,0,-1,1,0,SP2,FALSE,FALSE,2,6993,6994
mol3586,Cc1ccc([NH+](C)C)cc1,Cc1ccc(N(C)C)cc1,"5,560",7,N,1,0,1,0,SP3,FALSE,FALSE,4,6995,6996
mol3587,Cc1ccc(N(Cc2nn[nH]n2)Cc2ccc(Cl)cc2Cl)cc1,Cc1ccc(N(Cc2nn[n-]n2)Cc2ccc(Cl)cc2Cl)cc1,"4,260",20,N,0,-1,1,0,SP2,TRUE,TRUE,3,6997,6998
mol3588,Cc1ccc(N(Cc2nn[nH]n2)Cc2ccc(F)cc2F)cc1,Cc1ccc(N(Cc2nn[n-]n2)Cc2ccc(F)cc2F)cc1,"4,230",20,N,0,-1,1,0,SP2,TRUE,TRUE,3,6999,7000
mol3589,Cc1ccc([NH3+])c(C)c1,Cc1ccc(N)c(C)c1,"4,750",8,N,1,0,3,2,SP3,FALSE,FALSE,4,7001,7002
mol3590,Cc1ccc([NH3+])c(N)c1,Cc1ccc(N)c(N)c1,"5,000",8,N,1,0,3,2,SP3,FALSE,FALSE,4,7003,7004
mol3591,Cc1ccc([NH3+])cc1,Cc1ccc(N)cc1,"5,070",7,N,1,0,3,2,SP3,FALSE,FALSE,4,7005,7006
mol3592,Cc1ccc([NH3+])cc1Br,Cc1ccc(N)cc1Br,"4,020",8,N,1,0,3,2,SP3,FALSE,FALSE,4,7007,7008
mol3593,Cc1ccc([NH3+])cc1C,Cc1ccc(N)cc1C,"4,940",8,N,1,0,3,2,SP3,FALSE,FALSE,4,7009,7010
mol3594,Cc1ccc([NH3+])cc1Cl,Cc1ccc(N)cc1Cl,"4,050",8,N,1,0,3,2,SP3,FALSE,FALSE,4,7011,7012
mol3595,Cc1ccc(N)[nH+]c1,Cc1ccc(N)nc1,"7,220",5,N,1,0,1,0,SP2,TRUE,TRUE,4,7013,7014
mol3596,Cc1ccc([NH+]2CCCC(=O)C(O)CCC2)cc1,Cc1ccc(N2CCCC(=O)C(O)CCC2)cc1,"3,200",7,N,1,0,1,0,SP3,FALSE,TRUE,4,7015,7016
mol3597,Cc1ccc([NH+]2CCCC2)cc1,Cc1ccc(N2CCCC2)cc1,"4,690",7,N,1,0,1,0,SP3,FALSE,TRUE,4,7017,7018
mol3598,Cc1ccc(N2CC[NH+](CCNC(=O)c3ccc(F)cc3)CC2)cc1,Cc1ccc(N2CCN(CCNC(=O)c3ccc(F)cc3)CC2)cc1,"6,310",10,N,1,0,1,0,SP3,FALSE,TRUE,4,7020,7019
mol3599,Cc1ccc(N2CCc3ccccc3C2)[nH+]c1,Cc1ccc(N2CCc3ccccc3C2)nc1,"6,500",5,N,1,0,1,0,SP2,TRUE,TRUE,4,7021,7022
mol3600,Cc1ccc(NC(=O)C2=C([OH2+])C(=O)N(C)C2)cc1,Cc1ccc(NC(=O)C2=C(O)C(=O)N(C)C2)cc1,"5,790",17,O,1,0,2,1,SP2,FALSE,FALSE,3,7023,7024
mol3601,Cc1ccc(NC(=O)C[NH+]2CCCCC2)c(C)c1,Cc1ccc(NC(=O)CN2CCCCC2)c(C)c1,"7,800",12,N,1,0,1,0,SP3,FALSE,TRUE,4,7025,7026
mol3602,Cc1ccc(NC(=O)C[NH+]2CCCCC2)cc1,Cc1ccc(NC(=O)CN2CCCCC2)cc1,"7,850",11,N,1,0,1,0,SP3,FALSE,TRUE,4,7027,7028
mol3603,Cc1ccc(NC(=O)c2cccc(S(=O)(=O)N3CCOCC3)c2)c(C(=O)O)c1,Cc1ccc(NC(=O)c2cccc(S(=O)(=O)N3CCOCC3)c2)c(C(=O)[O-])c1,"3,360",9,O,0,-1,1,0,SP2,FALSE,FALSE,2,7029,7030
mol3604,Cc1ccc(NC(=S)c2ccc(Cl)cc2)cc1,Cc1ccc([N-]C(=S)c2ccc(Cl)cc2)cc1,"11,180",7,N,0,-1,1,0,SP2,FALSE,FALSE,3,7031,7032
mol3605,Cc1ccc(NC(=S)c2cccc(Br)c2)cc1,Cc1ccc([N-]C(=S)c2cccc(Br)c2)cc1,"10,890",7,N,0,-1,1,0,SP2,FALSE,FALSE,3,7033,7034
mol3606,Cc1ccc(NC(=S)c2ccccc2)cc1,Cc1ccc([N-]C(=S)c2ccccc2)cc1,"10,810",7,N,0,-1,1,0,SP2,FALSE,FALSE,3,7035,7036
mol3607,Cc1ccc([NH2+]C(C)(C)C)cc1,Cc1ccc(NC(C)(C)C)cc1,"7,300",7,N,1,0,2,1,SP3,FALSE,FALSE,4,7037,7038
mol3608,Cc1ccc(NC2=[NH+]CCN2)c(C)c1,Cc1ccc(NC2=NCCN2)c(C)c1,"10,590",10,N,1,0,1,0,SP2,FALSE,TRUE,4,7039,7040
mol3609,Cc1ccc(NC2=[NH+]CCN2)c(Cl)c1,Cc1ccc(NC2=NCCN2)c(Cl)c1,"9,457",10,N,1,0,1,0,SP2,FALSE,TRUE,4,7041,7042
mol3610,Cc1ccc(NC=S)cc1,Cc1ccc([N-]C=S)cc1,"11,640",7,N,0,-1,1,0,SP2,FALSE,FALSE,3,7043,7044
mol3611,Cc1ccc([NH2+]CO)cc1,Cc1ccc(NCO)cc1,"3,420",7,N,1,0,2,1,SP3,FALSE,FALSE,4,7045,7046
mol3612,Cc1ccc(NS(=O)(=O)Cc2ccc(Br)cc2)c(=O)n1CC(=O)NCc1ccc2c(N)noc2c1,Cc1ccc([N-]S(=O)(=O)Cc2ccc(Br)cc2)c(=O)n1CC(=O)NCc1ccc2c(N)noc2c1,"8,600",23,N,0,-1,1,0,SP2,FALSE,FALSE,3,7047,7048
mol3613,Cc1ccc([NH2+]S(=O)(=O)Cc2ccccc2)c(=O)n1CC(=O)NCc1ccc2c(N)[nH]nc2n1,Cc1ccc(NS(=O)(=O)Cc2ccccc2)c(=O)n1CC(=O)NCc1ccc2c(N)[nH]nc2n1,"6,700",23,N,1,0,2,1,SP3,FALSE,FALSE,4,7049,7050
mol3614,Cc1ccc(NS(=O)(=O)Cc2ccccc2)c(=O)n1CC(=O)NCc1ccc2c(N)noc2c1,Cc1ccc([N-]S(=O)(=O)Cc2ccccc2)c(=O)n1CC(=O)NCc1ccc2c(N)noc2c1,"8,600",23,N,0,-1,1,0,SP2,FALSE,FALSE,3,7051,7052
mol3615,Cc1ccc(NS(=O)(=O)c2ccc(C)cc2)cc1,Cc1ccc([N-]S(=O)(=O)c2ccc(C)cc2)cc1,"9,650",7,N,0,-1,1,0,SP2,FALSE,FALSE,3,7053,7054
mol3616,Cc1ccc(NS(=O)(=O)c2ccc(Cl)cc2)cc1,Cc1ccc([N-]S(=O)(=O)c2ccc(Cl)cc2)cc1,"8,780",7,N,0,-1,1,0,SP2,FALSE,FALSE,3,7055,7056
mol3617,Cc1ccc(NS(=O)(=O)c2ccc(F)cc2)cc1,Cc1ccc([N-]S(=O)(=O)c2ccc(F)cc2)cc1,"9,230",7,N,0,-1,1,0,SP2,FALSE,FALSE,3,7057,7058
mol3618,Cc1ccc(NS(=O)(=O)c2ccccc2)cc1,Cc1ccc([N-]S(=O)(=O)c2ccccc2)cc1,"8,985",7,N,0,-1,1,0,SP2,FALSE,FALSE,3,7059,7060
mol3619,Cc1ccc(Nc2c(S(=O)(=O)c3ccccc3)c[nH+]c3ccc(Cl)cc23)cc1,Cc1ccc(Nc2c(S(=O)(=O)c3ccccc3)cnc3ccc(Cl)cc23)cc1,"2,340",15,N,1,0,1,0,SP2,TRUE,TRUE,4,7061,7062
mol3621,Cc1ccc(O)c(C(=O)O)c1,Cc1ccc(O)c(C(=O)[O-])c1,"3,010",9,O,0,-1,1,0,SP2,FALSE,FALSE,2,7063,7064
mol3622,Cc1ccc(O)c(C(C)C)c1,Cc1ccc([O-])c(C(C)C)c1,"10,730",10,O,0,-1,1,0,SP2,FALSE,FALSE,2,7065,7066
mol3623,Cc1ccc(O)c(C)c1,Cc1ccc([O-])c(C)c1,"10,560",8,O,0,-1,1,0,SP2,FALSE,FALSE,2,7067,7068
mol3624,Cc1ccc(O)c(CO)c1,Cc1ccc([O-])c(CO)c1,"10,150",9,O,0,-1,1,0,SP2,FALSE,FALSE,2,7069,7070
mol3625,Cc1ccc(O)c(O)c1,Cc1ccc(O)c([O-])c1,"9,620",7,O,0,-1,1,0,SP2,FALSE,FALSE,2,7071,7072
mol3626,Cc1ccc([OH2+])c2[n+]1CCS2,Cc1ccc(O)c2[n+]1CCS2,"4,700",10,O,1,0,2,1,SP2,FALSE,FALSE,3,7073,7074
mol3627,Cc1ccc(O)cc1,Cc1ccc([O-])cc1,"10,260",7,O,0,-1,1,0,SP2,FALSE,FALSE,2,7075,7076
mol3628,Cc1ccc(O)cc1C,Cc1ccc([O-])cc1C,"10,320",8,O,0,-1,1,0,SP2,FALSE,FALSE,2,7077,7078
mol3629,Cc1ccc(O)cc1[N+](C)(C)C,Cc1ccc([O-])cc1[N+](C)(C)C,"8,280",11,O,0,-1,1,0,SP2,FALSE,FALSE,2,7079,7080
mol3630,Cc1ccc(O)cc1[S+](C)C,Cc1ccc([O-])cc1[S+](C)C,"8,010",10,O,0,-1,1,0,SP2,FALSE,FALSE,2,7081,7082
mol3631,Cc1ccc(OC(=O)CCCC[NH+](C)C)cc1,Cc1ccc(OC(=O)CCCCN(C)C)cc1,"9,870",14,N,1,0,1,0,SP3,FALSE,FALSE,4,7083,7084
mol3632,Cc1ccc(OC(=O)CCC[NH+](C)C)cc1,Cc1ccc(OC(=O)CCCN(C)C)cc1,"9,530",13,N,1,0,1,0,SP3,FALSE,FALSE,4,7085,7086
mol3633,Cc1ccc(OC(O)(CBr)c2ccccc2)cc1,Cc1ccc(OC([O-])(CBr)c2ccccc2)cc1,"11,230",17,O,0,-1,1,0,SP3,FALSE,FALSE,2,7087,7088
mol3634,Cc1ccc(OCC(=O)O)cc1,Cc1ccc(OCC(=O)[O-])cc1,"3,150",11,O,0,-1,1,0,SP2,FALSE,FALSE,2,7089,7090
mol3635,Cc1ccc(OCC[NH+]2CCN(C(=O)c3cccs3)CC2)cc1,Cc1ccc(OCCN2CCN(C(=O)c3cccs3)CC2)cc1,"6,400",10,N,1,0,1,0,SP3,FALSE,TRUE,4,7092,7091
mol3636,Cc1ccc(Oc2cc(NCc3ccccc3)nc(N)[nH+]2)cc1,Cc1ccc(Oc2cc(NCc3ccccc3)nc(N)n2)cc1,"5,820",13,N,1,0,1,0,SP2,TRUE,TRUE,4,7093,7094
mol3637,Cc1ccc(S(=O)(=O)N2CC[NH2+]CC2)cc1,Cc1ccc(S(=O)(=O)N2CCNCC2)cc1,"7,410",13,N,1,0,2,1,SP3,FALSE,TRUE,4,7095,7096
mol3638,Cc1ccc(S(=O)(=O)[NH2+]C(=O)N[NH+]2CC3CCCC3C2)cc1,Cc1ccc(S(=O)(=O)NC(=O)N[NH+]2CC3CCCC3C2)cc1,"5,980",10,N,1,0,2,1,SP3,FALSE,FALSE,4,7097,7098
mol3639,Cc1ccc(S(=O)(=O)NCCC(=[NH2+])N(C)C)cc1,Cc1ccc(S(=O)(=O)[N-]CCC(=[NH2+])N(C)C)cc1,"10,620",10,N,0,-1,1,0,SP3,FALSE,FALSE,3,7099,7100
mol3640,Cc1ccc(S(=O)(=O)NCCC(N)=[NH2+])cc1,Cc1ccc(S(=O)(=O)[N-]CCC(N)=[NH2+])cc1,"10,145",10,N,0,-1,1,0,SP3,FALSE,FALSE,3,7101,7102
mol3641,Cc1ccc(S(=O)(=O)Nc2ccc(Cl)cc2)cc1,Cc1ccc(S(=O)(=O)[N-]c2ccc(Cl)cc2)cc1,"9,020",10,N,0,-1,1,0,SP2,FALSE,FALSE,3,7103,7104
mol3642,Cc1ccc(S(=O)(=O)Nc2ccc(F)cc2)cc1,Cc1ccc(S(=O)(=O)[N-]c2ccc(F)cc2)cc1,"9,200",10,N,0,-1,1,0,SP2,FALSE,FALSE,3,7105,7106
mol3643,Cc1ccc(S(=O)(=O)Nc2ccccc2)cc1,Cc1ccc(S(=O)(=O)[N-]c2ccccc2)cc1,"8,905",10,N,0,-1,1,0,SP2,FALSE,FALSE,3,7107,7108
mol3644,Cc1ccc(S(=O)(=O)NC(=O)OC(C)(C)C)cc1,Cc1ccc(S(=O)(=O)[N-]C(=O)OC(C)(C)C)cc1,"5,050",10,N,0,-1,1,0,SP2,FALSE,FALSE,3,7109,7110
mol3645,Cc1ccc(S(=O)(=O)NC(=O)OCc2ccccc2)cc1,Cc1ccc(S(=O)(=O)[N-]C(=O)OCc2ccccc2)cc1,"4,210",10,N,0,-1,1,0,SP2,FALSE,FALSE,3,7111,7112
mol3646,Cc1ccc(S(=O)(=O)c2coc(S(N)(=O)=O)c2)cc1,Cc1ccc(S(=O)(=O)c2coc(S([NH-])(=O)=O)c2)cc1,"8,670",18,N,0,-1,2,1,SP3,FALSE,FALSE,3,7113,7114
mol3647,Cc1ccc(S(=O)(=O)c2csc(S(N)(=O)=O)c2)cc1,Cc1ccc(S(=O)(=O)c2csc(S([NH-])(=O)=O)c2)cc1,"8,950",18,N,0,-1,2,1,SP3,FALSE,FALSE,3,7115,7116
mol3648,Cc1ccc(S(N)(=O)=O)cc1,Cc1ccc(S([NH-])(=O)=O)cc1,"9,890",10,N,0,-1,2,1,SP3,FALSE,FALSE,3,7117,7118
mol3649,Cc1ccc(S(N)(=O)=O)cc1C,Cc1ccc(S([NH-])(=O)=O)cc1C,"9,620",11,N,0,-1,2,1,SP3,FALSE,FALSE,3,7119,7120
mol3650,Cc1ccc(SCC(=O)O)cc1,Cc1ccc(SCC(=O)[O-])cc1,"3,570",11,O,0,-1,1,0,SP2,FALSE,FALSE,2,7121,7122
mol3651,Cc1ccc([C@@H](OCC[NH+](C)C)c2ccccc2)cc1,Cc1ccc([C@@H](OCCN(C)C)c2ccccc2)cc1,"8,500",17,N,1,0,1,0,SP3,FALSE,FALSE,4,7123,7124
mol3652,Cc1ccc([C@@]2(F)C[C@@H]2[NH3+])cc1,Cc1ccc([C@@]2(F)C[C@@H]2N)cc1,"7,410",10,N,1,0,3,2,SP3,FALSE,FALSE,4,7125,7126
mol3653,Cc1ccc([C@@]2(F)C[C@H]2[NH3+])cc1,Cc1ccc([C@@]2(F)C[C@H]2N)cc1,"7,040",10,N,1,0,3,2,SP3,FALSE,FALSE,4,7128,7127
mol3654,Cc1ccc([C@H](C)C(=O)O)cc2c(C)ccc1-2,Cc1ccc([C@H](C)C(=O)[O-])cc2c(C)ccc1-2,"4,140",16,O,0,-1,1,0,SP2,FALSE,FALSE,2,7129,7130
mol3655,Cc1ccc([C@H]2C[C@@H]2C(=O)O)cc1,Cc1ccc([C@H]2C[C@@H]2C(=O)[O-])cc1,"4,600",12,O,0,-1,1,0,SP2,FALSE,FALSE,2,7131,7132
mol3656,Cc1ccc([N+](C)(C)C)cc1O,Cc1ccc([N+](C)(C)C)cc1[O-],"8,200",7,O,0,-1,1,0,SP2,FALSE,FALSE,2,7133,7134
mol3657,Cc1ccc(O)c(=O)cc1,Cc1ccc([O-])c(=O)cc1,"7,320",9,O,0,-1,1,0,SP2,FALSE,FALSE,2,7135,7136
mol3658,Cc1ccc([P+](c2ccc(C)cc2)(c2ccc(C)cc2)C2c3ccccc3-c3ccccc32)cc1,Cc1ccc([P+](c2ccc(C)cc2)(c2ccc(C)cc2)[c-]2c3ccccc3c3ccccc32)cc1,"9,640",22,C,0,-1,1,0,SP3,FALSE,TRUE,4,7137,7138
mol3659,Cc1ccc(S)cc1,Cc1ccc([S-])cc1,"6,470",7,S,0,-1,1,0,SP3,FALSE,FALSE,2,7139,7140
mol3660,Cc1ccc2[nH+]c3c(c(N4CCOCC4)c2c1)CCC3,Cc1ccc2nc3c(c(N4CCOCC4)c2c1)CCC3,"7,180",10,N,1,0,1,0,SP2,TRUE,TRUE,4,7142,7141
mol3661,Cc1ccc2[nH]c3sc(N4CC[NH+](C)CC4)nc3c(=O)c2c1,Cc1ccc2[nH]c3sc(N4CCN(C)CC4)nc3c(=O)c2c1,"10,000",18,N,1,0,1,0,SP3,FALSE,TRUE,4,7143,7144
mol3662,Cc1ccc2c(c1)C([P+](c1ccccc1)(c1ccccc1)c1ccccc1)c1ccccc1-2,Cc1ccc2c3ccccc3[c-]([P+](c3ccccc3)(c3ccccc3)c3ccccc3)c2c1,"9,380",7,C,0,-1,1,0,SP3,FALSE,TRUE,4,7145,7146
mol3663,Cc1ccc2c(c1)CC[NH2+]2,Cc1ccc2c(c1)CCN2,"5,000",9,N,1,0,2,1,SP3,FALSE,TRUE,4,7147,7148
mol3664,Cc1ccc2c(c1)N1CC[NH+]2CC1,Cc1ccc2c(c1)N1CCN2CC1,"4,115",10,N,1,0,1,0,SP3,FALSE,TRUE,4,7149,7150
mol3665,Cc1ccc2c(c1)NCC[NH2+]2,Cc1ccc2c(c1)NCCN2,"3,500",10,N,1,0,2,1,SP3,FALSE,TRUE,4,7151,7152
mol3666,Cc1ccc2c(c1)c(-c1ccc(=O)n(Cc3ccccc3)n1)c(C)n2CC(=O)O,Cc1ccc2c(c1)c(-c1ccc(=O)n(Cc3ccccc3)n1)c(C)n2CC(=O)[O-],"4,160",13,O,0,-1,1,0,SP2,FALSE,FALSE,2,7153,7154
mol3667,Cc1ccc2c(c1)c1c3c([nH+]ccn32)CCC1,Cc1ccc2c(c1)c1c3c(nccn32)CCC1,"6,240",12,N,1,0,1,0,SP2,TRUE,TRUE,4,7155,7156
mol3669,Cc1ccc2c(c1)[nH+]cn2C,Cc1ccc2c(c1)ncn2C,"5,650",7,N,1,0,1,0,SP2,TRUE,TRUE,4,7157,7158
mol3670,Cc1ccc2c(c1)[nH+]cn2[C@H]1OC[C@H](O)[C@@H](O)[C@@H]1O,Cc1ccc2c(c1)ncn2[C@H]1OC[C@H](O)[C@@H](O)[C@@H]1O,"4,170",7,N,1,0,1,0,SP2,TRUE,TRUE,4,7159,7160
mol3671,Cc1ccc2c(c1)[nH+]cn2[C@H]1O[C@@H](CO)[C@H](O)[C@@H](O)[C@@H]1O,Cc1ccc2c(c1)ncn2[C@H]1O[C@@H](CO)[C@H](O)[C@@H](O)[C@@H]1O,"4,320",7,N,1,0,1,0,SP2,TRUE,TRUE,4,7161,7162
mol3672,Cc1ccc2c(c1)sc(-c1ccc([NH+](C)C)cc1)[n+]2C,Cc1ccc2c(c1)sc(-c1ccc(N(C)C)cc1)[n+]2C,"2,690",17,N,1,0,1,0,SP3,FALSE,FALSE,4,7163,7164
mol3673,Cc1ccc2c(c1O)-c1c-2ccc(C)c1O,Cc1ccc2c(c1[O-])-c1c-2ccc(C)c1O,"9,755",14,O,0,-1,1,0,SP2,FALSE,FALSE,2,7165,7166
mol3674,Cc1ccc2ccc(C)[nH+]c2c1,Cc1ccc2ccc(C)nc2c1,"5,010",8,N,1,0,1,0,SP2,TRUE,TRUE,4,7167,7168
mol3675,Cc1ccc2ccc(O)cc2c1,Cc1ccc2ccc([O-])cc2c1,"9,520",11,O,0,-1,1,0,SP2,FALSE,FALSE,2,7169,7170
mol3676,Cc1ccc2ccc3ccc(C)[nH+]c3c2n1,Cc1ccc2ccc3ccc(C)nc3c2n1,"6,150",14,N,1,0,1,0,SP2,TRUE,TRUE,4,7171,7172
mol3677,Cc1ccc2ccc3cccnc3c2[nH+]1,Cc1ccc2ccc3cccnc3c2n1,"5,360",14,N,1,0,1,0,SP2,TRUE,TRUE,4,7173,7174
mol3678,Cc1ccc2cccc(C)c2[nH+]1,Cc1ccc2cccc(C)c2n1,"4,100",7,N,1,0,1,0,SP2,TRUE,TRUE,4,7175,7176
mol3679,Cc1ccc2ccccc2c1C(=O)O,Cc1ccc2ccccc2c1C(=O)[O-],"3,110",13,O,0,-1,1,0,SP2,FALSE,FALSE,2,7177,7178
mol3680,Cc1ccc2ccccc2[nH+]1,Cc1ccc2ccccc2n1,"5,690",10,N,1,0,1,0,SP2,TRUE,TRUE,4,7179,7180
mol3681,Cc1ccc2ccc[nH+]c2c1,Cc1ccc2cccnc2c1,"5,250",8,N,1,0,1,0,SP2,TRUE,TRUE,4,7181,7182
mol3682,Cc1ccc2ccn3cc[nH+]c3c2n1,Cc1ccc2ccn3ccnc3c2n1,"4,230",10,N,1,0,1,0,SP2,TRUE,TRUE,4,7183,7184
mol3683,Cc1ccc2n[nH]nc2c1,Cc1ccc2n[n-]nc2c1,"8,900",8,N,0,-1,1,0,SP2,TRUE,TRUE,3,7185,7186
mol3684,Cc1ccc2c(c1)C(=O)[NH2+]C(C(F)(F)F)=N2,Cc1ccc2nc(C(F)(F)F)[nH]c(=O)c2c1,"5,900",9,N,1,0,2,1,SP3,FALSE,TRUE,4,7187,7188
mol3685,Cc1ccc2c(c1)C(=O)[NH2+]C(C(F)F)=N2,Cc1ccc2nc(C(F)F)[nH]c(=O)c2c1,"7,200",9,N,1,0,2,1,SP3,FALSE,TRUE,4,7189,7190
mol3687,Cc1ccc2[nH+]c(C)ccc2c1,Cc1ccc2nc(C)ccc2c1,"5,850",10,N,1,0,1,0,SP2,TRUE,TRUE,4,7191,7192
mol3688,Cc1ccc2[nH+]c3ccc(C)cc3cc2c1,Cc1ccc2nc3ccc(C)cc3cc2c1,"4,500",14,N,1,0,1,0,SP2,TRUE,TRUE,4,7193,7194
mol3689,Cc1ccc2nc3ccc([NH3+])cc3nc2c1,Cc1ccc2nc3ccc(N)cc3nc2c1,"4,800",15,N,1,0,3,2,SP3,FALSE,FALSE,4,7195,7196
mol3690,Cc1ccc2[nH+]c[nH]c2c1,Cc1ccc2nc[nH]c2c1,"5,810",9,N,1,0,1,0,SP2,TRUE,TRUE,4,7197,7198
mol3691,Cc1ccc2[nH+]cccc2c1,Cc1ccc2ncccc2c1,"5,100",10,N,1,0,1,0,SP2,TRUE,TRUE,4,7199,7200
mol3692,Cc1ccc2[nH+]cn(C)c2c1,Cc1ccc2ncn(C)c2c1,"5,700",9,N,1,0,1,0,SP2,TRUE,TRUE,4,7201,7202
mol3693,Cc1cccc(-c2nn[nH]n2)c1,Cc1cccc(-c2nn[n-]n2)c1,"4,150",9,N,0,-1,1,0,SP2,TRUE,TRUE,3,7203,7204
mol3694,Cc1cccc(/C=C/C(=O)O)c1,Cc1cccc(/C=C/C(=O)[O-])c1,"4,440",11,O,0,-1,1,0,SP2,FALSE,FALSE,2,7205,7206
mol3695,Cc1cccc(/N=N/c2ccc([NH+](C)C)cc2)c1,Cc1cccc(/N=N/c2ccc(N(C)C)cc2)c1,"2,330",15,N,1,0,1,0,SP3,FALSE,FALSE,4,7207,7208
mol3696,Cc1cccc(/N=N/c2ccc([NH3+])cc2)c1,Cc1cccc(/N=N/c2ccc(N)cc2)c1,"2,880",15,N,1,0,3,2,SP3,FALSE,FALSE,4,7209,7210
mol3697,Cc1cccc(/[NH+]=C/N(C)C)c1,Cc1cccc(/N=C/N(C)C)c1,"9,110",7,N,1,0,1,0,SP2,FALSE,FALSE,4,7211,7212
mol3698,Cc1cccc(Br)c1C(=O)O,Cc1cccc(Br)c1C(=O)[O-],"2,710",9,O,0,-1,1,0,SP2,FALSE,FALSE,2,7213,7214
mol3699,Cc1cccc(C(=O)N(C)O)c1,Cc1cccc(C(=O)N(C)[O-])c1,"8,520",11,O,0,-1,1,0,SP3,FALSE,FALSE,2,7215,7216
mol3700,Cc1cccc(C(=O)Nc2ccc(N3CC[C@H]([NH+]4CCC[C@@H]4C)C3)cc2C)n1,Cc1cccc(C(=O)Nc2ccc(N3CC[C@H](N4CCC[C@@H]4C)C3)cc2C)n1,"10,100",22,N,1,0,1,0,SP3,FALSE,TRUE,4,7217,7218
mol3701,Cc1cccc(C(=O)O)c1,Cc1cccc(C(=O)[O-])c1,"4,280",9,O,0,-1,1,0,SP2,FALSE,FALSE,2,7219,7220
mol3702,Cc1cccc(C(=O)O)c1Br,Cc1cccc(C(=O)[O-])c1Br,"2,900",10,O,0,-1,1,0,SP2,FALSE,FALSE,2,7221,7222
mol3703,Cc1cccc(C(=O)O)c1C,Cc1cccc(C(=O)[O-])c1C,"3,730",10,O,0,-1,1,0,SP2,FALSE,FALSE,2,7223,7224
mol3704,Cc1cccc(C(=O)O)c1Cl,Cc1cccc(C(=O)[O-])c1Cl,"3,000",10,O,0,-1,1,0,SP2,FALSE,FALSE,2,7225,7226
mol3705,Cc1cccc(C(=O)O)c1I,Cc1cccc(C(=O)[O-])c1I,"2,920",10,O,0,-1,1,0,SP2,FALSE,FALSE,2,7227,7228
mol3706,Cc1cccc(C(=O)O)c1O,Cc1cccc(C(=O)[O-])c1O,"3,020",10,O,0,-1,1,0,SP2,FALSE,FALSE,2,7229,7230
mol3707,Cc1cccc(C(=O)O)n1,Cc1cccc(C(=O)[O-])n1,"5,800",9,O,0,-1,1,0,SP2,FALSE,FALSE,2,7231,7232
mol3708,Cc1cccc(C(=O)c2ccc3n2CCC3C(=O)O)c1,Cc1cccc(C(=O)c2ccc3n2CCC3C(=O)[O-])c1,"3,440",19,O,0,-1,1,0,SP2,FALSE,FALSE,2,7233,7234
mol3709,Cc1cccc(C(C)C)c1O,Cc1cccc(C(C)C)c1[O-],"10,850",7,O,0,-1,1,0,SP2,FALSE,FALSE,2,7235,7236
mol3710,Cc1cccc(C(C)c2c[nH+]c[nH]2)c1C,Cc1cccc(C(C)c2cnc[nH]2)c1C,"7,040",12,N,1,0,1,0,SP2,TRUE,TRUE,4,7237,7238
mol3711,Cc1cccc(C(CCC[NH3+])(c2ccccc2)c2ccccc2)c1,Cc1cccc(C(CCCN)(c2ccccc2)c2ccccc2)c1,"10,090",11,N,1,0,3,2,SP3,FALSE,FALSE,4,7239,7240
mol3712,Cc1cccc(C(O)C(C(=O)O)c2ccc(-c3ccccc3)cc2)c1,Cc1cccc(C(O)C(C(=O)[O-])c2ccc(-c3ccccc3)cc2)c1,"4,170",23,O,0,-1,1,0,SP2,FALSE,FALSE,2,7241,7242
mol3713,Cc1cccc(C)c1C(=N)c1ccccc1,Cc1cccc(C)c1C(=[N-])c1ccccc1,"7,710",8,N,0,-1,1,0,SP2,FALSE,FALSE,3,7243,7244
mol3714,Cc1cccc(C)c1C(=O)O,Cc1cccc(C)c1C(=O)[O-],"3,230",9,O,0,-1,1,0,SP2,FALSE,FALSE,2,7245,7246
mol3715,Cc1cccc(C)c1CNc1cc(C(=O)N(C)C)[nH+]c2c(Br)c(C)[nH]c12,Cc1cccc(C)c1CNc1cc(C(=O)N(C)C)nc2c(Br)c(C)[nH]c12,"6,020",12,N,1,0,1,0,SP2,TRUE,TRUE,4,7248,7247
mol3716,Cc1cccc(C)c1CNc1cc(C(=O)N(C)C)[nH+]c2c(C)c(C)[nH]c12,Cc1cccc(C)c1CNc1cc(C(=O)N(C)C)nc2c(C)c(C)[nH]c12,"7,560",12,N,1,0,1,0,SP2,TRUE,TRUE,4,7249,7250
mol3717,Cc1cccc(C)c1CNc1cc(C(=O)N(C)C)[nH+]c2c(C)c(C)n(C)c12,Cc1cccc(C)c1CNc1cc(C(=O)N(C)C)nc2c(C)c(C)n(C)c12,"7,130",12,N,1,0,1,0,SP2,TRUE,TRUE,4,7252,7251
mol3718,Cc1cccc(C)c1CNc1cc(C(=O)N(C)C)[nH+]c2c(C)c(C)n(CC(C)O)c12,Cc1cccc(C)c1CNc1cc(C(=O)N(C)C)nc2c(C)c(C)n(CC(C)O)c12,"7,190",12,N,1,0,1,0,SP2,TRUE,TRUE,4,7254,7253
mol3719,Cc1cccc(C)c1CNc1cc(C(=O)N(C)C)[nH+]c2c(C)c(C)n(Cc3ccccc3)c12,Cc1cccc(C)c1CNc1cc(C(=O)N(C)C)nc2c(C)c(C)n(Cc3ccccc3)c12,"6,860",12,N,1,0,1,0,SP2,TRUE,TRUE,4,7256,7255
mol3720,Cc1cccc(C)c1CNc1cc(C(=O)N(C)C)[nH+]c2c(CO)c(C)[nH]c12,Cc1cccc(C)c1CNc1cc(C(=O)N(C)C)nc2c(CO)c(C)[nH]c12,"7,200",12,N,1,0,1,0,SP2,TRUE,TRUE,4,7258,7257
mol3721,Cc1cccc(C)c1CNc1cc(C(=O)N(C)C)[nH+]c2c(CO)c(C)n(Cc3ccccc3)c12,Cc1cccc(C)c1CNc1cc(C(=O)N(C)C)nc2c(CO)c(C)n(Cc3ccccc3)c12,"6,520",12,N,1,0,1,0,SP2,TRUE,TRUE,4,7260,7259
mol3722,Cc1cccc(C)c1CNc1cc(C(=O)NCCO)cn2c(C)c(C)[nH+]c12,Cc1cccc(C)c1CNc1cc(C(=O)NCCO)cn2c(C)c(C)nc12,"6,270",15,N,1,0,1,0,SP2,TRUE,TRUE,4,7261,7262
mol3723,Cc1cccc(C)c1CNc1cc[nH+]c2c1cc(C)n2C,Cc1cccc(C)c1CNc1ccnc2c1cc(C)n2C,"7,420",12,N,1,0,1,0,SP2,TRUE,TRUE,4,7263,7264
mol3724,Cc1cccc(C)c1CNc1cc[nH+]c2c1nc(C)n2C,Cc1cccc(C)c1CNc1ccnc2c1nc(C)n2C,"5,810",12,N,1,0,1,0,SP2,TRUE,TRUE,4,7266,7265
mol3725,Cc1cccc(C)c1CNc1cccn2c(C)[nH+]cc12,Cc1cccc(C)c1CNc1cccn2c(C)ncc12,"6,030",16,N,1,0,1,0,SP2,TRUE,TRUE,4,7268,7267
mol3726,Cc1cccc(C)c1CNc1[nH+]c(-n2ccccc2=O)cc2c(C)c(C)[nH]c12,Cc1cccc(C)c1CNc1nc(-n2ccccc2=O)cc2c(C)c(C)[nH]c12,"4,710",14,N,1,0,1,0,SP2,TRUE,TRUE,4,7269,7270
mol3727,Cc1cccc(C)c1CNc1[nH+]c(-n2ccccc2=O)cc2c(C)c(C)n(CCO)c12,Cc1cccc(C)c1CNc1nc(-n2ccccc2=O)cc2c(C)c(C)n(CCO)c12,"4,500",14,N,1,0,1,0,SP2,TRUE,TRUE,4,7271,7272
mol3728,Cc1cccc(C)c1CNc1[nH+]c(N2CCCC2=O)cc2c(C)c(C)[nH]c12,Cc1cccc(C)c1CNc1nc(N2CCCC2=O)cc2c(C)c(C)[nH]c12,"6,320",14,N,1,0,1,0,SP2,TRUE,TRUE,4,7273,7274
mol3729,Cc1cccc(C)c1CNc1[nH+]c(N2CCOCC2=O)cc2c(C)c(C)n(CCO)c12,Cc1cccc(C)c1CNc1nc(N2CCOCC2=O)cc2c(C)c(C)n(CCO)c12,"5,400",14,N,1,0,1,0,SP2,TRUE,TRUE,4,7275,7276
mol3735,Cc1cccc(C)c1[NH3+],Cc1cccc(C)c1N,"3,840",7,N,1,0,3,2,SP3,FALSE,FALSE,4,7277,7278
mol3736,Cc1cccc(C)c1[NH+](C)C,Cc1cccc(C)c1N(C)C,"5,850",7,N,1,0,1,0,SP3,FALSE,FALSE,4,7279,7280
mol3737,Cc1cccc(C)c1NC(=O)C(C)[NH+](C)C,Cc1cccc(C)c1NC(=O)C(C)N(C)C,"7,330",12,N,1,0,1,0,SP3,FALSE,FALSE,4,7282,7281
mol3738,Cc1cccc(C)c1NC(=O)C(C)[NH3+],Cc1cccc(C)c1NC(=O)C(C)N,"7,670",12,N,1,0,3,2,SP3,FALSE,FALSE,4,7283,7284
mol3739,Cc1cccc(C)c1NC(=O)C1CCCC[NH+]1C,Cc1cccc(C)c1NC(=O)C1CCCCN1C,"7,600",15,N,1,0,1,0,SP3,FALSE,TRUE,4,7285,7286
mol3740,Cc1cccc(C)c1NC(=O)CC(C)[NH3+],Cc1cccc(C)c1NC(=O)CC(C)N,"8,710",13,N,1,0,3,2,SP3,FALSE,FALSE,4,7287,7288
mol3741,Cc1cccc(C)c1NC(=O)CCC(C)[NH3+],Cc1cccc(C)c1NC(=O)CCC(C)N,"9,360",14,N,1,0,3,2,SP3,FALSE,FALSE,4,7289,7290
mol3742,Cc1cccc(C)c1NC(=O)CCCC(C)[NH3+],Cc1cccc(C)c1NC(=O)CCCC(C)N,"9,790",15,N,1,0,3,2,SP3,FALSE,FALSE,4,7291,7292
mol3743,Cc1cccc(C)c1NC(=O)CCCCC[NH3+],Cc1cccc(C)c1NC(=O)CCCCCN,"10,050",15,N,1,0,3,2,SP3,FALSE,FALSE,4,7293,7294
mol3744,Cc1cccc(C)c1NC(=O)CCCC[NH3+],Cc1cccc(C)c1NC(=O)CCCCN,"9,810",14,N,1,0,3,2,SP3,FALSE,FALSE,4,7295,7296
mol3745,Cc1cccc(C)c1NC(=O)CCC[NH3+],Cc1cccc(C)c1NC(=O)CCCN,"9,350",13,N,1,0,3,2,SP3,FALSE,FALSE,4,7297,7298
mol3746,Cc1cccc(C)c1NC(=O)CC[NH3+],Cc1cccc(C)c1NC(=O)CCN,"8,750",12,N,1,0,3,2,SP3,FALSE,FALSE,4,7299,7300
mol3747,Cc1cccc(C)c1NC(=O)C[NH+](C)C,Cc1cccc(C)c1NC(=O)CN(C)C,"7,360",11,N,1,0,1,0,SP3,FALSE,FALSE,4,7302,7301
mol3748,Cc1cccc(C)c1NC(=O)C[NH+]1CCCCC1,Cc1cccc(C)c1NC(=O)CN1CCCCC1,"7,600",11,N,1,0,1,0,SP3,FALSE,TRUE,4,7303,7304
mol3749,Cc1cccc(C)c1NC(=O)C[NH2+]CC(C)C,Cc1cccc(C)c1NC(=O)CNCC(C)C,"7,830",11,N,1,0,2,1,SP3,FALSE,FALSE,4,7305,7306
mol3750,Cc1cccc(C)c1NC(=O)C[NH3+],Cc1cccc(C)c1NC(=O)CN,"7,420",11,N,1,0,3,2,SP3,FALSE,FALSE,4,7307,7308
mol3751,Cc1cccc(C)c1NC(=S)c1ccccc1,Cc1cccc(C)c1[N-]C(=S)c1ccccc1,"10,790",7,N,0,-1,1,0,SP2,FALSE,FALSE,3,7309,7310
mol3752,Cc1cccc(C)c1NC1=[NH+]CCN1,Cc1cccc(C)c1NC1=NCCN1,"10,520",9,N,1,0,1,0,SP2,FALSE,TRUE,4,7311,7312
mol3753,Cc1cccc(C)c1Nc1ccccc1CC(=O)O,Cc1cccc(C)c1Nc1ccccc1CC(=O)[O-],"4,070",17,O,0,-1,1,0,SP2,FALSE,FALSE,2,7313,7314
mol3754,Cc1cccc(C)c1O,Cc1cccc(C)c1[O-],"10,600",7,O,0,-1,1,0,SP2,FALSE,FALSE,2,7315,7316
mol3755,Cc1cccc(C)c1OCC(=O)O,Cc1cccc(C)c1OCC(=O)[O-],"3,360",11,O,0,-1,1,0,SP2,FALSE,FALSE,2,7317,7318
mol3756,Cc1cccc(C)c1OCC(C)[NH3+],Cc1cccc(C)c1OCC(C)N,"9,153",11,N,1,0,3,2,SP3,FALSE,FALSE,4,7319,7320
mol3757,Cc1cccc(C)c1OC[C@@H](C)[NH3+],Cc1cccc(C)c1OC[C@@H](C)N,"9,200",11,N,1,0,3,2,SP3,FALSE,FALSE,4,7321,7322
mol3758,Cc1cccc(C)[nH+]1,Cc1cccc(C)n1,"6,850",6,N,1,0,1,0,SP2,TRUE,TRUE,4,7323,7324
mol3759,Cc1cccc(C2[NH2+]CCS2)c1,Cc1cccc(C2NCCS2)c1,"5,260",8,N,1,0,2,1,SP3,FALSE,TRUE,4,7326,7325
mol3760,Cc1cccc(C=O)[nH+]1,Cc1cccc(C=O)n1,"4,550",6,N,1,0,1,0,SP2,TRUE,TRUE,4,7327,7328
mol3761,Cc1cccc(CO)[nH+]1,Cc1cccc(CO)n1,"5,200",6,N,1,0,1,0,SP2,TRUE,TRUE,4,7329,7330
mol3762,Cc1cccc(C[NH3+])c1,Cc1cccc(CN)c1,"9,370",8,N,1,0,3,2,SP3,FALSE,FALSE,4,7331,7332
mol3763,Cc1cccc(Cl)c1C(=O)O,Cc1cccc(Cl)c1C(=O)[O-],"2,590",9,O,0,-1,1,0,SP2,FALSE,FALSE,2,7333,7334
mol3764,Cc1cccc(Cl)c1N(CC1CC1)C1=[NH+]CCN1,Cc1cccc(Cl)c1N(CC1CC1)C1=NCCN1,"11,300",13,N,1,0,1,0,SP2,FALSE,TRUE,4,7335,7336
mol3765,Cc1cccc(Cl)c1NC1=[NH+]CCN1,Cc1cccc(Cl)c1NC1=NCCN1,"9,333",9,N,1,0,1,0,SP2,FALSE,TRUE,4,7337,7338
mol3766,Cc1cccc(Cl)c1Nc1ccccc1CC(=O)O,Cc1cccc(Cl)c1Nc1ccccc1CC(=O)[O-],"4,200",17,O,0,-1,1,0,SP2,FALSE,FALSE,2,7339,7340
mol3767,Cc1cccc(Cl)c1O,Cc1cccc(Cl)c1[O-],"8,700",7,O,0,-1,1,0,SP2,FALSE,FALSE,2,7341,7342
mol3768,Cc1cccc(I)c1C(=O)O,Cc1cccc(I)c1C(=O)[O-],"2,700",9,O,0,-1,1,0,SP2,FALSE,FALSE,2,7343,7344
mol3769,Cc1cccc([NH+](C)C)c1,Cc1cccc(N(C)C)c1,"5,320",7,N,1,0,1,0,SP3,FALSE,FALSE,4,7345,7346
mol3770,Cc1cccc([NH3+])c1,Cc1cccc(N)c1,"4,700",7,N,1,0,3,2,SP3,FALSE,FALSE,4,7347,7348
mol3771,Cc1cccc([NH3+])c1C,Cc1cccc(N)c1C,"4,560",8,N,1,0,3,2,SP3,FALSE,FALSE,4,7349,7350
mol3772,Cc1cccc(N)[nH+]1,Cc1cccc(N)n1,"7,400",6,N,1,0,1,0,SP2,TRUE,TRUE,4,7351,7352
mol3773,Cc1cc2cc[nH]c2c(C(=O)Nc2cccc(C)[nH+]2)n1,Cc1cccc(NC(=O)c2nc(C)cc3cc[nH]c23)n1,"4,500",6,N,1,0,1,0,SP2,TRUE,TRUE,4,7353,7354
mol3774,Cc1cccc(NC=S)c1,Cc1cccc([N-]C=S)c1,"11,550",7,N,0,-1,1,0,SP2,FALSE,FALSE,3,7355,7356
mol3775,Cc1cccc(NS(=O)(=O)c2ccccc2)c1,Cc1cccc([N-]S(=O)(=O)c2ccccc2)c1,"8,480",7,N,0,-1,1,0,SP2,FALSE,FALSE,3,7357,7358
mol3777,Cc1cccc(Nc2cc(C(C)C)c(C(=O)NCC3CCC3)c[nH+]2)c1,Cc1cccc(Nc2cc(C(C)C)c(C(=O)NCC3CCC3)cn2)c1,"6,020",13,N,1,0,1,0,SP2,TRUE,TRUE,4,7359,7360
mol3778,Cc1cccc(Nc2cc(C(C)C)c(C(=O)NCC3CCOCC3)c[nH+]2)c1,Cc1cccc(Nc2cc(C(C)C)c(C(=O)NCC3CCOCC3)cn2)c1,"6,020",13,N,1,0,1,0,SP2,TRUE,TRUE,4,7361,7362
mol3779,Cc1cccc(Nc2ccccc2C(=O)O)c1C,Cc1cccc(Nc2ccccc2C(=O)[O-])c1C,"4,200",17,O,0,-1,1,0,SP2,FALSE,FALSE,2,7363,7364
mol3780,Cc1cccc(Nc2cc[nH+]cc2S(=O)(=O)/N=C(\NC#N)N2CCCCCC2)c1,Cc1cccc(Nc2ccncc2S(=O)(=O)/N=C(\NC#N)N2CCCCCC2)c1,"6,000",11,N,1,0,1,0,SP2,TRUE,TRUE,4,7365,7366
mol3781,Cc1cccc(O)c1,Cc1cccc([O-])c1,"10,055",7,O,0,-1,1,0,SP2,FALSE,FALSE,2,7367,7368
mol3782,Cc1cccc(O)c1C,Cc1cccc([O-])c1C,"10,510",8,O,0,-1,1,0,SP2,FALSE,FALSE,2,7369,7370
mol3783,Cc1cccc(O)c1C(=O)Oc1ccccc1,Cc1cccc([O-])c1C(=O)Oc1ccccc1,"8,630",16,O,0,-1,1,0,SP2,FALSE,FALSE,2,7371,7372
mol3784,Cc1cccc(O)c1C(=O)O,Cc1cccc(O)c1C(=O)[O-],"3,350",9,O,0,-1,1,0,SP2,FALSE,FALSE,2,7373,7374
mol3785,Cc1cccc(O)c1O,Cc1cccc([O-])c1O,"9,280",8,O,0,-1,1,0,SP2,FALSE,FALSE,2,7375,7376
mol3786,Cc1cccc(OC(O)(CBr)c2ccccc2)c1,Cc1cccc(OC([O-])(CBr)c2ccccc2)c1,"11,210",17,O,0,-1,1,0,SP3,FALSE,FALSE,2,7377,7378
mol3787,Cc1cccc(OCC(=O)O)c1,Cc1cccc(OCC(=O)[O-])c1,"3,180",11,O,0,-1,1,0,SP2,FALSE,FALSE,2,7379,7380
mol3788,Cc1cccc(Oc2cc(NCc3ccccc3)nc(N)[nH+]2)c1,Cc1cccc(Oc2cc(NCc3ccccc3)nc(N)n2)c1,"5,270",13,N,1,0,1,0,SP2,TRUE,TRUE,4,7381,7382
mol3789,Cc1cccc(S(=O)(=O)N2CCC[C@@H]2CC[NH+]2CCC(C)CC2)c1,Cc1cccc(S(=O)(=O)N2CCC[C@@H]2CCN2CCC(C)CC2)c1,"10,400",17,N,1,0,1,0,SP3,FALSE,TRUE,4,7383,7384
mol3790,Cc1cccc(S(N)(=O)=O)c1,Cc1cccc(S([NH-])(=O)=O)c1,"9,510",10,N,0,-1,2,1,SP3,FALSE,FALSE,3,7385,7386
mol3791,Cc1cccc(SCC(=O)O)c1,Cc1cccc(SCC(=O)[O-])c1,"3,520",11,O,0,-1,1,0,SP2,FALSE,FALSE,2,7387,7388
mol3792,Cc1cccc([P+](c2cccc(C)c2)(c2cccc(C)c2)C2c3ccccc3-c3ccccc32)c1,Cc1cccc([P+](c2cccc(C)c2)(c2cccc(C)c2)[c-]2c3ccccc3c3ccccc32)c1,"9,550",22,C,0,-1,1,0,SP3,FALSE,TRUE,4,7389,7390
mol3793,Cc1cccc2[nH]c[nH+]c12,Cc1cccc2[nH]cnc12,"5,670",7,N,1,0,1,0,SP2,TRUE,TRUE,4,7391,7392
mol3794,Cc1cccc2c1C(=O)NC2=O,Cc1cccc2c1C(=O)[N-]C2=O,"10,490",9,N,0,-1,1,0,SP2,FALSE,TRUE,3,7393,7394
mol3795,Cc1cccc2c1CCC21CCc2c(C(=O)N(C)C)cn3c(C)c(C)[nH+]c3c2O1,Cc1cccc2c1CCC21CCc2c(C(=O)N(C)C)cn3c(C)c(C)nc3c2O1,"6,870",18,N,1,0,1,0,SP2,TRUE,TRUE,4,7395,7396
mol3796,Cc1cccc2c1[C@H](Oc1cc(C(=O)N(C)C)cn3c(C)c(C)[nH+]c13)[C@@H](O)C2,Cc1cccc2c1[C@H](Oc1cc(C(=O)N(C)C)cn3c(C)c(C)nc13)[C@@H](O)C2,"6,220",18,N,1,0,1,0,SP2,TRUE,TRUE,4,7397,7398
mol3797,Cc1cccc2cc3ccccc3[nH+]c12,Cc1cccc2cc3ccccc3nc12,"4,500",7,N,1,0,1,0,SP2,TRUE,TRUE,4,7399,7400
mol3798,Cc1cccc2ccc(O)cc12,Cc1cccc2ccc([O-])cc12,"9,420",11,O,0,-1,1,0,SP2,FALSE,FALSE,2,7401,7402
mol3799,Cc1cccc2ccc[nH+]c12,Cc1cccc2cccnc12,"4,870",7,N,1,0,1,0,SP2,TRUE,TRUE,4,7403,7404
mol3800,Cc1cccc2[nH+]cccc12,Cc1cccc2ncccc12,"5,000",10,N,1,0,1,0,SP2,TRUE,TRUE,4,7405,7406
mol3801,Cc1cccc2oc(=O)cc(O)c12,Cc1cccc2oc(=O)cc([O-])c12,"4,200",12,O,0,-1,1,0,SP2,FALSE,FALSE,2,7407,7408
mol3802,Cc1cccc2sc(C(N)=[NH2+])cc12,Cc1cccc2sc(C(=N)N)cc12,"9,100",11,N,1,0,2,1,SP2,FALSE,FALSE,4,7409,7410
mol3804,Cc1ccccc1-c1nc2cn(-c3ccc(C#N)cc3)nc2c(=O)n1CC1CCC[NH+](C(C)C)C1,Cc1ccccc1-c1nc2cn(-c3ccc(C#N)cc3)nc2c(=O)n1CC1CCCN(C(C)C)C1,"10,000",22,N,1,0,1,0,SP3,FALSE,TRUE,4,7411,7412
mol3805,Cc1ccccc1-c1nc2cn(-c3ccc(Cl)cc3)nc2c(=O)n1CC1CCC[NH+](C(C)C)C1,Cc1ccccc1-c1nc2cn(-c3ccc(Cl)cc3)nc2c(=O)n1CC1CCCN(C(C)C)C1,"10,000",22,N,1,0,1,0,SP3,FALSE,TRUE,4,7413,7414
mol3806,Cc1ccccc1-c1nc2cn(-c3ccc(F)cc3)nc2c(=O)n1CC1CCC[NH+](C(C)C)C1,Cc1ccccc1-c1nc2cn(-c3ccc(F)cc3)nc2c(=O)n1CC1CCCN(C(C)C)C1,"10,000",22,N,1,0,1,0,SP3,FALSE,TRUE,4,7415,7416
mol3807,Cc1ccccc1-c1nc2cn(-c3cccc(C#N)c3)nc2c(=O)n1CC1CCC[NH+](C(C)C)C1,Cc1ccccc1-c1nc2cn(-c3cccc(C#N)c3)nc2c(=O)n1CC1CCCN(C(C)C)C1,"9,900",22,N,1,0,1,0,SP3,FALSE,TRUE,4,7417,7418
mol3808,Cc1ccccc1-c1nc2cn(-c3cccc(Cl)c3)nc2c(=O)n1CC1CCC[NH+](C(C)C)C1,Cc1ccccc1-c1nc2cn(-c3cccc(Cl)c3)nc2c(=O)n1CC1CCCN(C(C)C)C1,"9,800",22,N,1,0,1,0,SP3,FALSE,TRUE,4,7419,7420
mol3809,Cc1ccccc1-c1nn[nH]n1,Cc1ccccc1-c1nn[n-]n1,"4,090",9,N,0,-1,1,0,SP2,TRUE,TRUE,3,7421,7422
mol3810,Cc1ccccc1/C=C/C(=O)O,Cc1ccccc1/C=C/C(=O)[O-],"4,500",11,O,0,-1,1,0,SP2,FALSE,FALSE,2,7423,7424
mol3811,Cc1ccccc1/C=C/c1ccc([NH+](C)C)cc1,Cc1ccccc1/C=C/c1ccc(N(C)C)cc1,"4,590",15,N,1,0,1,0,SP3,FALSE,FALSE,4,7425,7426
mol3812,Cc1ccccc1/[NH+]=C/N(C)C,Cc1ccccc1/N=C/N(C)C,"8,270",7,N,1,0,1,0,SP2,FALSE,FALSE,4,7427,7428
mol3813,Cc1ccccc1C(=[NH2+])c1ccccc1,Cc1ccccc1C(=N)c1ccccc1,"7,210",8,N,1,0,2,1,SP2,FALSE,FALSE,4,7429,7430
mol3814,Cc1ccccc1C(=O)O,Cc1ccccc1C(=O)[O-],"3,920",9,O,0,-1,1,0,SP2,FALSE,FALSE,2,7431,7432
mol3815,Cc1ccccc1C(=O)c1ccc2n1CCC2C(=O)O,Cc1ccccc1C(=O)c1ccc2n1CCC2C(=O)[O-],"3,440",19,O,0,-1,1,0,SP2,FALSE,FALSE,2,7433,7434
mol3816,Cc1ccccc1C(=S)Nc1ccccc1,Cc1ccccc1C(=S)[N-]c1ccccc1,"10,870",9,N,0,-1,1,0,SP2,FALSE,FALSE,3,7435,7436
mol3817,Cc1ccccc1C(O)C(C(=O)O)c1ccc(-c2ccccc2)cc1,Cc1ccccc1C(O)C(C(=O)[O-])c1ccc(-c2ccccc2)cc1,"4,190",23,O,0,-1,1,0,SP2,FALSE,FALSE,2,7437,7438
mol3818,Cc1ccccc1C(OCC[NH+](C)C)c1ccccc1,Cc1ccccc1C(OCCN(C)C)c1ccccc1,"8,400",17,N,1,0,1,0,SP3,FALSE,FALSE,4,7439,7440
mol3819,Cc1ccccc1C1CCc2c(C(=O)N(C)C)cn3c(C)c(C)[nH+]c3c2O1,Cc1ccccc1C1CCc2c(C(=O)N(C)C)cn3c(C)c(C)nc3c2O1,"6,740",16,N,1,0,1,0,SP2,TRUE,TRUE,4,7441,7442
mol3820,Cc1ccccc1C[NH+](C)C,Cc1ccccc1CN(C)C,"8,710",8,N,1,0,1,0,SP3,FALSE,FALSE,4,7443,7444
mol3821,Cc1ccccc1C[NH3+],Cc1ccccc1CN,"9,230",8,N,1,0,3,2,SP3,FALSE,FALSE,4,7445,7446
mol3822,Cc1ccccc1[NH3+],Cc1ccccc1N,"4,450",7,N,1,0,3,2,SP3,FALSE,FALSE,4,7447,7448
mol3823,Cc1ccccc1[NH+](C)C,Cc1ccccc1N(C)C,"6,000",7,N,1,0,1,0,SP3,FALSE,FALSE,4,7449,7450
mol3824,Cc1ccccc1N1C(=O)c2cc(S(N)(=O)=O)c(Cl)cc2NC1C,Cc1ccccc1N1C(=O)c2cc(S([NH-])(=O)=O)c(Cl)cc2NC1C,"9,720",21,N,0,-1,2,1,SP3,FALSE,FALSE,3,7451,7452
mol3825,Cc1ccccc1NC(=O)C[NH+]1CCCCC1,Cc1ccccc1NC(=O)CN1CCCCC1,"7,700",11,N,1,0,1,0,SP3,FALSE,TRUE,4,7453,7454
mol3826,Cc1ccccc1NC(=O)C[NH3+],Cc1ccccc1NC(=O)CN,"7,810",11,N,1,0,3,2,SP3,FALSE,FALSE,4,7455,7456
mol3827,Cc1ccccc1NC(=S)c1ccccc1,Cc1ccccc1[N-]C(=S)c1ccccc1,"10,210",7,N,0,-1,1,0,SP2,FALSE,FALSE,3,7457,7458
mol3828,Cc1ccccc1[NH2+]C(C)(C)C,Cc1ccccc1NC(C)(C)C,"6,490",7,N,1,0,2,1,SP3,FALSE,FALSE,4,7459,7460
mol3829,Cc1ccccc1NC(N)=[NH+]c1ccccc1C,Cc1ccccc1N=C(N)Nc1ccccc1C,"9,670",9,N,1,0,1,0,SP2,FALSE,FALSE,4,7461,7462
mol3830,Cc1ccccc1NC1=[NH+]CCN1,Cc1ccccc1NC1=NCCN1,"10,230",9,N,1,0,1,0,SP2,FALSE,TRUE,4,7463,7464
mol3831,Cc1ccccc1[NH2+]C1CCCC1,Cc1ccccc1NC1CCCC1,"5,070",7,N,1,0,2,1,SP3,FALSE,FALSE,4,7465,7466
mol3832,Cc1ccccc1[NH2+]C1CCCCC1,Cc1ccccc1NC1CCCCC1,"5,340",7,N,1,0,2,1,SP3,FALSE,FALSE,4,7467,7468
mol3834,Cc1ccccc1O,Cc1ccccc1[O-],"10,260",7,O,0,-1,1,0,SP2,FALSE,FALSE,2,7469,7470
mol3835,Cc1ccccc1OC(C)C(=O)O,Cc1ccccc1OC(C)C(=O)[O-],"3,370",12,O,0,-1,1,0,SP2,FALSE,FALSE,2,7471,7472
mol3836,Cc1ccccc1OCC(=O)O,Cc1ccccc1OCC(=O)[O-],"3,170",11,O,0,-1,1,0,SP2,FALSE,FALSE,2,7473,7474
mol3837,Cc1ccccc1OCC(O)C[NH2+]CCOc1ccc(C(N)=O)cc1,Cc1ccccc1OCC(O)CNCCOc1ccc(C(N)=O)cc1,"7,900",11,N,1,0,2,1,SP3,FALSE,FALSE,4,7475,7476
mol3838,Cc1ccccc1SCC(=O)O,Cc1ccccc1SCC(=O)[O-],"3,460",11,O,0,-1,1,0,SP2,FALSE,FALSE,2,7477,7478
mol3839,Cc1ccccc1[C@@H]1CCc2c(C(=O)N(C)C)cc3c([nH+]c(C4CC4)n3C)c2O1,Cc1ccccc1[C@@H]1CCc2c(C(=O)N(C)C)cc3c(nc(C4CC4)n3C)c2O1,"5,280",17,N,1,0,1,0,SP2,TRUE,TRUE,4,7479,7480
mol3840,Cc1ccccc1[C@@H]1CCc2c(C(=O)N(C)C)cn3c(C)c(C)[nH+]c3c2O1,Cc1ccccc1[C@@H]1CCc2c(C(=O)N(C)C)cn3c(C)c(C)nc3c2O1,"7,150",16,N,1,0,1,0,SP2,TRUE,TRUE,4,7481,7482
mol3841,Cc1cccc[nH+]1,Cc1ccccn1,"5,973",6,N,1,0,1,0,SP2,TRUE,TRUE,4,7483,7484
mol3842,Cc1ccc[nH+]c1,Cc1cccnc1,"5,810",5,N,1,0,1,0,SP2,TRUE,TRUE,4,7485,7486
mol3843,Cc1ccc[nH+]c1C,Cc1cccnc1C,"6,570",5,N,1,0,1,0,SP2,TRUE,TRUE,4,7487,7488
mol3844,Cc1ccc[nH+]c1N,Cc1cccnc1N,"7,240",5,N,1,0,1,0,SP2,TRUE,TRUE,4,7489,7490
mol3845,Cc1cccn[nH+]1,Cc1cccnn1,"3,460",6,N,1,0,1,0,SP2,TRUE,TRUE,4,7491,7492
mol3847,Cc1ccn2c(CC#N)c(C)[nH+]c2c1OCc1ccccc1,Cc1ccn2c(CC#N)c(C)nc2c1OCc1ccccc1,"5,670",7,N,1,0,1,0,SP2,TRUE,TRUE,4,7493,7494
mol3848,Cc1cc[nH+][nH]1,Cc1ccn[nH]1,"3,660",4,N,1,0,1,0,SP2,TRUE,TRUE,4,7495,7496
mol3849,Cc1ccnc(-c2cc(C)cc[nH+]2)c1,Cc1ccnc(-c2cc(C)ccn2)c1,"5,320",12,N,1,0,1,0,SP2,TRUE,TRUE,4,7497,7498
mol3850,Cc1cc[nH+]c(C)c1,Cc1ccnc(C)c1,"6,770",4,N,1,0,1,0,SP2,TRUE,TRUE,4,7499,7500
mol3852,Cc1cc[nH+]c(N)n1,Cc1ccnc(N)n1,"4,200",4,N,1,0,1,0,SP2,TRUE,TRUE,4,7501,7502
mol3853,Cc1cc[nH+]c(N2CCc3ccccc3C2)c1,Cc1ccnc(N2CCc3ccccc3C2)c1,"6,600",4,N,1,0,1,0,SP2,TRUE,TRUE,4,7503,7504
mol3854,Cc1ccnc(NS(=O)(=O)c2ccc(Cl)cc2)n1,Cc1ccnc([N-]S(=O)(=O)c2ccc(Cl)cc2)n1,"5,370",7,N,0,-1,1,0,SP2,FALSE,FALSE,3,7505,7506
mol3855,Cc1ccnc2c1ccc1c(C)cc[nH+]c12,Cc1ccnc2c1ccc1c(C)ccnc12,"5,940",11,N,1,0,1,0,SP2,TRUE,TRUE,4,7507,7508
mol3856,Cc1cc[nH+]c2ccccc12,Cc1ccnc2ccccc12,"5,510",4,N,1,0,1,0,SP2,TRUE,TRUE,4,7509,7510
mol3857,Cc1cc[nH+]cc1,Cc1ccncc1,"6,075",4,N,1,0,1,0,SP2,TRUE,TRUE,4,7511,7512
mol3858,Cc1cc[nH+]cc1C,Cc1ccncc1C,"6,530",4,N,1,0,1,0,SP2,TRUE,TRUE,4,7513,7514
mol3859,Cc1cc[nH+]nc1,Cc1ccnnc1,"3,220",4,N,1,0,1,0,SP2,TRUE,TRUE,4,7515,7516
mol3860,Cc1cc[nH+]nc1C,Cc1ccnnc1C,"4,100",4,N,1,0,1,0,SP2,TRUE,TRUE,4,7517,7518
mol3861,Cc1cn(C)[nH+]c1C,Cc1cn(C)nc1C,"3,560",4,N,1,0,1,0,SP2,TRUE,TRUE,4,7519,7520
mol3862,Cc1cn(C2CC(N=[N+]=[N-])C(COP(=O)(NC(C)(C)C)OCCSC(=O)C(C)(C)C)O2)c(=O)[nH]c1=O,Cc1cn(C2CC(N=[N+]=[N-])C(COP(=O)(NC(C)(C)C)OCCSC(=O)C(C)(C)C)O2)c(=O)[n-]c1=O,"10,450",6,N,0,-1,1,0,SP2,TRUE,TRUE,3,7521,7522
mol3863,Cc1cn(C2CC(N=[N+]=[N-])C(COP(=O)(NC(C)C)OCCSC(=O)C(C)(C)C)O2)c(=O)[nH]c1=O,Cc1cn(C2CC(N=[N+]=[N-])C(COP(=O)(NC(C)C)OCCSC(=O)C(C)(C)C)O2)c(=O)[n-]c1=O,"10,630",6,N,0,-1,1,0,SP2,TRUE,TRUE,3,7523,7524
mol3864,Cc1cn([C@@H]2C[C@@H](O)[C@H](CO)O2)c(=O)[nH]c1=S,Cc1cn([C@@H]2C[C@@H](O)[C@H](CO)O2)c(=O)[n-]c1=S,"8,800",6,N,0,-1,1,0,SP2,TRUE,TRUE,3,7525,7526
mol3865,Cc1cn([C@H]2C[C@H](O)[C@@H](CO)O2)c(=O)[nH]c1=O,Cc1cn([C@H]2C[C@H](O)[C@@H](CO)O2)c(=O)[n-]c1=O,"9,800",6,N,0,-1,1,0,SP2,TRUE,TRUE,3,7527,7528
mol3866,Cc1cn2c3c(=O)n(C)c(=O)n(C)c3nc2n1CCC[NH+]1CCN(c2cccc(Cl)c2)CC1,Cc1cn2c3c(=O)n(C)c(=O)n(C)c3nc2n1CCCN1CCN(c2cccc(Cl)c2)CC1,"8,120",12,N,1,0,1,0,SP3,FALSE,TRUE,4,7529,7530
mol3867,Cc1cn2c3c(=O)n(C)c(=O)n(C)c3nc2n1CCC[NH+]1CCN(c2cccc(Cl)c2Cl)CC1,Cc1cn2c3c(=O)n(C)c(=O)n(C)c3nc2n1CCCN1CCN(c2cccc(Cl)c2Cl)CC1,"7,610",12,N,1,0,1,0,SP3,FALSE,TRUE,4,7531,7532
mol3868,Cc1cn2c3c(=O)n(C)c(=O)n(C)c3nc2n1CCC[NH+]1CCN(c2ccccc2)CC1,Cc1cn2c3c(=O)n(C)c(=O)n(C)c3nc2n1CCCN1CCN(c2ccccc2)CC1,"7,550",12,N,1,0,1,0,SP3,FALSE,TRUE,4,7533,7534
mol3869,Cc1cn2c3c(=O)n(C)c(=O)n(C)c3nc2n1CCC[NH+]1CCc2ccccc2C1,Cc1cn2c3c(=O)n(C)c(=O)n(C)c3nc2n1CCCN1CCc2ccccc2C1,"8,660",12,N,1,0,1,0,SP3,FALSE,TRUE,4,7535,7536
mol3870,Cc1cn2cc(C(=O)N(C)C)c3c(c2[nH+]1)CC(c1ccccc1)CC3,Cc1cn2cc(C(=O)N(C)C)c3c(c2n1)CC(c1ccccc1)CC3,"6,670",9,N,1,0,1,0,SP2,TRUE,TRUE,4,7538,7537
mol3871,Cc1cn2ccc3c(c2[nH+]1)CC(c1ccccc1)CC3,Cc1cn2ccc3c(c2n1)CC(c1ccccc1)CC3,"7,630",9,N,1,0,1,0,SP2,TRUE,TRUE,4,7539,7540
mol3872,Cc1cn2nc(-c3ccccc3)cc(C)c2[nH+]1,Cc1cn2nc(-c3ccccc3)cc(C)c2n1,"5,300",7,N,1,0,1,0,SP2,TRUE,TRUE,4,7542,7541
mol3873,Cc1cn2nc(-c3ccccc3)ccc2[nH+]1,Cc1cn2nc(-c3ccccc3)ccc2n1,"5,090",5,N,1,0,1,0,SP2,TRUE,TRUE,4,7544,7543
mol3874,Cc1cnc(-c2ccccc2)c(=O)[nH]1,Cc1cnc(-c2ccccc2)c(=O)[n-]1,"9,300",7,N,0,-1,1,0,SP2,TRUE,TRUE,3,7545,7546
mol3875,Cc1cnc(C(=O)NCCc2ccc(S(=O)(=O)[NH2+]C(=O)NC3CCCCC3)cc2)cn1,Cc1cnc(C(=O)NCCc2ccc(S(=O)(=O)NC(=O)NC3CCCCC3)cc2)cn1,"5,900",21,N,1,0,2,1,SP3,FALSE,FALSE,4,7547,7548
mol3876,Cc1cnc(C(=O)O)s1,Cc1cnc(C(=O)[O-])s1,"3,030",8,O,0,-1,1,0,SP2,FALSE,FALSE,2,7549,7550
mol3877,Cc1cnc(C)c(C)[nH+]1,Cc1cnc(C)c(C)n1,"2,650",6,N,1,0,1,0,SP2,TRUE,TRUE,4,7551,7552
mol3878,Cc1cnc(C[NH2+]CC2(F)CCN(C(=O)c3ccc(F)c(Cl)c3)CC2)nc1,Cc1cnc(CNCC2(F)CCN(C(=O)c3ccc(F)c(Cl)c3)CC2)nc1,"6,700",8,N,1,0,2,1,SP3,FALSE,FALSE,4,7554,7553
mol3879,Cc1c[nH+]c(N(C)C)s1,Cc1cnc(N(C)C)s1,"6,080",3,N,1,0,1,0,SP2,TRUE,TRUE,4,7555,7556
mol3880,Cc1c[nH+]c(N)s1,Cc1cnc(N)s1,"5,710",3,N,1,0,1,0,SP2,TRUE,TRUE,4,7557,7558
mol3882,Cc1c[nH+]c(NCC2(c3ccc(Cl)cc3)CCC2)c(=O)n1CC(=O)NCc1cnc(N)cn1,Cc1cnc(NCC2(c3ccc(Cl)cc3)CCC2)c(=O)n1CC(=O)NCc1cnc(N)cn1,"2,700",3,N,1,0,1,0,SP2,TRUE,TRUE,4,7559,7560
mol3887,Cc1c[nH+]c(NCCc2ccccc2)c(=O)n1CC(=O)NCc1cnc(N)cn1,Cc1cnc(NCCc2ccccc2)c(=O)n1CC(=O)NCc1cnc(N)cn1,"2,700",3,N,1,0,1,0,SP2,TRUE,TRUE,4,7561,7562
mol3888,Cc1cnc2c(c1)c(C)c(C)c1cc(C)c[nH+]c12,Cc1cnc2c(c1)c(C)c(C)c1cc(C)cnc12,"5,540",13,N,1,0,1,0,SP2,TRUE,TRUE,4,7563,7564
mol3889,Cc1c[nH+]c2c(c1)c(C)c(C)c1cccnc12,Cc1cnc2c(c1)c(C)c(C)c1cccnc12,"5,340",13,N,1,0,1,0,SP2,TRUE,TRUE,4,7565,7566
mol3890,Cc1cnc2c(c1)c(C)cc1c(C)c(C)c[nH+]c12,Cc1cnc2c(c1)c(C)cc1c(C)c(C)cnc12,"6,070",10,N,1,0,1,0,SP2,TRUE,TRUE,4,7567,7568
mol3891,Cc1cnc2c(c1)c(C)cc1c(C)cc[nH+]c12,Cc1cnc2c(c1)c(C)cc1c(C)ccnc12,"5,900",4,N,1,0,1,0,SP2,TRUE,TRUE,4,7569,7570
mol3892,Cc1cnc2c(c1)cc(C)c1cc(C)c[nH+]c12,Cc1cnc2c(c1)cc(C)c1cc(C)cnc12,"5,270",10,N,1,0,1,0,SP2,TRUE,TRUE,4,7571,7572
mol3893,Cc1c[nH+]c2c(cc(C)c3c(C)ccnc32)c1C,Cc1cnc2c(cc(C)c3c(C)ccnc32)c1C,"6,450",11,N,1,0,1,0,SP2,TRUE,TRUE,4,7573,7574
mol3894,Cc1c[nH+]c2c(cc(C)c3cccnc32)c1C,Cc1cnc2c(cc(C)c3cccnc32)c1C,"5,930",7,N,1,0,1,0,SP2,TRUE,TRUE,4,7575,7576
mol3895,Cc1cnc2c(ccc3c(C)c(C)c[nH+]c32)c1C,Cc1cnc2c(ccc3c(C)c(C)cnc32)c1C,"6,310",12,N,1,0,1,0,SP2,TRUE,TRUE,4,7577,7578
mol3896,Cc1cnc2c(ccc3c(C)cc[nH+]c32)c1,Cc1cnc2c(ccc3c(C)ccnc32)c1,"5,570",4,N,1,0,1,0,SP2,TRUE,TRUE,4,7579,7580
mol3897,Cc1c[nH+]c2c(ccc3c(C)ccnc32)c1C,Cc1cnc2c(ccc3c(C)ccnc32)c1C,"5,990",11,N,1,0,1,0,SP2,TRUE,TRUE,4,7581,7582
mol3898,Cc1cnc2c(ccc3cc(C)c[nH+]c32)c1,Cc1cnc2c(ccc3cc(C)cnc32)c1,"5,230",13,N,1,0,1,0,SP2,TRUE,TRUE,4,7583,7584
mol3899,Cc1c[nH+]c2c(ccc3cccnc32)c1,Cc1cnc2c(ccc3cccnc32)c1,"5,000",13,N,1,0,1,0,SP2,TRUE,TRUE,4,7585,7586
mol3900,Cc1c[nH+]c2c(ccc3cccnc32)c1C,Cc1cnc2c(ccc3cccnc32)c1C,"5,620",3,N,1,0,1,0,SP2,TRUE,TRUE,4,7587,7588
mol3901,Cc1c[nH+]c2ccccc2c1,Cc1cnc2ccccc2c1,"5,150",9,N,1,0,1,0,SP2,TRUE,TRUE,4,7589,7590
mol3902,Cc1cnc2c[nH+]cnc2n1,Cc1cnc2cncnc2n1,"3,490",6,N,1,0,1,0,SP2,TRUE,TRUE,4,7591,7592
mol3904,Cc1c[nH+]cc(C)c1,Cc1cncc(C)c1,"6,150",5,N,1,0,1,0,SP2,TRUE,TRUE,4,7593,7594
mol3905,Cc1cncc(C)[nH+]1,Cc1cncc(C)n1,"2,110",6,N,1,0,1,0,SP2,TRUE,TRUE,4,7595,7596
mol3906,Cc1c[nH+]n(C)c1C,Cc1cnn(C)c1C,"3,580",3,N,1,0,1,0,SP2,TRUE,TRUE,4,7597,7598
mol3907,Cc1cn[nH+]c(C)c1,Cc1cnnc(C)c1,"4,110",4,N,1,0,1,0,SP2,TRUE,TRUE,4,7599,7600
mol3908,Cc1cn[nH+]cc1C,Cc1cnncc1C,"4,130",4,N,1,0,1,0,SP2,TRUE,TRUE,4,7601,7602
mol3909,Cc1coc(C)c1C(=O)O,Cc1coc(C)c1C(=O)[O-],"4,550",8,O,0,-1,1,0,SP2,FALSE,FALSE,2,7603,7604
mol3910,Cc1coc([C@H]2C[C@H]3[C@@H](C)SC(N)=[NH+][C@@]3(c3ccc(F)cc3F)CO2)n1,Cc1coc([C@H]2C[C@H]3[C@@H](C)SC(N)=N[C@@]3(c3ccc(F)cc3F)CO2)n1,"7,800",12,N,1,0,1,0,SP2,FALSE,TRUE,4,7605,7606
mol3911,Cc1coc([C@H]2C[C@H]3[C@@H](CF)SC(N)=[NH+][C@@]3(c3ccc(F)cc3F)CO2)n1,Cc1coc([C@H]2C[C@H]3[C@@H](CF)SC(N)=N[C@@]3(c3ccc(F)cc3F)CO2)n1,"7,000",12,N,1,0,1,0,SP2,FALSE,TRUE,4,7608,7607
mol3912,Cc1csc(C(=O)O)c1,Cc1csc(C(=O)[O-])c1,"3,660",8,O,0,-1,1,0,SP2,FALSE,FALSE,2,7609,7610
mol3913,Cc1csc(S(N)(=O)=O)n1,Cc1csc(S([NH-])(=O)=O)n1,"8,350",9,N,0,-1,2,1,SP3,FALSE,FALSE,3,7611,7612
mol3914,Cc1csc2[nH+]ccn12,Cc1csc2nccn12,"5,360",8,N,1,0,1,0,SP2,TRUE,TRUE,4,7613,7614
mol3915,Cc1csc[nH+]1,Cc1cscn1,"3,140",5,N,1,0,1,0,SP2,TRUE,TRUE,4,7615,7616
mol3916,Cc1n[nH]c(=O)[nH]1,Cc1n[nH]c(=O)[n-]1,"9,430",2,N,0,-1,1,0,SP2,TRUE,TRUE,3,7617,7618
mol3917,Cc1[nH][nH+]c(C)c1C,Cc1n[nH]c(C)c1C,"4,820",4,N,1,0,1,0,SP2,TRUE,TRUE,4,7619,7620
mol3918,Cc1[nH][nH+]c(C)c1Cl,Cc1n[nH]c(C)c1Cl,"2,230",4,N,1,0,1,0,SP2,TRUE,TRUE,4,7621,7622
mol3919,Cc1n[nH]nc1-c1ccccc1,Cc1n[n-]nc1-c1ccccc1,"9,110",4,N,0,-1,1,0,SP2,TRUE,TRUE,3,7623,7624
mol3920,Cc1[nH+]c(-c2ccc(F)cc2F)n(C)c1CC(=O)NCc1ccc(F)cc1Cl,Cc1nc(-c2ccc(F)cc2F)n(C)c1CC(=O)NCc1ccc(F)cc1Cl,"6,470",5,N,1,0,1,0,SP2,TRUE,TRUE,4,7625,7626
mol3921,Cc1[nH]c(-c2ccccc2)[nH+]c1C,Cc1nc(-c2ccccc2)[nH]c1C,"7,000",3,N,1,0,1,0,SP2,TRUE,TRUE,4,7627,7628
mol3922,Cc1nc(-c2ccccc2)oc1O,Cc1nc(-c2ccccc2)oc1[O-],"8,940",12,O,0,-1,1,0,SP2,FALSE,FALSE,2,7629,7630
mol3923,Cc1[nH]c(-c2ccccc2SCc2ccccc2)[nH+]c1C,Cc1nc(-c2ccccc2SCc2ccccc2)[nH]c1C,"7,000",3,N,1,0,1,0,SP2,TRUE,TRUE,4,7631,7632
mol3924,CC1=NC(=S)S[NH2+]1,Cc1nc(=S)s[nH]1,"5,180",2,N,1,0,2,1,SP3,FALSE,TRUE,4,7633,7634
mol3925,Cc1nc(C(=O)Nc2ccc(N3CC[C@H]([NH+]4CCC[C@@H]4C)C3)cc2C)co1,Cc1nc(C(=O)Nc2ccc(N3CC[C@H](N4CCC[C@@H]4C)C3)cc2C)co1,"10,100",21,N,1,0,1,0,SP3,FALSE,TRUE,4,7635,7636
mol3926,Cc1nc(C(=O)O)cs1,Cc1nc(C(=O)[O-])cs1,"3,900",8,O,0,-1,1,0,SP2,FALSE,FALSE,2,7637,7638
mol3927,Cc1nc(C)c(C)[nH+]c1C,Cc1nc(C)c(C)nc1C,"3,360",6,N,1,0,1,0,SP2,TRUE,TRUE,4,7639,7640
mol3928,Cc1[nH+]c(C)n2c1CN(C1CCN(C(=O)CCS(=O)(=O)c3ccc4cc(Cl)ccc4c3)CC1)C2=O,Cc1nc(C)n2c1CN(C1CCN(C(=O)CCS(=O)(=O)c3ccc4cc(Cl)ccc4c3)CC1)C2=O,"5,400",5,N,1,0,1,0,SP2,TRUE,TRUE,4,7641,7642
mol3929,Cc1nc(N)nc(C)[nH+]1,Cc1nc(C)nc(N)n1,"3,600",2,N,1,0,1,0,SP2,TRUE,TRUE,4,7643,7644
mol3931,Cc1[nH+]c(N(C)C)nc(OC(=O)N(C)C)c1C,Cc1nc(N(C)C)nc(OC(=O)N(C)C)c1C,"4,530",3,N,1,0,1,0,SP2,TRUE,TRUE,4,7645,7646
mol3932,Cc1nc2c(cnn2-c2ccccc2)c(N)[nH+]1,Cc1nc(N)c2cnn(-c3ccccc3)c2n1,"4,520",2,N,1,0,1,0,SP2,TRUE,TRUE,4,7647,7648
mol3933,Cc1nc2c(cnn2C)c(N)[nH+]1,Cc1nc(N)c2cnn(C)c2n1,"5,000",2,N,1,0,1,0,SP2,TRUE,TRUE,4,7649,7650
mol3934,Cc1nc(N)c2ncsc2[nH+]1,Cc1nc(N)c2ncsc2n1,"4,560",6,N,1,0,1,0,SP2,TRUE,TRUE,4,7651,7652
mol3935,Cc1nc(N)nc(N)[nH+]1,Cc1nc(N)nc(N)n1,"4,590",2,N,1,0,1,0,SP2,TRUE,TRUE,4,7653,7654
mol3936,Cc1nc(NS(=O)(=O)c2ccc(N)cc2)no1,Cc1nc([N-]S(=O)(=O)c2ccc(N)cc2)no1,"4,400",6,N,0,-1,1,0,SP2,FALSE,FALSE,3,7655,7656
mol3937,Cc1[nH+]c2c(/C=C/Cc3ccccc3)cccn2c1CC#N,Cc1nc2c(/C=C/Cc3ccccc3)cccn2c1CC#N,"5,700",9,N,1,0,1,0,SP2,TRUE,TRUE,4,7657,7658
mol3938,Cc1[nH+]c2c(/C=C/Cc3ccccc3)cccn2c1N,Cc1nc2c(/C=C/Cc3ccccc3)cccn2c1N,"6,750",9,N,1,0,1,0,SP2,TRUE,TRUE,4,7659,7660
mol3939,Cc1[nH+]c2c(/C=C/c3ccccc3)cccn2c1C,Cc1nc2c(/C=C/c3ccccc3)cccn2c1C,"7,200",9,N,1,0,1,0,SP2,TRUE,TRUE,4,7661,7662
mol3940,Cc1[nH+]c2c(/C=C\c3ccccc3)cccn2c1C,Cc1nc2c(/C=C\c3ccccc3)cccn2c1C,"7,200",9,N,1,0,1,0,SP2,TRUE,TRUE,4,7663,7664
mol3941,Cc1nc2c(n1C)NC(=O)[NH2+]C2=O,Cc1nc2c(=O)[nH]c(=O)[nH]c2n1C,"6,200",10,N,1,0,2,1,SP3,FALSE,TRUE,4,7665,7666
mol3942,Cc1[nH+]c2c(C/C=C/c3ccccc3)cccn2c1CC#N,Cc1nc2c(C/C=C/c3ccccc3)cccn2c1CC#N,"6,000",9,N,1,0,1,0,SP2,TRUE,TRUE,4,7667,7668
mol3944,Cc1[nH+]c2c(CCc3ccccc3)cccn2c1CC#N,Cc1nc2c(CCc3ccccc3)cccn2c1CC#N,"6,000",9,N,1,0,1,0,SP2,TRUE,TRUE,4,7669,7670
mol3945,Cc1[nH+]c2c(CCc3ccccc3)cccn2c1N,Cc1nc2c(CCc3ccccc3)cccn2c1N,"7,300",9,N,1,0,1,0,SP2,TRUE,TRUE,4,7671,7672
mol3946,Cc1[nH+]c2c(CCc3ccccc3)nccn2c1N,Cc1nc2c(CCc3ccccc3)nccn2c1N,"5,100",9,N,1,0,1,0,SP2,TRUE,TRUE,4,7673,7674
mol3948,Cc1[nH+]c2c(N[C@H]3c4ccccc4C[C@@H]3O)cc(C(=O)N(C)C)cn2c1C,Cc1nc2c(N[C@H]3c4ccccc4C[C@@H]3O)cc(C(=O)N(C)C)cn2c1C,"6,240",9,N,1,0,1,0,SP2,TRUE,TRUE,4,7675,7676
mol3949,Cc1[nH+]c2c(N[C@H]3c4ccccc4C[C@@H]3O)cc(C(N)=O)cn2c1C,Cc1nc2c(N[C@H]3c4ccccc4C[C@@H]3O)cc(C(N)=O)cn2c1C,"5,970",9,N,1,0,1,0,SP2,TRUE,TRUE,4,7677,7678
mol3950,Cc1[nH+]c2c(OCc3ccccc3)cccn2c1C,Cc1nc2c(OCc3ccccc3)cccn2c1C,"7,000",9,N,1,0,1,0,SP2,TRUE,TRUE,4,7679,7680
mol3951,Cc1[nH+]c2c(OCc3ccccc3)cccn2c1CC#N,Cc1nc2c(OCc3ccccc3)cccn2c1CC#N,"6,093",9,N,1,0,1,0,SP2,TRUE,TRUE,4,7681,7682
mol3952,Cc1[nH+]c2c(OCc3ccccc3)cccn2c1CO,Cc1nc2c(OCc3ccccc3)cccn2c1CO,"6,100",9,N,1,0,1,0,SP2,TRUE,TRUE,4,7683,7684
mol3953,Cc1[nH+]c2c(OCc3ccccc3)cccn2c1N,Cc1nc2c(OCc3ccccc3)cccn2c1N,"6,810",9,N,1,0,1,0,SP2,TRUE,TRUE,4,7685,7686
mol3954,Cc1[nH+]c2c(OCc3ccccc3)nccn2c1C,Cc1nc2c(OCc3ccccc3)nccn2c1C,"4,800",9,N,1,0,1,0,SP2,TRUE,TRUE,4,7687,7688
mol3955,Cc1[nH+]c2c(OCc3ccccc3)nccn2c1N,Cc1nc2c(OCc3ccccc3)nccn2c1N,"4,600",9,N,1,0,1,0,SP2,TRUE,TRUE,4,7689,7690
mol3956,Cc1[nH+]c2c(O[C@H]3c4ccccc4C[C@@H]3O)cc(C(=O)N(C)C)cn2c1C,Cc1nc2c(O[C@H]3c4ccccc4C[C@@H]3O)cc(C(=O)N(C)C)cn2c1C,"6,210",9,N,1,0,1,0,SP2,TRUE,TRUE,4,7691,7692
mol3957,Cc1[nH+]c2c3c(c(C(=O)N(C)C)cc2n1C)CC[C@@H](c1ccc(Cl)cc1)O3,Cc1nc2c3c(c(C(=O)N(C)C)cc2n1C)CC[C@@H](c1ccc(Cl)cc1)O3,"5,590",2,N,1,0,1,0,SP2,TRUE,TRUE,4,7693,7694
mol3958,Cc1[nH+]c2c3c(c(C(=O)N(C)C)cc2n1C)CC[C@@H](c1ccc(Cl)cc1Cl)O3,Cc1nc2c3c(c(C(=O)N(C)C)cc2n1C)CC[C@@H](c1ccc(Cl)cc1Cl)O3,"5,360",2,N,1,0,1,0,SP2,TRUE,TRUE,4,7695,7696
mol3959,Cc1[nH+]c2c3c(c(C(=O)N(C)C)cc2n1C)CC[C@@H](c1ccc(F)cc1)O3,Cc1nc2c3c(c(C(=O)N(C)C)cc2n1C)CC[C@@H](c1ccc(F)cc1)O3,"5,650",2,N,1,0,1,0,SP2,TRUE,TRUE,4,7697,7698
mol3960,Cc1[nH+]c2c3c(c(C(=O)N(C)C)cc2n1C)CC[C@@H](c1ccc2ccccc2c1)O3,Cc1nc2c3c(c(C(=O)N(C)C)cc2n1C)CC[C@@H](c1ccc2ccccc2c1)O3,"5,570",2,N,1,0,1,0,SP2,TRUE,TRUE,4,7699,7700
mol3961,Cc1[nH+]c2c3c(c(C(=O)N(C)C)cc2n1C)CC[C@@H](c1ccccc1C1CC1)O3,Cc1nc2c3c(c(C(=O)N(C)C)cc2n1C)CC[C@@H](c1ccccc1C1CC1)O3,"5,630",2,N,1,0,1,0,SP2,TRUE,TRUE,4,7701,7702
mol3962,Cc1[nH+]c2c3c(c(C(=O)N(C)C)cc2n1C)CC[C@@H](c1ccccc1Cl)O3,Cc1nc2c3c(c(C(=O)N(C)C)cc2n1C)CC[C@@H](c1ccccc1Cl)O3,"5,450",2,N,1,0,1,0,SP2,TRUE,TRUE,4,7703,7704
mol3963,Cc1[nH+]c2c3c(c(C(=O)N(C)C)cc2n1C)CC[C@@H](c1ccccc1F)O3,Cc1nc2c3c(c(C(=O)N(C)C)cc2n1C)CC[C@@H](c1ccccc1F)O3,"5,550",2,N,1,0,1,0,SP2,TRUE,TRUE,4,7705,7706
mol3964,Cc1[nH+]c2c3c(c(C(=O)N(C)C)cn2c1Br)CCC(c1ccccc1)C3,Cc1nc2c3c(c(C(=O)N(C)C)cn2c1Br)CCC(c1ccccc1)C3,"5,110",9,N,1,0,1,0,SP2,TRUE,TRUE,4,7707,7708
mol3965,Cc1[nH+]c2c3c(c(C(=O)N(C)C)cn2c1Br)CCC(c1ccccc1)O3,Cc1nc2c3c(c(C(=O)N(C)C)cn2c1Br)CCC(c1ccccc1)O3,"4,680",9,N,1,0,1,0,SP2,TRUE,TRUE,4,7709,7710
mol3966,Cc1[nH+]c2c3c(c(C(=O)N(C)C)cn2c1C)CCC(c1ccc(F)cc1)O3,Cc1nc2c3c(c(C(=O)N(C)C)cn2c1C)CCC(c1ccc(F)cc1)O3,"6,740",9,N,1,0,1,0,SP2,TRUE,TRUE,4,7711,7712
mol3967,Cc1[nH+]c2c3c(c(C(=O)N(C)C)cn2c1C)CCC(c1ccccc1)C3,Cc1nc2c3c(c(C(=O)N(C)C)cn2c1C)CCC(c1ccccc1)C3,"7,160",9,N,1,0,1,0,SP2,TRUE,TRUE,4,7713,7714
mol3968,Cc1[nH+]c2c3c(c(C(=O)N(C)C)cn2c1C)CCC(c1ccccc1)O3,Cc1nc2c3c(c(C(=O)N(C)C)cn2c1C)CCC(c1ccccc1)O3,"7,150",9,N,1,0,1,0,SP2,TRUE,TRUE,4,7715,7716
mol3969,Cc1[nH+]c2c3c(c(C(=O)N(C)C)cn2c1C)CCC(c1ccccc1F)O3,Cc1nc2c3c(c(C(=O)N(C)C)cn2c1C)CCC(c1ccccc1F)O3,"6,780",9,N,1,0,1,0,SP2,TRUE,TRUE,4,7717,7718
mol3970,Cc1[nH+]c2c3c(c(C(=O)N(C)C)cn2c1C)CCC(c1cccs1)O3,Cc1nc2c3c(c(C(=O)N(C)C)cn2c1C)CCC(c1cccs1)O3,"6,640",9,N,1,0,1,0,SP2,TRUE,TRUE,4,7719,7720
mol3971,Cc1[nH+]c2c3c(c(C(=O)N(C)C)cn2c1C)CCC1(CCc2ccccc21)O3,Cc1nc2c3c(c(C(=O)N(C)C)cn2c1C)CCC1(CCc2ccccc21)O3,"6,840",9,N,1,0,1,0,SP2,TRUE,TRUE,4,7721,7722
mol3972,Cc1[nH+]c2c3c(c(C(=O)N(C)C)cn2c1C)CCC1(Cc2ccccc2C1)O3,Cc1nc2c3c(c(C(=O)N(C)C)cn2c1C)CCC1(Cc2ccccc2C1)O3,"6,840",9,N,1,0,1,0,SP2,TRUE,TRUE,4,7723,7724
mol3973,Cc1[nH+]c2c3c(c(C(=O)N(C)C)cn2c1CO)CCC(c1ccccc1)C3,Cc1nc2c3c(c(C(=O)N(C)C)cn2c1CO)CCC(c1ccccc1)C3,"6,320",9,N,1,0,1,0,SP2,TRUE,TRUE,4,7725,7726
mol3974,Cc1[nH+]c2c3c(c(C(=O)N(C)C)cn2c1CO)CCC(c1ccccc1)O3,Cc1nc2c3c(c(C(=O)N(C)C)cn2c1CO)CCC(c1ccccc1)O3,"5,860",9,N,1,0,1,0,SP2,TRUE,TRUE,4,7727,7728
mol3975,Cc1[nH+]c2c3c(c(C(=O)N4CC(F)(F)C4)cn2c1C)CCC1(CCc2ccccc21)O3,Cc1nc2c3c(c(C(=O)N4CC(F)(F)C4)cn2c1C)CCC1(CCc2ccccc21)O3,"6,550",9,N,1,0,1,0,SP2,TRUE,TRUE,4,7729,7730
mol3976,Cc1[nH+]c2c3c(c(C(=O)N4CC(F)C4)cn2c1C)CCC1(CCc2ccccc21)O3,Cc1nc2c3c(c(C(=O)N4CC(F)C4)cn2c1C)CCC1(CCc2ccccc21)O3,"6,650",9,N,1,0,1,0,SP2,TRUE,TRUE,4,7731,7732
mol3977,Cc1[nH+]c2c3c(c(C(=O)N4CC(O)C4)cn2c1C)CCC(c1ccccc1)O3,Cc1nc2c3c(c(C(=O)N4CC(O)C4)cn2c1C)CCC(c1ccccc1)O3,"6,630",9,N,1,0,1,0,SP2,TRUE,TRUE,4,7733,7734
mol3978,Cc1[nH+]c2c3c(c(C(=O)N4CC4)cn2c1C)CCC(c1ccccc1)O3,Cc1nc2c3c(c(C(=O)N4CC4)cn2c1C)CCC(c1ccccc1)O3,"6,630",9,N,1,0,1,0,SP2,TRUE,TRUE,4,7735,7736
mol3979,Cc1[nH+]c2c3c(c(C(=O)N4CCC4)cn2c1C)CCC(c1ccccc1)O3,Cc1nc2c3c(c(C(=O)N4CCC4)cn2c1C)CCC(c1ccccc1)O3,"6,640",9,N,1,0,1,0,SP2,TRUE,TRUE,4,7737,7738
mol3980,Cc1[nH+]c2c3c(c(C(=O)N4CCC4)cn2c1C)CCC1(CCc2ccccc21)O3,Cc1nc2c3c(c(C(=O)N4CCC4)cn2c1C)CCC1(CCc2ccccc21)O3,"6,810",9,N,1,0,1,0,SP2,TRUE,TRUE,4,7739,7740
mol3981,Cc1[nH+]c2c3c(c(C(=O)N4CCCC4)cn2c1C)CCC(c1ccccc1)C3,Cc1nc2c3c(c(C(=O)N4CCCC4)cn2c1C)CCC(c1ccccc1)C3,"7,200",9,N,1,0,1,0,SP2,TRUE,TRUE,4,7741,7742
mol3982,Cc1[nH+]c2c3c(c(C(=O)N4CCCC4)cn2c1C)CCC(c1ccccc1)O3,Cc1nc2c3c(c(C(=O)N4CCCC4)cn2c1C)CCC(c1ccccc1)O3,"6,730",9,N,1,0,1,0,SP2,TRUE,TRUE,4,7743,7744
mol3983,Cc1[nH+]c2c3c(c(C(=O)N4CCCC4)cn2c1C)CCC1(CCc2ccccc21)O3,Cc1nc2c3c(c(C(=O)N4CCCC4)cn2c1C)CCC1(CCc2ccccc21)O3,"6,880",9,N,1,0,1,0,SP2,TRUE,TRUE,4,7745,7746
mol3984,Cc1[nH+]c2c3c(c(C(=O)N4CCCCC4)cn2c1C)CCC1(CCc2ccccc21)O3,Cc1nc2c3c(c(C(=O)N4CCCCC4)cn2c1C)CCC1(CCc2ccccc21)O3,"6,810",9,N,1,0,1,0,SP2,TRUE,TRUE,4,7747,7748
mol3985,Cc1[nH+]c2c3c(c(C(=O)N4CCOCC4)cn2c1C)CCC(c1ccccc1)C3,Cc1nc2c3c(c(C(=O)N4CCOCC4)cn2c1C)CCC(c1ccccc1)C3,"7,050",9,N,1,0,1,0,SP2,TRUE,TRUE,4,7749,7750
mol3986,Cc1[nH+]c2c3c(c(C(=O)N4CCOCC4)cn2c1C)CCC1(CCc2ccccc21)O3,Cc1nc2c3c(c(C(=O)N4CCOCC4)cn2c1C)CCC1(CCc2ccccc21)O3,"6,740",9,N,1,0,1,0,SP2,TRUE,TRUE,4,7751,7752
mol3987,Cc1[nH+]c2c3c(c(C(=O)NC4CC4)cn2c1C)CCC(c1ccccc1)O3,Cc1nc2c3c(c(C(=O)NC4CC4)cn2c1C)CCC(c1ccccc1)O3,"6,690",9,N,1,0,1,0,SP2,TRUE,TRUE,4,7753,7754
mol3988,Cc1[nH+]c2c3c(c(C(=O)NC4CC4)cn2c1C)CCC1(CCc2ccccc21)O3,Cc1nc2c3c(c(C(=O)NC4CC4)cn2c1C)CCC1(CCc2ccccc21)O3,"6,760",9,N,1,0,1,0,SP2,TRUE,TRUE,4,7755,7756
mol3989,Cc1[nH+]c2c3c(c(C(=O)NC4CCC4)cn2c1C)CCC(c1ccccc1)O3,Cc1nc2c3c(c(C(=O)NC4CCC4)cn2c1C)CCC(c1ccccc1)O3,"6,680",9,N,1,0,1,0,SP2,TRUE,TRUE,4,7757,7758
mol3990,Cc1[nH+]c2c3c(c(C(=O)NCCO)cn2c1C)CCC(c1ccccc1)C3,Cc1nc2c3c(c(C(=O)NCCO)cn2c1C)CCC(c1ccccc1)C3,"7,220",9,N,1,0,1,0,SP2,TRUE,TRUE,4,7759,7760
mol3991,Cc1[nH+]c2c3c(c(C(=O)Nc4ccccc4)cn2c1C)CCC(c1ccccc1)O3,Cc1nc2c3c(c(C(=O)Nc4ccccc4)cn2c1C)CCC(c1ccccc1)O3,"6,590",9,N,1,0,1,0,SP2,TRUE,TRUE,4,7761,7762
mol3992,Cc1[nH+]c2c3c(c(C(=O)Nc4ccccc4)cn2c1C)CCC1(CCc2ccccc21)O3,Cc1nc2c3c(c(C(=O)Nc4ccccc4)cn2c1C)CCC1(CCc2ccccc21)O3,"6,760",9,N,1,0,1,0,SP2,TRUE,TRUE,4,7763,7764
mol3993,Cc1[nH+]c2c3c(c(C(N)=O)cn2c1C)CCC(c1ccccc1)C3,Cc1nc2c3c(c(C(N)=O)cn2c1C)CCC(c1ccccc1)C3,"7,260",9,N,1,0,1,0,SP2,TRUE,TRUE,4,7765,7766
mol3994,Cc1[nH+]c2c3c(c(C(N)=O)cn2c1C)CCC(c1ccccc1)O3,Cc1nc2c3c(c(C(N)=O)cn2c1C)CCC(c1ccccc1)O3,"6,520",9,N,1,0,1,0,SP2,TRUE,TRUE,4,7767,7768
mol3997,Cc1[nH+]c2c3c(ccn2c1CC#N)CCC(c1ccccc1)O3,Cc1nc2c3c(ccn2c1CC#N)CCC(c1ccccc1)O3,"6,000",9,N,1,0,1,0,SP2,TRUE,TRUE,4,7769,7770
mol3998,Cc1nc2c3ccccc3cc[n+]2c(C)c1[OH2+],Cc1nc2c3ccccc3cc[n+]2c(C)c1O,"4,000",16,O,1,0,2,1,SP2,FALSE,FALSE,3,7771,7772
mol3999,Cc1[nH+]c2cc(N)ccc2n1C,Cc1nc2cc(N)ccc2n1C,"7,000",2,N,1,0,1,0,SP2,TRUE,TRUE,4,7773,7774
mol4000,Cc1[nH+]c2cccc(N)c2n1C,Cc1nc2cccc(N)c2n1C,"6,660",2,N,1,0,1,0,SP2,TRUE,TRUE,4,7775,7776
mol4001,Cc1[nH]c2ccccc2[nH+]1,Cc1nc2ccccc2[nH]1,"6,260",9,N,1,0,1,0,SP2,TRUE,TRUE,4,7777,7778
mol4002,Cc1nc2ccccc2[nH]c1=O,Cc1nc2ccccc2[n-]c1=O,"9,880",4,N,0,-1,1,0,SP2,TRUE,TRUE,3,7779,7780
mol4003,Cc1[nH+]c2ccccc2n1C,Cc1nc2ccccc2n1C,"6,550",2,N,1,0,1,0,SP2,TRUE,TRUE,4,7781,7782
mol4004,Cc1nc2cc[nH+]cc2n2c(-c3ccccc3Cl)nnc12,Cc1nc2ccncc2n2c(-c3ccccc3Cl)nnc12,"2,700",9,N,1,0,1,0,SP2,TRUE,TRUE,4,7783,7784
mol4005,Cc1nc2c[nH+]cnc2nc1C,Cc1nc2cncnc2nc1C,"2,930",8,N,1,0,1,0,SP2,TRUE,TRUE,4,7785,7786
mol4006,Cc1nc2sccn2c(=O)c1CC[NH+]1CCC(=C(c2ccc(F)cc2)c2ccc(F)cc2)CC1,Cc1nc2sccn2c(=O)c1CCN1CCC(=C(c2ccc(F)cc2)c2ccc(F)cc2)CC1,"8,200",13,N,1,0,1,0,SP3,FALSE,TRUE,4,7787,7788
mol4008,Cc1ncc(C(=O)O)s1,Cc1ncc(C(=O)[O-])s1,"3,260",8,O,0,-1,1,0,SP2,FALSE,FALSE,2,7789,7790
mol4009,Cc1nc(N)c(C)c[nH+]1,Cc1ncc(C)c(N)n1,"6,500",3,N,1,0,1,0,SP2,TRUE,TRUE,4,7791,7792
mol4010,Cc1nc(N)c(CN(C=O)C(C)C(=S)CCO)c[nH+]1,Cc1ncc(CN(C=O)C(C)C(=S)CCO)c(N)n1,"4,190",2,N,1,0,1,0,SP2,TRUE,TRUE,4,7793,7794
mol4011,Cc1[nH+]cc(CO)c(C)c1OCc1ccccc1,Cc1ncc(CO)c(C)c1OCc1ccccc1,"5,520",4,N,1,0,1,0,SP2,TRUE,TRUE,4,7795,7796
mol4012,Cc1nc2nc(NC(=O)c3ccco3)c(-c3c(Cl)cccc3Cl)cc2c[nH+]1,Cc1ncc2cc(-c3c(Cl)cccc3Cl)c(NC(=O)c3ccco3)nc2n1,"4,300",2,N,1,0,1,0,SP2,TRUE,TRUE,4,7797,7798
mol4013,Cc1nc2nc(C)c(C)nc2c[nH+]1,Cc1ncc2nc(C)c(C)nc2n1,"3,760",8,N,1,0,1,0,SP2,TRUE,TRUE,4,7799,7800
mol4014,Cc1nc2nccnc2c[nH+]1,Cc1ncc2nccnc2n1,"4,870",2,N,1,0,1,0,SP2,TRUE,TRUE,4,7801,7802
mol4016,Cc1[nH+]ccc2c1[nH]c1ccccc12,Cc1nccc2c1[nH]c1ccccc12,"6,550",6,N,1,0,1,0,SP2,TRUE,TRUE,4,7803,7804
mol4018,Cc1[nH+]ccn1CC1CCc2c(c3ccccc3n2C)C1=O,Cc1nccn1CC1CCc2c(c3ccccc3n2C)C1=O,"7,300",2,N,1,0,1,0,SP2,TRUE,TRUE,4,7805,7806
mol4020,Cc1[nH+]cnc2c1NCCN2,Cc1ncnc2c1NCCN2,"6,740",6,N,1,0,1,0,SP2,TRUE,TRUE,4,7807,7808
mol4021,Cc1[nH+]cnc2ccccc12,Cc1ncnc2ccccc12,"2,520",10,N,1,0,1,0,SP2,TRUE,TRUE,4,7809,7810
mol4022,Cc1[nH+]cnc2nccnc12,Cc1ncnc2nccnc12,"2,920",10,N,1,0,1,0,SP2,TRUE,TRUE,4,7811,7812
mol4023,Cc1nc[nH+]cc1N,Cc1ncncc1N,"3,150",4,N,1,0,1,0,SP2,TRUE,TRUE,4,7813,7814
mol4024,Cc1ncsc1C(=O)O,Cc1ncsc1C(=O)[O-],"3,540",8,O,0,-1,1,0,SP2,FALSE,FALSE,2,7815,7816
mol4025,Cc1nn(-c2ccccc2)cc1C(=O)O,Cc1nn(-c2ccccc2)cc1C(=O)[O-],"4,580",14,O,0,-1,1,0,SP2,FALSE,FALSE,2,7817,7818
mol4026,Cc1[nH+]n(C)c(C)c1C,Cc1nn(C)c(C)c1C,"4,480",3,N,1,0,1,0,SP2,TRUE,TRUE,4,7819,7820
mol4027,Cc1[nH+]n(C)c2c1C(c1ccccc1F)N=CC(=O)N2C,Cc1nn(C)c2c1C(c1ccccc1F)N=CC(=O)N2C,"4,690",5,N,1,0,1,0,SP2,TRUE,TRUE,4,7821,7822
mol4028,Cc1nn[nH]n1,Cc1nn[n-]n1,"5,210",3,N,0,-1,1,0,SP2,TRUE,TRUE,3,7823,7824
mol4029,Cc1n[nH+]c(C)c(C)c1C,Cc1nnc(C)c(C)c1C,"5,360",5,N,1,0,1,0,SP2,TRUE,TRUE,4,7825,7826
mol4030,Cc1n[nH+]c(C)c(C)n1,Cc1nnc(C)c(C)n1,"2,850",3,N,1,0,1,0,SP2,TRUE,TRUE,4,7827,7828
mol4031,Cc1nnc(C)n1[OH2+],Cc1nnc(C)n1O,"6,500",6,O,1,0,2,1,SP2,FALSE,FALSE,3,7829,7830
mol4032,Cc1n[nH+]c(N)nc1C,Cc1nnc(N)nc1C,"3,710",4,N,1,0,1,0,SP2,TRUE,TRUE,4,7831,7832
mol4033,Cc1nnc([NH2+]S(=O)(=O)c2ccc(N)cc2)s1,Cc1nnc(NS(=O)(=O)c2ccc(N)cc2)s1,"5,340",6,N,1,0,2,1,SP3,FALSE,FALSE,4,7833,7834
mol4034,Cc1nnc(SCC2CS[C@@H]3C(=NC(=O)Cn4cnnn4)C(=O)N3C2C(=O)O)s1,Cc1nnc(SCC2CS[C@@H]3C(=NC(=O)Cn4cnnn4)C(=O)N3C2C(=O)[O-])s1,"2,100",28,O,0,-1,1,0,SP2,FALSE,FALSE,2,7835,7836
mol4035,Cc1[nH+]nc2c(c1C)CCC2,Cc1nnc2c(c1C)CCC2,"5,360",3,N,1,0,1,0,SP2,TRUE,TRUE,4,7837,7838
mol4036,Cc1[nH+]nc2c(c1C)CCCC2,Cc1nnc2c(c1C)CCCC2,"5,410",3,N,1,0,1,0,SP2,TRUE,TRUE,4,7839,7840
mol4037,Cc1nnn(CC(=O)O)n1,Cc1nnn(CC(=O)[O-])n1,"2,230",9,O,0,-1,1,0,SP2,FALSE,FALSE,2,7841,7842
mol4038,Cc1nnnn1CC(=O)O,Cc1nnnn1CC(=O)[O-],"2,160",9,O,0,-1,1,0,SP2,FALSE,FALSE,2,7843,7844
mol4039,Cc1noc(C2=CC(C)C[NH+](C)C2)n1,Cc1noc(C2=CC(C)CN(C)C2)n1,"7,340",10,N,1,0,1,0,SP3,FALSE,TRUE,4,7846,7845
mol4040,Cc1noc(C2=CC(C)C[NH2+]C2)n1,Cc1noc(C2=CC(C)CNC2)n1,"8,170",10,N,1,0,2,1,SP3,FALSE,TRUE,4,7847,7848
mol4041,Cc1noc(C2=CCC(C)[NH+](C)C2)n1,Cc1noc(C2=CCC(C)N(C)C2)n1,"7,350",10,N,1,0,1,0,SP3,FALSE,TRUE,4,7850,7849
mol4042,Cc1noc(C2=CCC(C)[NH2+]C2)n1,Cc1noc(C2=CCC(C)NC2)n1,"8,200",10,N,1,0,2,1,SP3,FALSE,TRUE,4,7851,7852
mol4043,Cc1noc(C2=CCC[NH+](C)C2)n1,Cc1noc(C2=CCCN(C)C2)n1,"7,160",10,N,1,0,1,0,SP3,FALSE,TRUE,4,7854,7853
mol4044,Cc1noc(C2=CCC[NH2+]C2)n1,Cc1noc(C2=CCCNC2)n1,"8,240",10,N,1,0,2,1,SP3,FALSE,TRUE,4,7855,7856
mol4045,Cc1noc(C2C[NH+](C)CC[NH2+]2)n1,Cc1noc(C2CN(C)CC[NH2+]2)n1,"6,200",8,N,1,0,1,0,SP3,FALSE,TRUE,4,7857,7858
mol4046,Cc1noc(C2C[NH+]3CC[NH+]2CC3)n1,Cc1noc(C2CN3CC[NH+]2CC3)n1,"6,000",8,N,1,0,1,0,SP3,FALSE,TRUE,4,7859,7860
mol4047,Cc1noc(C[NH+](C)C)n1,Cc1noc(CN(C)C)n1,"5,600",7,N,1,0,1,0,SP3,FALSE,FALSE,4,7862,7861
mol4048,Cc1nonc1CN=O,Cc1nonc1[CH-]N=O,"9,150",6,C,0,-1,2,1,SP3,FALSE,FALSE,4,7863,7864
mol4049,Cc1nonc1NS(=O)(=O)c1ccc(N)cc1,Cc1nonc1[N-]S(=O)(=O)c1ccc(N)cc1,"4,000",6,N,0,-1,1,0,SP2,FALSE,FALSE,3,7865,7866
mol4050,Cc1oc2ccccc2c(=O)c1C(=O)c1cc(I)c(O)c(I)c1,Cc1oc2ccccc2c(=O)c1C(=O)c1cc(I)c([O-])c(I)c1,"4,890",21,O,0,-1,1,0,SP2,FALSE,FALSE,2,7867,7868
mol4051,Cc1oc2ccccc2c(=O)c1C(=O)c1ccc(O)cc1,Cc1oc2ccccc2c(=O)c1C(=O)c1ccc([O-])cc1,"7,740",20,O,0,-1,1,0,SP2,FALSE,FALSE,2,7869,7870
mol4052,Cc1oc2ccccc2c1C(=O)c1cc(I)c(O)c(I)c1,Cc1oc2ccccc2c1C(=O)c1cc(I)c([O-])c(I)c1,"5,200",19,O,0,-1,1,0,SP2,FALSE,FALSE,2,7871,7872
mol4053,Cc1oc2ccccc2c1C(=O)c1ccc(O)cc1,Cc1oc2ccccc2c1C(=O)c1ccc([O-])cc1,"8,400",18,O,0,-1,1,0,SP2,FALSE,FALSE,2,7873,7874
mol4054,Cc1oc2ccccc2c1C(=O)c1cccc(O)c1,Cc1oc2ccccc2c1C(=O)c1cccc([O-])c1,"8,400",18,O,0,-1,1,0,SP2,FALSE,FALSE,2,7875,7876
mol4055,Cc1onc(-c2c(Cl)cccc2Cl)c1C(=O)N[C@@H]1C(=O)N2[C@@H]1SC(C)(C)[C@@H]2C(=O)O,Cc1onc(-c2c(Cl)cccc2Cl)c1C(=O)N[C@@H]1C(=O)N2[C@@H]1SC(C)(C)[C@@H]2C(=O)[O-],"2,800",29,O,0,-1,1,0,SP2,FALSE,FALSE,2,7877,7878
mol4056,Cc1onc(-c2ccccc2)c1C(=O)N[C@@H]1C(=O)N2[C@@H]1SC(C)(C)[C@@H]2C(=O)O,Cc1onc(-c2ccccc2)c1C(=O)N[C@@H]1C(=O)N2[C@@H]1SC(C)(C)[C@@H]2C(=O)[O-],"2,800",27,O,0,-1,1,0,SP2,FALSE,FALSE,2,7879,7880
mol4057,Cc1sccc1[C@@H]1CCc2c(C(=O)N(C)C)cc3c([nH+]c(C)n3C)c2O1,Cc1sccc1[C@@H]1CCc2c(C(=O)N(C)C)cc3c(nc(C)n3C)c2O1,"5,660",16,N,1,0,1,0,SP2,TRUE,TRUE,4,7881,7882
mol4058,ClC1CC2CC[NH+]1CC2,ClC1CC2CCN1CC2,"6,980",2,N,1,0,1,0,SP3,FALSE,TRUE,4,7883,7884
mol4059,ClC1C[NH+]2CCC1CC2,ClC1CN2CCC1CC2,"8,790",2,N,1,0,1,0,SP3,FALSE,TRUE,4,7885,7886
mol4060,ClCC1CC2CC[NH+]1CC2,ClCC1CC2CCN1CC2,"9,680",2,N,1,0,1,0,SP3,FALSE,TRUE,4,7887,7888
mol4061,ClCC1C[NH+]2CCC1CC2,ClCC1CN2CCC1CC2,"10,150",2,N,1,0,1,0,SP3,FALSE,TRUE,4,7889,7890
mol4062,ClCC[NH+]1CCOCC1,ClCCN1CCOCC1,"6,270",5,N,1,0,1,0,SP3,FALSE,TRUE,4,7892,7891
mol4063,Clc1cc(-c2ccccc2)nnc1NCC[NH+]1CCOCC1,Clc1cc(-c2ccccc2)nnc1NCCN1CCOCC1,"4,590",15,N,1,0,1,0,SP3,FALSE,TRUE,4,7894,7893
mol4064,Clc1cc(-c2cn[nH]n2)ccn1,Clc1cc(-c2cn[n-]n2)ccn1,"7,600",9,N,0,-1,1,0,SP2,TRUE,TRUE,3,7895,7896
mol4065,Clc1cc(Br)cc(Cl)c1NC1=[NH+]CCN1,Clc1cc(Br)cc(Cl)c1NC1=NCCN1,"7,720",9,N,1,0,1,0,SP2,FALSE,TRUE,4,7897,7898
mol4066,Clc1cc(Cl)c(NC2=[NH+]CCN2)c(Cl)c1,Clc1cc(Cl)c(NC2=NCCN2)c(Cl)c1,"7,700",9,N,1,0,1,0,SP2,FALSE,TRUE,4,7899,7900
mol4067,Clc1cc(Cl)c(NC2=[NH+]CCN2)cc1Cl,Clc1cc(Cl)c(NC2=NCCN2)cc1Cl,"7,700",11,N,1,0,1,0,SP2,FALSE,TRUE,4,7901,7902
mol4068,Clc1cc2cccnc2c2[nH+]cccc12,Clc1cc2cccnc2c2ncccc12,"4,220",9,N,1,0,1,0,SP2,TRUE,TRUE,4,7903,7904
mol4069,Clc1ccc(-c2cn[nH]n2)cc1,Clc1ccc(-c2cn[n-]n2)cc1,"8,460",9,N,0,-1,1,0,SP2,TRUE,TRUE,3,7905,7906
mol4070,Clc1ccc(-n2cc(NCC[NH+]3CCOCC3)nn2)cc1Cl,Clc1ccc(-n2cc(NCCN3CCOCC3)nn2)cc1Cl,"6,600",14,N,1,0,1,0,SP3,FALSE,TRUE,4,7908,7907
mol4071,Clc1ccc(C(Cn2cc[nH+]c2)OCc2ccc(Sc3ccccc3)cc2)c(Cl)c1,Clc1ccc(C(Cn2ccnc2)OCc2ccc(Sc3ccccc3)cc2)c(Cl)c1,"6,540",20,N,1,0,1,0,SP2,TRUE,TRUE,4,7909,7910
mol4072,Clc1ccc(C/C(=C\C[NH+]2CCCC2)c2ccccc2)cc1,Clc1ccc(C/C(=C\CN2CCCC2)c2ccccc2)cc1,"8,770",9,N,1,0,1,0,SP3,FALSE,TRUE,4,7911,7912
mol4073,Clc1ccc(C2C[NH2+]2)cc1,Clc1ccc(C2CN2)cc1,"6,180",8,N,1,0,2,1,SP3,FALSE,TRUE,4,7914,7913
mol4074,Clc1ccc(C2[NH2+]CCS2)cc1,Clc1ccc(C2NCCS2)cc1,"5,010",7,N,1,0,2,1,SP3,FALSE,TRUE,4,7916,7915
mol4075,Clc1ccc(CN(Cc2nn[nH]n2)c2ccccc2)c(Cl)c1,Clc1ccc(CN(Cc2nn[n-]n2)c2ccccc2)c(Cl)c1,"4,540",19,N,0,-1,1,0,SP2,TRUE,TRUE,3,7917,7918
mol4076,Clc1ccc(CN(Cc2nn[nH]n2)c2ccccc2)cc1,Clc1ccc(CN(Cc2nn[n-]n2)c2ccccc2)cc1,"4,380",18,N,0,-1,1,0,SP2,TRUE,TRUE,3,7919,7920
mol4077,Clc1ccc(CN(Cc2nn[nH]n2)c2ccccc2)cc1Cl,Clc1ccc(CN(Cc2nn[n-]n2)c2ccccc2)cc1Cl,"4,490",19,N,0,-1,1,0,SP2,TRUE,TRUE,3,7921,7922
mol4078,Clc1ccc(Cc2c3ccccc3[nH+]c3ccccc23)cc1,Clc1ccc(Cc2c3ccccc3nc3ccccc23)cc1,"7,060",13,N,1,0,1,0,SP2,TRUE,TRUE,4,7923,7924
mol4079,Clc1ccc(Cl)c(-c2cn[nH]n2)c1,Clc1ccc(Cl)c(-c2cn[n-]n2)c1,"8,170",10,N,0,-1,1,0,SP2,TRUE,TRUE,3,7925,7926
mol4080,Clc1ccc(Cl)c(NC2=[NH+]CCN2)c1,Clc1ccc(Cl)c(NC2=NCCN2)c1,"8,333",9,N,1,0,1,0,SP2,FALSE,TRUE,4,7927,7928
mol4081,Clc1ccc(Cn2cc(NCC[NH+]3CCOCC3)nn2)cc1Cl,Clc1ccc(Cn2cc(NCCN3CCOCC3)nn2)cc1Cl,"6,700",15,N,1,0,1,0,SP3,FALSE,TRUE,4,7930,7929
mol4082,Clc1ccc(NC2=[NH+]CCN2)c(Cl)c1,Clc1ccc(NC2=NCCN2)c(Cl)c1,"8,703",10,N,1,0,1,0,SP2,FALSE,TRUE,4,7931,7932
mol4083,Clc1ccc(Nc2c3ccccc3[nH+]c3ccccc23)cc1,Clc1ccc(Nc2c3ccccc3nc3ccccc23)cc1,"7,060",13,N,1,0,1,0,SP2,TRUE,TRUE,4,7933,7934
mol4084,Clc1ccc2c(NCc3nc(-c4ccccc4)co3)cc[nH+]c2c1,Clc1ccc2c(NCc3nc(-c4ccccc4)co3)ccnc2c1,"6,360",16,N,1,0,1,0,SP2,TRUE,TRUE,4,7936,7935
mol4085,Clc1ccc2c(NCc3nc(-c4ccccc4)cs3)cc[nH+]c2c1,Clc1ccc2c(NCc3nc(-c4ccccc4)cs3)ccnc2c1,"6,450",16,N,1,0,1,0,SP2,TRUE,TRUE,4,7938,7937
mol4086,Clc1ccc2c(c1)C(N1CC[NH2+]CC1)=[NH+]c1ccccc1O2,Clc1ccc2c(c1)C(N1CCNCC1)=[NH+]c1ccccc1O2,"9,935",19,N,1,0,2,1,SP3,FALSE,TRUE,4,7939,7940
mol4087,Clc1ccc2c(c1)NC1CC=Cc3cc[nH+]c-2c31,Clc1ccc2c(c1)NC1CC=Cc3ccnc-2c31,"4,500",15,N,1,0,1,0,SP2,TRUE,TRUE,4,7941,7942
mol4088,Clc1ccc2n[nH]nc2c1,Clc1ccc2n[n-]nc2c1,"7,700",8,N,0,-1,1,0,SP2,TRUE,TRUE,3,7943,7944
mol4089,Clc1ccc2nsnc2c1NC1=[NH+]CCN1,Clc1ccc2nsnc2c1NC1=NCCN1,"8,000",11,N,1,0,1,0,SP2,FALSE,TRUE,4,7945,7946
mol4090,Clc1cccc(-c2cccc[nH+]2)n1,Clc1cccc(-c2ccccn2)n1,"3,700",3,N,1,0,1,0,SP2,TRUE,TRUE,4,7947,7948
mol4091,Clc1cccc(-c2cn[nH]n2)c1,Clc1cccc(-c2cn[n-]n2)c1,"8,320",10,N,0,-1,1,0,SP2,TRUE,TRUE,3,7949,7950
mol4092,Clc1cccc(-c2cn[nH]n2)c1Cl,Clc1cccc(-c2cn[n-]n2)c1Cl,"8,060",11,N,0,-1,1,0,SP2,TRUE,TRUE,3,7951,7952
mol4093,Clc1cccc(-c2nn[nH]n2)c1,Clc1cccc(-c2nn[n-]n2)c1,"3,610",9,N,0,-1,1,0,SP2,TRUE,TRUE,3,7953,7954
mol4094,Clc1cccc(Br)c1N(CC1CC1)C1=[NH+]CCN1,Clc1cccc(Br)c1N(CC1CC1)C1=NCCN1,"10,800",13,N,1,0,1,0,SP2,FALSE,TRUE,4,7955,7956
mol4095,Clc1cccc(Br)c1NC1=[NH+]CCN1,Clc1cccc(Br)c1NC1=NCCN1,"7,930",9,N,1,0,1,0,SP2,FALSE,TRUE,4,7957,7958
mol4096,Clc1cccc(Cl)c1CON=C1CC[NH+](CCCc2ccccc2)CC1,Clc1cccc(Cl)c1CON=C1CCN(CCCc2ccccc2)CC1,"5,700",9,N,1,0,1,0,SP3,FALSE,TRUE,4,7960,7959
mol4097,Clc1cccc(Cl)c1N(CC1CC1)C1=[NH+]CCN1,Clc1cccc(Cl)c1N(CC1CC1)C1=NCCN1,"10,900",13,N,1,0,1,0,SP2,FALSE,TRUE,4,7961,7962
mol4098,Clc1cccc(Cl)c1NC1=[NH+]CCN1,Clc1cccc(Cl)c1NC1=NCCN1,"8,055",9,N,1,0,1,0,SP2,FALSE,TRUE,4,7963,7964
mol4099,Clc1cccc(NC2=[NH+]CCN2)c1Cl,Clc1cccc(NC2=NCCN2)c1Cl,"8,550",10,N,1,0,1,0,SP2,FALSE,TRUE,4,7965,7966
mol4100,Clc1cccc(Nc2c3ccccc3[nH+]c3ccccc23)c1,Clc1cccc(Nc2c3ccccc3nc3ccccc23)c1,"6,760",13,N,1,0,1,0,SP2,TRUE,TRUE,4,7967,7968
mol4101,Clc1ccccc1-c1cn[nH]n1,Clc1ccccc1-c1cn[n-]n1,"8,500",9,N,0,-1,1,0,SP2,TRUE,TRUE,3,7969,7970
mol4102,Clc1ccccc1-c1nn[nH]n1,Clc1ccccc1-c1nn[n-]n1,"3,690",8,N,0,-1,1,0,SP2,TRUE,TRUE,3,7971,7972
mol4103,Clc1ccccc1CN(Cc1nn[nH]n1)c1ccccc1,Clc1ccccc1CN(Cc1nn[n-]n1)c1ccccc1,"4,340",18,N,0,-1,1,0,SP2,TRUE,TRUE,3,7973,7974
mol4104,Clc1ccccc1NC1=[NH+]CCN1,Clc1ccccc1NC1=NCCN1,"9,150",8,N,1,0,1,0,SP2,FALSE,TRUE,4,7975,7976
mol4105,Clc1ccccc1Nc1c2ccccc2[nH+]c2ccccc12,Clc1ccccc1Nc1c2ccccc2nc2ccccc12,"6,550",13,N,1,0,1,0,SP2,TRUE,TRUE,4,7977,7978
mol4106,Clc1ccc[nH+]c1,Clc1cccnc1,"2,770",4,N,1,0,1,0,SP2,TRUE,TRUE,4,7979,7980
mol4107,Clc1ccnc(-c2cccc[nH+]2)c1,Clc1ccnc(-c2ccccn2)c1,"3,800",3,N,1,0,1,0,SP2,TRUE,TRUE,4,7981,7982
mol4108,Clc1cnc2c(ccc3ccc[nH+]c32)c1,Clc1cnc2c(ccc3cccnc32)c1,"3,990",12,N,1,0,1,0,SP2,TRUE,TRUE,4,7983,7984
mol4109,Clc1ncnc2nc[nH]c12,Clc1ncnc2nc[n-]c12,"7,750",1,N,0,-1,1,0,SP2,TRUE,TRUE,3,7985,7986
mol4110,Clc1nn[nH]n1,Clc1nn[n-]n1,"2,070",2,N,0,-1,1,0,SP2,TRUE,TRUE,3,7987,7988
mol4111,Cn1/c(=[NH+]\N)sc2ccccc21,Cn1/c(=N\N)sc2ccccc21,"6,100",10,N,1,0,1,0,SP2,FALSE,FALSE,4,7989,7990
mol4112,Cn1/c(=[NH+]/N)ccc2ccccc21,Cn1/c(=N/N)ccc2ccccc21,"9,170",11,N,1,0,1,0,SP2,FALSE,FALSE,4,7991,7992
mol4113,Cn1c(=O)[nH]c2ncn(C)c2c1=O,Cn1c(=O)[n-]c2ncn(C)c2c1=O,"8,650",11,N,0,-1,1,0,SP2,TRUE,TRUE,3,7993,7994
mol4114,Cn1c(=O)c2[nH]cnc2n(C)c1=O,Cn1c(=O)c2[n-]cnc2n(C)c1=O,"7,710",10,N,0,-1,1,0,SP2,TRUE,TRUE,3,7995,7996
mol4115,CN1C(=O)[NH2+]c2c1c(=O)n(C)c(=O)n2C,Cn1c(=O)c2c([nH]c(=O)n2C)n(C)c1=O,"6,000",4,N,1,0,2,1,SP3,FALSE,TRUE,4,7997,7998
mol4116,Cn1c(=O)c2c(nc3n(CCC[NH+]4CCN(c5cccc(Cl)c5)CC4)c(-c4ccccc4)cn23)n(C)c1=O,Cn1c(=O)c2c(nc3n(CCCN4CCN(c5cccc(Cl)c5)CC4)c(-c4ccccc4)cn23)n(C)c1=O,"10,610",19,N,1,0,1,0,SP3,FALSE,TRUE,4,7999,8000
mol4117,Cn1c(=O)c2c(nc3n(CCC[NH+]4CCN(c5cccc(Cl)c5)CC4)ccn23)n(C)c1=O,Cn1c(=O)c2c(nc3n(CCCN4CCN(c5cccc(Cl)c5)CC4)ccn23)n(C)c1=O,"8,350",19,N,1,0,1,0,SP3,FALSE,TRUE,4,8001,8002
mol4118,Cn1c(=O)c2c(nc3n(CCC[NH+]4CCN(c5ccccc5)CC4)c(-c4ccccc4)cn23)n(C)c1=O,Cn1c(=O)c2c(nc3n(CCCN4CCN(c5ccccc5)CC4)c(-c4ccccc4)cn23)n(C)c1=O,"8,790",19,N,1,0,1,0,SP3,FALSE,TRUE,4,8003,8004
mol4119,Cn1c(=O)c2c(nc3n(CCC[NH+]4CCN(c5ccccc5)CC4)ccn23)n(C)c1=O,Cn1c(=O)c2c(nc3n(CCCN4CCN(c5ccccc5)CC4)ccn23)n(C)c1=O,"8,090",19,N,1,0,1,0,SP3,FALSE,TRUE,4,8005,8006
mol4120,Cn1c(=O)c2c(nc3n(CCC[NH+]4CCc5ccccc5C4)c(-c4ccccc4)cn23)n(C)c1=O,Cn1c(=O)c2c(nc3n(CCCN4CCc5ccccc5C4)c(-c4ccccc4)cn23)n(C)c1=O,"10,410",19,N,1,0,1,0,SP3,FALSE,TRUE,4,8007,8008
mol4121,Cn1c(=O)c2c(ncn2CC(=O)O)n(C)c1=O,Cn1c(=O)c2c(ncn2CC(=O)[O-])n(C)c1=O,"4,480",16,O,0,-1,1,0,SP2,FALSE,FALSE,2,8009,8010
mol4122,Cn1c(=O)c2cn[nH]c2n(C)c1=O,Cn1c(=O)c2cn[n-]c2n(C)c1=O,"9,260",6,N,0,-1,1,0,SP2,TRUE,TRUE,3,8011,8012
mol4123,Cn1c(=O)n(C)c2c([NH3+])cccc21,Cn1c(=O)n(C)c2c(N)cccc21,"3,060",12,N,1,0,3,2,SP3,FALSE,FALSE,4,8013,8014
mol4124,Cn1c(=O)nc2sc(S([NH3+])(=O)=O)nn2c1=O,Cn1c(=O)nc2sc(S(N)(=O)=O)nn2c1=O,"7,300",15,N,1,0,3,2,SP3,FALSE,FALSE,4,8015,8016
mol4125,Cn1c(=S)[nH]c2cc3c(cc21)CCCC3,Cn1c(=S)[n-]c2cc3c(cc21)CCCC3,"10,780",8,N,0,-1,1,0,SP2,TRUE,TRUE,3,8017,8018
mol4126,Cn1c(=S)[nH]c2cncnc21,Cn1c(=S)[n-]c2cncnc21,"7,480",8,N,0,-1,1,0,SP2,TRUE,TRUE,3,8019,8020
mol4127,Cn1c(CO)[nH+]c2ccccc21,Cn1c(CO)nc2ccccc21,"4,360",8,N,1,0,1,0,SP2,TRUE,TRUE,4,8021,8022
mol4128,Cn1c(N)[nH+]c2cc[nH]c2c1=O,Cn1c(N)nc2cc[nH]c2c1=O,"5,100",9,N,1,0,1,0,SP2,TRUE,TRUE,4,8023,8024
mol4129,Cn1c(N)nc2nc[nH]c2c1=O,Cn1c(N)nc2nc[n-]c2c1=O,"10,430",8,N,0,-1,1,0,SP2,TRUE,TRUE,3,8025,8026
mol4131,Cn1c2ccccc2c(=[NH2+])c2ccccc21,Cn1c2ccccc2c(=N)c2ccccc21,"11,010",9,N,1,0,2,1,SP2,FALSE,FALSE,4,8027,8028
mol4132,Cn1cc(-c2cccc(C(F)(F)F)c2)c2sc(C(N)=[NH+]C3CCS(=O)(=O)CC3)cc2c1=O,Cn1cc(-c2cccc(C(F)(F)F)c2)c2sc(C(N)=NC3CCS(=O)(=O)CC3)cc2c1=O,"8,400",12,N,1,0,1,0,SP2,FALSE,FALSE,4,8029,8030
mol4133,Cn1cc(-c2noc(C3=CCC[NH+](C)C3)n2)c2ccccc21,CN1CCC=C(c2nc(-c3cn(C)c4ccccc34)no2)C1,"7,200",19,N,1,0,1,0,SP3,FALSE,TRUE,4,8032,8031
mol4134,Cn1cc(-c2noc(C3=CCC[NH2+]C3)n2)c2ccccc21,Cn1cc(-c2noc(C3=CCCNC3)n2)c2ccccc21,"7,900",19,N,1,0,2,1,SP3,FALSE,TRUE,4,8033,8034
mol4135,Cn1cc(-c2noc(CC[NH+](C)C)n2)c2ccccc21,CN(C)CCc1nc(-c2cn(C)c3ccccc23)no1,"7,700",17,N,1,0,1,0,SP3,FALSE,FALSE,4,8035,8036
mol4136,Cn1cc(-c2noc(C[NH+](C)C)n2)c2ccccc21,CN(C)Cc1nc(-c2cn(C)c3ccccc23)no1,"5,600",16,N,1,0,1,0,SP3,FALSE,FALSE,4,8038,8037
mol4137,Cn1cc(-c2noc(C[NH3+])n2)c2ccccc21,Cn1cc(-c2noc(CN)n2)c2ccccc21,"6,400",16,N,1,0,3,2,SP3,FALSE,FALSE,4,8040,8039
mol4138,Cn1cc(N)cc1C(=O)O,Cn1cc(N)cc1C(=O)[O-],"5,250",8,O,0,-1,1,0,SP2,FALSE,FALSE,2,8041,8042
mol4139,Cn1cc(NC(=O)c2cc(NC(=O)c3cc(NC=O)cn3C)cn2C)cc1C(=O)NCCC[NH+](C)C,CN(C)CCCNC(=O)c1cc(NC(=O)c2cc(NC(=O)c3cc(NC=O)cn3C)cn2C)cn1C,"9,500",30,N,1,0,1,0,SP3,FALSE,FALSE,4,8043,8044
mol4140,Cn1cc([C@H]2C[C@H]3[C@@H](CF)SC(N)=[NH+][C@@]3(c3ccc(F)cc3F)CO2)cn1,Cn1cc([C@H]2C[C@H]3[C@@H](CF)SC(N)=N[C@@]3(c3ccc(F)cc3F)CO2)cn1,"7,200",12,N,1,0,1,0,SP2,FALSE,TRUE,4,8046,8045
mol4141,C[NH+]1C=CC(=O)c2ccccc21,Cn1ccc(=O)c2ccccc21,"2,360",1,N,1,0,1,0,SP3,FALSE,TRUE,4,8047,8048
mol4142,Cn1ccc(N)[nH+]1,Cn1ccc(N)n1,"3,810",5,N,1,0,1,0,SP2,TRUE,TRUE,4,8049,8050
mol4143,Cn1ccc2c(Nc3cccc(Cl)c3)[nH+]cc(C(=O)N3CCOCC3)c21,Cn1ccc2c(Nc3cccc(Cl)c3)ncc(C(=O)N3CCOCC3)c21,"6,100",8,N,1,0,1,0,SP2,TRUE,TRUE,4,8051,8052
mol4144,Cn1ccc2ccc3ccc[nH+]c3c21,Cn1ccc2ccc3cccnc3c21,"4,360",11,N,1,0,1,0,SP2,TRUE,TRUE,4,8053,8054
mol4145,Cn1cccc1-c1ccc[nH+]c1,Cn1cccc1-c1cccnc1,"4,643",10,N,1,0,1,0,SP2,TRUE,TRUE,4,8055,8056
mol4146,Cn1cccc1C(=O)O,Cn1cccc1C(=O)[O-],"4,510",8,O,0,-1,1,0,SP2,FALSE,FALSE,2,8057,8058
mol4147,Cn1ccc[nH+]1,Cn1cccn1,"2,480",5,N,1,0,1,0,SP2,TRUE,TRUE,4,8059,8060
mol4148,Cn1cc[nH+]c1,Cn1ccnc1,"7,098",4,N,1,0,1,0,SP2,TRUE,TRUE,4,8061,8062
mol4149,Cn1cc[nH+]c1-c1ccccn1,Cn1ccnc1-c1ccccn1,"5,700",4,N,1,0,1,0,SP2,TRUE,TRUE,4,8063,8064
mol4150,Cn1cc[nH+]c1Br,Cn1ccnc1Br,"3,820",4,N,1,0,1,0,SP2,TRUE,TRUE,4,8065,8066
mol4151,Cn1cc[nH+]c1F,Cn1ccnc1F,"2,300",4,N,1,0,1,0,SP2,TRUE,TRUE,4,8067,8068
mol4153,Cn1cnc([NH2+]N=O)n1,Cn1cnc(NN=O)n1,"5,480",6,N,1,0,2,1,SP3,FALSE,FALSE,4,8069,8070
mol4154,Cn1cnc2[nH]c(=O)[nH]c(=O)c21,Cn1cnc2[nH]c(=O)[n-]c(=O)c21,"9,525",8,N,0,-1,1,0,SP2,TRUE,TRUE,3,8071,8072
mol4155,Cn1cnc2c1C(=S)[NH2+]C(=O)N2,Cn1cnc2[nH]c(=O)[nH]c(=S)c21,"6,800",8,N,1,0,2,1,SP3,FALSE,TRUE,4,8073,8074
mol4156,Cn1cnc2c(=O)[nH]c(=O)[nH]c21,Cn1cnc2c(=O)[n-]c(=O)[nH]c21,"8,325",9,N,0,-1,1,0,SP2,TRUE,TRUE,3,8075,8076
mol4157,Cn1cnc2c(=O)[nH]c(N)nc21,Cn1cnc2c(=O)[n-]c(N)nc21,"9,920",8,N,0,-1,1,0,SP2,TRUE,TRUE,3,8077,8078
mol4158,Cn1cnc2c(=O)[nH]cnc21,Cn1cnc2c(=O)[n-]cnc21,"9,110",8,N,0,-1,1,0,SP2,TRUE,TRUE,3,8079,8080
mol4159,Cn1cnc2c1c(=O)[nH]c(=O)n2C,Cn1cnc2c1c(=O)[n-]c(=O)n2C,"9,920",8,N,0,-1,1,0,SP2,TRUE,TRUE,3,8081,8082
mol4160,Cn1c[nH+]c2cc(N)ccc21,Cn1cnc2cc(N)ccc21,"4,690",3,N,1,0,1,0,SP2,TRUE,TRUE,4,8083,8084
mol4161,Cn1c[nH+]c2cccc(N)c21,Cn1cnc2cccc(N)c21,"5,790",3,N,1,0,1,0,SP2,TRUE,TRUE,4,8085,8086
mol4162,Cn1c[nH+]c2ccccc21,Cn1cnc2ccccc21,"5,625",3,N,1,0,1,0,SP2,TRUE,TRUE,4,8087,8088
mol4163,Cn1cnc2cnc(=O)[nH]c21,Cn1cnc2cnc(=O)[n-]c21,"9,190",6,N,0,-1,1,0,SP2,TRUE,TRUE,3,8089,8090
mol4164,Cn1cnc2nc(N)[nH]c(=O)c21,Cn1cnc2nc(N)[n-]c(=O)c21,"8,430",8,N,0,-1,1,0,SP2,TRUE,TRUE,3,8091,8092
mol4165,Cn1cnc2nc[nH]c(=O)c21,Cn1cnc2nc[n-]c(=O)c21,"8,800",8,N,0,-1,1,0,SP2,TRUE,TRUE,3,8093,8094
mol4166,Cn1c[nH+]c2ncncc21,Cn1cnc2ncncc21,"2,290",3,N,1,0,1,0,SP2,TRUE,TRUE,4,8095,8096
mol4167,Cn1c[nH+]cc1C1CCN(C(=O)CCS(=O)(=O)c2ccc3cc(Cl)ccc3c2)CC1,Cn1cncc1C1CCN(C(=O)CCS(=O)(=O)c2ccc3cc(Cl)ccc3c2)CC1,"7,200",3,N,1,0,1,0,SP2,TRUE,TRUE,4,8097,8098
mol4168,Cn1c[nH+]cn1,Cn1cncn1,"2,310",3,N,1,0,1,0,SP2,TRUE,TRUE,4,8099,8100
mol4169,Cn1nc(C(=O)NC2CC3CCCC(C2)[NH+]3C)c2ccccc21,CN1C2CCCC1CC(NC(=O)c1nn(C)c3ccccc13)C2,"9,000",21,N,1,0,1,0,SP3,FALSE,TRUE,4,8101,8102
mol4170,Cn1nc(Cl)nc1[NH2+]N=O,Cn1nc(Cl)nc1NN=O,"4,030",7,N,1,0,2,1,SP3,FALSE,FALSE,4,8103,8104
mol4171,Cn1nc([NH2+]N=O)nc1N1CCCCC1,Cn1nc(NN=O)nc1N1CCCCC1,"5,460",6,N,1,0,2,1,SP3,FALSE,FALSE,4,8105,8106
mol4172,Cn1nc(S([NH3+])(=O)=O)s/c1=N\C(=O)C(F)(F)F,Cn1nc(S(N)(=O)=O)s/c1=N\C(=O)C(F)(F)F,"6,600",16,N,1,0,3,2,SP3,FALSE,FALSE,4,8107,8108
mol4173,Cn1ncc2c(=O)[nH]cnc21,Cn1ncc2c(=O)[n-]cnc21,"9,260",8,N,0,-1,1,0,SP2,TRUE,TRUE,3,8109,8110
mol4174,Cn1ncc2c(N)[nH+]cnc21,Cn1ncc2c(N)ncnc21,"4,320",7,N,1,0,1,0,SP2,TRUE,TRUE,4,8111,8112
mol4175,Cn1ncc2c(NC(C)(C)CC(C)(C)C)[nH+]cnc21,Cn1ncc2c(NC(C)(C)CC(C)(C)C)ncnc21,"3,960",17,N,1,0,1,0,SP2,TRUE,TRUE,4,8113,8114
mol4176,Cn1ncc2c(NCCO)[nH+]cnc21,Cn1ncc2c(NCCO)ncnc21,"3,860",7,N,1,0,1,0,SP2,TRUE,TRUE,4,8115,8116
mol4177,Cn1ncc2c(NCc3ccccc3)[nH+]cnc21,Cn1ncc2c(NCc3ccccc3)ncnc21,"3,660",7,N,1,0,1,0,SP2,TRUE,TRUE,4,8117,8118
mol4178,Cn1ncc2c(NCc3ccco3)[nH+]cnc21,Cn1ncc2c(NCc3ccco3)ncnc21,"3,800",7,N,1,0,1,0,SP2,TRUE,TRUE,4,8119,8120
mol4179,Cn1ncc2c(Nc3ccccc3)[nH+]cnc21,Cn1ncc2c(Nc3ccccc3)ncnc21,"3,530",7,N,1,0,1,0,SP2,TRUE,TRUE,4,8121,8122
mol4180,Cn1ncc2c[nH+]cnc21,Cn1ncc2cncnc21,"2,500",5,N,1,0,1,0,SP2,TRUE,TRUE,4,8123,8124
mol4181,Cn1nccc1-c1cc(Cl)ccc1Oc1cc(F)c(S(=O)(=O)[NH2+]c2ncns2)cc1F,Cn1nccc1-c1cc(Cl)ccc1Oc1cc(F)c(S(=O)(=O)Nc2ncns2)cc1F,"3,500",23,N,1,0,2,1,SP3,FALSE,FALSE,4,8125,8126
mol4182,Cn1nccc1-c1cc(Cl)ccc1Oc1cc(F)c(S(=O)(=O)[NH2+]c2nncs2)cc1Cl,Cn1nccc1-c1cc(Cl)ccc1Oc1cc(F)c(S(=O)(=O)Nc2nncs2)cc1Cl,"4,500",23,N,1,0,2,1,SP3,FALSE,FALSE,4,8127,8128
mol4183,Cn1nccc1-c1cc(Cl)ccc1Oc1ccc(S(=O)(=O)[NH2+]c2ncns2)cc1C#N,Cn1nccc1-c1cc(Cl)ccc1Oc1ccc(S(=O)(=O)Nc2ncns2)cc1C#N,"3,500",24,N,1,0,2,1,SP3,FALSE,FALSE,4,8129,8130
mol4184,Cn1nccc1-c1cc(Cl)ccc1Oc1ccc(S(=O)(=O)[NH2+]c2ncns2)cc1F,Cn1nccc1-c1cc(Cl)ccc1Oc1ccc(S(=O)(=O)Nc2ncns2)cc1F,"3,500",23,N,1,0,2,1,SP3,FALSE,FALSE,4,8131,8132
mol4185,Cn1nccc1-c1cc(Cl)ccc1Oc1ccc(S(=O)(=O)[NH2+]c2nncs2)cc1C#N,Cn1nccc1-c1cc(Cl)ccc1Oc1ccc(S(=O)(=O)Nc2nncs2)cc1C#N,"4,500",24,N,1,0,2,1,SP3,FALSE,FALSE,4,8133,8134
mol4186,Cn1[nH+]ccc1N,Cn1nccc1N,"4,230",5,N,1,0,1,0,SP2,TRUE,TRUE,4,8135,8136
mol4187,Cn1ncnc1[NH2+]N=O,Cn1ncnc1NN=O,"4,450",6,N,1,0,2,1,SP3,FALSE,FALSE,4,8137,8138
mol4188,Cn1nnc(CC(=O)O)n1,Cn1nnc(CC(=O)[O-])n1,"3,440",9,O,0,-1,1,0,SP2,FALSE,FALSE,2,8139,8140
mol4189,Cn1nnnc1CC(=O)O,Cn1nnnc1CC(=O)[O-],"2,830",9,O,0,-1,1,0,SP2,FALSE,FALSE,2,8141,8142
mol4190,Cn1nnnc1Cc1ncc(Cl)cc1[NH2+]S(=O)(=O)c1ccc(Cl)c(Cl)c1,Cn1nnnc1Cc1ncc(Cl)cc1NS(=O)(=O)c1ccc(Cl)c(Cl)c1,"4,700",14,N,1,0,2,1,SP3,FALSE,FALSE,4,8143,8144
mol4191,FC(Cc1c[nH]c2ccc(-n3cnnc3)cc12)C[NH+]1CCC(Cc2ccccc2)CC1,FC(Cc1c[nH]c2ccc(-n3cnnc3)cc12)CN1CCC(Cc2ccccc2)CC1,"8,700",10,N,1,0,1,0,SP3,FALSE,TRUE,4,8145,8146
mol4192,FC(F)(Cc1c[nH]c2ccc(-n3cnnc3)cc12)C[NH+]1CCC(Cc2ccccc2)CC1,FC(F)(Cc1c[nH]c2ccc(-n3cnnc3)cc12)CN1CCC(Cc2ccccc2)CC1,"6,700",10,N,1,0,1,0,SP3,FALSE,TRUE,4,8147,8148
mol4193,FC(F)(Cc1c[nH]c2ccc(-n3cnnc3)cc12)C[NH+]1CCC(OCc2ccccc2)CC1,FC(F)(Cc1c[nH]c2ccc(-n3cnnc3)cc12)CN1CCC(OCc2ccccc2)CC1,"5,900",11,N,1,0,1,0,SP3,FALSE,TRUE,4,8149,8150
mol4194,FC(F)(F)c1c(N2CCC(c3ccccc3)CC2)ccn2c(CC3CC3)[nH+]nc12,FC(F)(F)c1c(N2CCC(c3ccccc3)CC2)ccn2c(CC3CC3)nnc12,"4,100",17,N,1,0,1,0,SP2,TRUE,TRUE,4,8151,8152
mol4195,FC(F)(F)c1cc(-c2ccccc2)nnc1NCC[NH+]1CCOCC1,FC(F)(F)c1cc(-c2ccccc2)nnc1NCCN1CCOCC1,"6,750",15,N,1,0,1,0,SP3,FALSE,TRUE,4,8154,8153
mol4196,FC(F)(F)c1cc(C(F)(F)F)[nH]n1,FC(F)(F)c1cc(C(F)(F)F)[n-]n1,"7,510",2,N,0,-1,1,0,SP2,TRUE,TRUE,3,8155,8156
mol4197,FC(F)(F)c1ccc2ccc[nH+]c2c1,FC(F)(F)c1ccc2cccnc2c1,"3,160",8,N,1,0,1,0,SP2,TRUE,TRUE,4,8157,8158
mol4198,FC(F)(F)c1cccc(NC=S)c1,FC(F)(F)c1cccc([N-]C=S)c1,"10,780",6,N,0,-1,1,0,SP2,FALSE,FALSE,3,8159,8160
mol4199,FC(F)(F)c1cccc2[nH+]cccc12,FC(F)(F)c1cccc2ncccc12,"3,090",7,N,1,0,1,0,SP2,TRUE,TRUE,4,8161,8162
mol4200,FC(F)(F)c1ccccc1NC1=[NH+]CCN1,FC(F)(F)c1ccccc1NC1=NCCN1,"8,800",12,N,1,0,1,0,SP2,FALSE,TRUE,4,8163,8164
mol4201,FC(F)(F)C1=Nc2ncncc2[NH2+]1,FC(F)(F)c1nc2ncncc2[nH]1,"5,120",8,N,1,0,2,1,SP3,FALSE,TRUE,4,8165,8166
mol4202,FC(F)(F)c1ncnc2c1[NH2+]C=N2,FC(F)(F)c1ncnc2nc[nH]c12,"7,350",1,N,1,0,2,1,SP3,FALSE,TRUE,4,8167,8168
mol4203,FC(F)C1Cc2ccc(Br)cc2C[NH2+]1,FC(F)C1Cc2ccc(Br)cc2CN1,"6,120",8,N,1,0,2,1,SP3,FALSE,TRUE,4,8169,8170
mol4204,FC(F)C1Cc2ccccc2C[NH2+]1,FC(F)C1Cc2ccccc2CN1,"6,420",8,N,1,0,2,1,SP3,FALSE,TRUE,4,8171,8172
mol4205,FC1(Cc2ccccc2)CC[NH+](CCCc2c[nH]c3ccc(-n4cnnc4)cc23)CC1,FC1(Cc2ccccc2)CCN(CCCc2c[nH]c3ccc(-n4cnnc4)cc23)CC1,"8,800",10,N,1,0,1,0,SP3,FALSE,TRUE,4,8173,8174
mol4206,FC1(F)CCC[NH2+]C1,FC1(F)CCCNC1,"7,400",4,N,1,0,2,1,SP3,FALSE,TRUE,4,8175,8176
mol4207,FC1(F)CC[NH2+]CC1,FC1(F)CCNCC1,"8,500",2,N,1,0,2,1,SP3,FALSE,TRUE,4,8177,8178
mol4208,FC1CCC[NH2+]C1,FC1CCCNC1,"9,300",4,N,1,0,2,1,SP3,FALSE,TRUE,4,8179,8180
mol4209,FC1CC[NH2+]CC1,FC1CCNCC1,"9,400",2,N,1,0,2,1,SP3,FALSE,TRUE,4,8181,8182
mol4210,FCCc1noc(C2=CCC[NH2+]C2)n1,FCCc1noc(C2=CCCNC2)n1,"8,290",2,N,1,0,2,1,SP3,FALSE,TRUE,4,8183,8184
mol4211,Fc1c(N2CCCCCC2)nc(C2CC2)[nH+]c1NC1CC1,Fc1c(NC2CC2)nc(C2CC2)nc1N1CCCCCC1,"6,440",10,N,1,0,1,0,SP2,TRUE,TRUE,4,8185,8186
mol4212,Fc1c(N2CCSCC2)nc(C2CC2)[nH+]c1NC1CC1,Fc1c(NC2CC2)nc(C2CC2)nc1N1CCSCC1,"5,270",4,N,1,0,1,0,SP2,TRUE,TRUE,4,8187,8188
mol4213,Fc1cc(-c2cn[nH]n2)ccn1,Fc1cc(-c2cn[n-]n2)ccn1,"7,590",9,N,0,-1,1,0,SP2,TRUE,TRUE,3,8189,8190
mol4214,Fc1cc(F)c(F)c(S)c1F,Fc1cc(F)c(F)c([S-])c1F,"2,750",8,S,0,-1,1,0,SP3,FALSE,FALSE,2,8191,8192
mol4215,Fc1ccc(C(c2ccc(F)cc2)N2CC[NH+](C/C=C/c3ccccc3)CC2)cc1,Fc1ccc(C(c2ccc(F)cc2)N2CCN(C/C=C/c3ccccc3)CC2)cc1,"7,710",9,N,1,0,1,0,SP3,FALSE,TRUE,4,8193,8194
mol4216,Fc1ccc(CN(Cc2nn[nH]n2)c2ccccc2)c(F)c1,Fc1ccc(CN(Cc2nn[n-]n2)c2ccccc2)c(F)c1,"4,130",19,N,0,-1,1,0,SP2,TRUE,TRUE,3,8195,8196
mol4217,Fc1ccc(CN(Cc2nn[nH]n2)c2ccccc2)cc1,Fc1ccc(CN(Cc2nn[n-]n2)c2ccccc2)cc1,"4,200",18,N,0,-1,1,0,SP2,TRUE,TRUE,3,8197,8198
mol4218,Fc1ccc(N2CC[NH+](Cc3ccn4c(CC5CC5)nnc4c3C(F)(F)F)CC2)c(F)c1,Fc1ccc(N2CCN(Cc3ccn4c(CC5CC5)nnc4c3C(F)(F)F)CC2)c(F)c1,"5,000",11,N,1,0,1,0,SP3,FALSE,TRUE,4,8200,8199
mol4219,Fc1ccc(NC(=S)c2ccc(Cl)cc2)cc1,Fc1ccc([N-]C(=S)c2ccc(Cl)cc2)cc1,"10,410",8,N,0,-1,1,0,SP2,FALSE,FALSE,3,8201,8202
mol4220,Fc1ccc(NC(=S)c2cccc(Br)c2)cc1,Fc1ccc([N-]C(=S)c2cccc(Br)c2)cc1,"10,320",9,N,0,-1,1,0,SP2,FALSE,FALSE,3,8203,8204
mol4221,Fc1ccc(NC(=S)c2ccccc2)cc1,Fc1ccc([N-]C(=S)c2ccccc2)cc1,"10,770",8,N,0,-1,1,0,SP2,FALSE,FALSE,3,8205,8206
mol4222,Fc1ccc(NC=S)cc1,Fc1ccc([N-]C=S)cc1,"11,250",6,N,0,-1,1,0,SP2,FALSE,FALSE,3,8207,8208
mol4224,Fc1ccc([C@@H]2CC[NH2+]C[C@H]2COc2ccc3c(c2)OCO3)cc1,Fc1ccc([C@@H]2CCNC[C@H]2COc2ccc3c(c2)OCO3)cc1,"9,843",9,N,1,0,2,1,SP3,FALSE,TRUE,4,8209,8210
mol4225,Fc1ccc(S)cc1,Fc1ccc([S-])cc1,"6,350",7,S,0,-1,1,0,SP3,FALSE,FALSE,2,8211,8212
mol4226,Fc1ccc2c(c1)N(CCC[NH+]1CCCC1)c1cc(F)ccc1CC2,Fc1ccc2c(c1)N(CCCN1CCCC1)c1cc(F)ccc1CC2,"7,750",20,N,1,0,1,0,SP3,FALSE,TRUE,4,8213,8214
mol4227,Fc1ccc2c(c1)N(CCC[NH+]1CCCCC1)c1cc(F)ccc1CC2,Fc1ccc2c(c1)N(CCCN1CCCCC1)c1cc(F)ccc1CC2,"7,600",20,N,1,0,1,0,SP3,FALSE,TRUE,4,8215,8216
mol4228,Fc1ccc2c(c1)N(CCC[NH+]1CCOCC1)c1cc(F)ccc1CC2,Fc1ccc2c(c1)N(CCCN1CCOCC1)c1cc(F)ccc1CC2,"7,600",20,N,1,0,1,0,SP3,FALSE,TRUE,4,8217,8218
mol4229,Fc1ccc2ccc[nH+]c2c1,Fc1ccc2cccnc2c1,"4,040",8,N,1,0,1,0,SP2,TRUE,TRUE,4,8219,8220
mol4230,Fc1ccc2[nH+]cccc2c1,Fc1ccc2ncccc2c1,"4,000",8,N,1,0,1,0,SP2,TRUE,TRUE,4,8221,8222
mol4231,Fc1cccc(-c2cn[nH]n2)c1,Fc1cccc(-c2cn[n-]n2)c1,"8,380",10,N,0,-1,1,0,SP2,TRUE,TRUE,3,8223,8224
mol4232,Fc1cccc(Br)c1N(CC1CC1)C1=[NH+]CCN1,Fc1cccc(Br)c1N(CC1CC1)C1=NCCN1,"10,700",13,N,1,0,1,0,SP2,FALSE,TRUE,4,8225,8226
mol4233,Fc1cccc(C(F)(F)F)c1N(CC1CC1)C1=[NH+]CCN1,Fc1cccc(C(F)(F)F)c1N(CC1CC1)C1=NCCN1,"10,700",13,N,1,0,1,0,SP2,FALSE,TRUE,4,8227,8228
mol4234,Fc1cccc(CN(Cc2nn[nH]n2)c2ccccc2)c1,Fc1cccc(CN(Cc2nn[n-]n2)c2ccccc2)c1,"4,190",18,N,0,-1,1,0,SP2,TRUE,TRUE,3,8229,8230
mol4235,Fc1cccc(Cl)c1N(CC1CC1)C1=[NH+]CCN1,Fc1cccc(Cl)c1N(CC1CC1)C1=NCCN1,"10,800",13,N,1,0,1,0,SP2,FALSE,TRUE,4,8231,8232
mol4236,Fc1cccc(Cl)c1NC1=[NH+]CCN1,Fc1cccc(Cl)c1NC1=NCCN1,"8,010",9,N,1,0,1,0,SP2,FALSE,TRUE,4,8233,8234
mol4237,Fc1cccc(F)c1N(CC1CC1)C1=[NH+]CCN1,Fc1cccc(F)c1N(CC1CC1)C1=NCCN1,"10,300",13,N,1,0,1,0,SP2,FALSE,TRUE,4,8235,8236
mol4238,Fc1cccc(F)c1NC1=[NH+]CCN1,Fc1cccc(F)c1NC1=NCCN1,"8,253",9,N,1,0,1,0,SP2,FALSE,TRUE,4,8237,8238
mol4239,Fc1cccc(NC(=S)c2ccc(Cl)cc2)c1,Fc1cccc([N-]C(=S)c2ccc(Cl)cc2)c1,"10,160",7,N,0,-1,1,0,SP2,FALSE,FALSE,3,8239,8240
mol4240,Fc1cccc(NC(=S)c2cccc(Br)c2)c1,Fc1cccc([N-]C(=S)c2cccc(Br)c2)c1,"10,010",9,N,0,-1,1,0,SP2,FALSE,FALSE,3,8241,8242
mol4241,Fc1cccc(NC(=S)c2ccccc2)c1,Fc1cccc([N-]C(=S)c2ccccc2)c1,"10,290",8,N,0,-1,1,0,SP2,FALSE,FALSE,3,8243,8244
mol4242,Fc1cccc(NC=S)c1,Fc1cccc([N-]C=S)c1,"10,890",7,N,0,-1,1,0,SP2,FALSE,FALSE,3,8245,8246
mol4243,Fc1cccc2[nH]c[nH+]c12,Fc1cccc2[nH]cnc12,"4,400",7,N,1,0,1,0,SP2,TRUE,TRUE,4,8247,8248
mol4244,Fc1cccc2[nH+]cccc12,Fc1cccc2ncccc12,"3,680",7,N,1,0,1,0,SP2,TRUE,TRUE,4,8249,8250
mol4245,Fc1ccccc1CN(Cc1nn[nH]n1)c1ccccc1,Fc1ccccc1CN(Cc1nn[n-]n1)c1ccccc1,"4,220",18,N,0,-1,1,0,SP2,TRUE,TRUE,3,8251,8252
mol4246,Fc1ccccc1Nc1c2ccccc2[nH+]c2ccccc12,Fc1ccccc1Nc1c2ccccc2nc2ccccc12,"6,840",13,N,1,0,1,0,SP2,TRUE,TRUE,4,8253,8254
mol4247,Fc1cccn2cc[nH+]c12,Fc1cccn2ccnc12,"4,900",4,N,1,0,1,0,SP2,TRUE,TRUE,4,8255,8256
mol4248,Fc1ccc[nH+]c1,Fc1cccnc1,"2,970",4,N,1,0,1,0,SP2,TRUE,TRUE,4,8257,8258
mol4249,Ic1ccc(-c2nn[nH]n2)cc1,Ic1ccc(-c2nn[n-]n2)cc1,"3,880",8,N,0,-1,1,0,SP2,TRUE,TRUE,3,8259,8260
mol4250,Ic1ccc(Nc2c3ccccc3[nH+]c3ccccc23)cc1,Ic1ccc(Nc2c3ccccc3nc3ccccc23)cc1,"6,900",13,N,1,0,1,0,SP2,TRUE,TRUE,4,8261,8262
mol4251,Ic1cccc(C2[NH2+]CCS2)c1,Ic1cccc(C2NCCS2)c1,"4,930",8,N,1,0,2,1,SP3,FALSE,TRUE,4,8264,8263
mol4252,Ic1ccccc1Nc1c2ccccc2[nH+]c2ccccc12,Ic1ccccc1Nc1c2ccccc2nc2ccccc12,"6,470",13,N,1,0,1,0,SP2,TRUE,TRUE,4,8265,8266
mol4253,Ic1ccc[nH+]c1,Ic1cccnc1,"3,250",4,N,1,0,1,0,SP2,TRUE,TRUE,4,8267,8268
mol4254,Ic1nn[nH]n1,Ic1nn[n-]n1,"2,850",2,N,0,-1,1,0,SP2,TRUE,TRUE,3,8269,8270
mol4255,N#CC(=Nc1ccc(C(=O)O)cc1)C(C#N)C#N,N#CC(=Nc1ccc(C(=O)[O-])cc1)C(C#N)C#N,"4,200",8,O,0,-1,1,0,SP2,FALSE,FALSE,2,8271,8272
mol4256,N#CC(C#N)=C(Br)C(C#N)C#N,N#CC(C#N)=C(Br)[C+](C#N)C#N,"2,600",2,C,0,1,1,0,SP3,FALSE,FALSE,4,8274,8273
mol4257,N#CC(C#N)=C(c1ccccc1)C(C#N)C#N,N#CC(C#N)=C(c1ccccc1)[C+](C#N)C#N,"2,300",12,C,0,1,1,0,SP3,FALSE,FALSE,4,8276,8275
mol4258,N#CC(C#N)Cc1ccc(Cl)cc1,N#C[C-](C#N)Cc1ccc(Cl)cc1,"11,490",7,C,0,-1,1,0,SP3,FALSE,FALSE,4,8277,8278
mol4259,N#CC(C#N)N=Nc1cccc([OH2+])c1,N#CC(C#N)N=Nc1cccc(O)c1,"6,450",6,O,1,0,2,1,SP2,FALSE,FALSE,3,8279,8280
mol4260,N#CC(C#N)N=Nc1ccccc1C(=O)O,N#CC(C#N)N=Nc1ccccc1C(=O)[O-],"6,700",8,O,0,-1,1,0,SP2,FALSE,FALSE,2,8281,8282
mol4261,N#CC(C#N)N=Nc1ccccc1[OH2+],N#CC(C#N)N=Nc1ccccc1O,"6,100",13,O,1,0,2,1,SP2,FALSE,FALSE,3,8283,8284
mol4262,N#CC(C(=O)O)C1CCCCC1,N#CC(C(=O)[O-])C1CCCCC1,"2,370",11,O,0,-1,1,0,SP2,FALSE,FALSE,2,8285,8286
mol4263,N#CC(CC(=O)O)Cc1ccccc1,N#CC(CC(=O)[O-])Cc1ccccc1,"3,910",11,O,0,-1,1,0,SP2,FALSE,FALSE,2,8287,8288
mol4264,N#CC(CC(=O)O)c1ccccc1,N#CC(CC(=O)[O-])c1ccccc1,"3,790",10,O,0,-1,1,0,SP2,FALSE,FALSE,2,8289,8290
mol4265,N#CC(CCC(=O)O)c1ccccc1,N#CC(CCC(=O)[O-])c1ccccc1,"4,400",11,O,0,-1,1,0,SP2,FALSE,FALSE,2,8291,8292
mol4266,N#CC(CCCC(=O)O)c1ccccc1,N#CC(CCCC(=O)[O-])c1ccccc1,"4,640",12,O,0,-1,1,0,SP2,FALSE,FALSE,2,8293,8294
mol4267,N#CC(CCCCC(=O)O)c1ccccc1,N#CC(CCCCC(=O)[O-])c1ccccc1,"4,750",13,O,0,-1,1,0,SP2,FALSE,FALSE,2,8295,8296
mol4268,N#CC(CC[NH+]1CCCCC1)(c1ccccc1)c1ccccc1,N#CC(CCN1CCCCC1)(c1ccccc1)c1ccccc1,"8,070",9,N,1,0,1,0,SP3,FALSE,TRUE,4,8297,8298
mol4269,N#CC(CC[NH+]1CCOCC1)(c1ccccc1)c1ccccc1,N#CC(CCN1CCOCC1)(c1ccccc1)c1ccccc1,"6,090",9,N,1,0,1,0,SP3,FALSE,TRUE,4,8300,8299
mol4270,N#CC(Cc1ccccc1)C(=O)O,N#CC(Cc1ccccc1)C(=O)[O-],"2,240",12,O,0,-1,1,0,SP2,FALSE,FALSE,2,8301,8302
mol4271,N#CC([NH3+])c1ccccc1,N#CC(N)c1ccccc1,"4,400",9,N,1,0,3,2,SP3,FALSE,FALSE,4,8303,8304
mol4272,N#CC(c1ccc2c(c1)OCO2)[NH+]1CCCC1,N#CC(c1ccc2c(c1)OCO2)N1CCCC1,"4,300",9,N,1,0,1,0,SP3,FALSE,TRUE,4,8305,8306
mol4273,N#CC(c1ccc2c(c1)OCO2)[NH+]1CCCCC1,N#CC(c1ccc2c(c1)OCO2)N1CCCCC1,"4,000",9,N,1,0,1,0,SP3,FALSE,TRUE,4,8307,8308
mol4274,N#CC1=C[NH+]2CCC1CC2,N#CC1=CN2CCC1CC2,"5,840",2,N,1,0,1,0,SP3,FALSE,TRUE,4,8310,8309
mol4275,N#CC1CC2CC[NH+]1CC2,N#CC1CC2CCN1CC2,"5,850",2,N,1,0,1,0,SP3,FALSE,TRUE,4,8311,8312
mol4277,N#CCC#N,N#C[CH-]C#N,"11,190",0,C,0,-1,2,1,SP3,FALSE,FALSE,4,8313,8314
mol4278,N#CCC(=O)O,N#CCC(=O)[O-],"2,460",5,O,0,-1,1,0,SP2,FALSE,FALSE,2,8315,8316
mol4279,N#CCC(C(=O)O)c1ccccc1,N#CCC(C(=O)[O-])c1ccccc1,"3,440",12,O,0,-1,1,0,SP2,FALSE,FALSE,2,8317,8318
mol4280,N#CCC([NH3+])c1ccccc1,N#CCC(N)c1ccccc1,"6,700",10,N,1,0,3,2,SP3,FALSE,FALSE,4,8319,8320
mol4281,N#CCCC(=O)O,N#CCCC(=O)[O-],"3,980",4,O,0,-1,1,0,SP2,FALSE,FALSE,2,8321,8322
mol4282,N#CCCC(C(=O)O)c1ccccc1,N#CCCC(C(=O)[O-])c1ccccc1,"3,920",13,O,0,-1,1,0,SP2,FALSE,FALSE,2,8323,8324
mol4283,N#CCCCOc1ccc(-c2ccc(-c3ccccc3Cl)n2Cc2cccc(N)[nH+]2)cc1,N#CCCCOc1ccc(-c2ccc(-c3ccccc3Cl)n2Cc2cccc(N)n2)cc1,"6,860",17,N,1,0,1,0,SP2,TRUE,TRUE,4,8325,8326
mol4284,N#CCCN,N#CCC[NH-],"7,750",2,N,0,-1,2,1,SP3,FALSE,FALSE,3,8327,8328
mol4285,N#CCCN(CCC#N)c1nn[nH]n1,N#CCCN(CCC#N)c1nn[n-]n1,"4,850",9,N,0,-1,1,0,SP2,TRUE,TRUE,3,8329,8330
mol4286,N#CCC[NH2+]CCC#N,N#CCCNCCC#N,"5,230",2,N,1,0,2,1,SP3,FALSE,FALSE,4,8331,8332
mol4287,N#CCCN[NH3+],N#CCCNN,"5,910",3,N,1,0,3,2,SP3,FALSE,FALSE,4,8333,8334
mol4288,N#CCC[NH2+]c1ccccc1,N#CCCNc1ccccc1,"4,500",6,N,1,0,2,1,SP3,FALSE,FALSE,4,8335,8336
mol4289,N#CCC[NH2+]C(CC(N)=O)C(=O)[O-],N#CCCNC(CC(N)=O)C(=O)[O-],"6,460",2,N,1,0,2,1,SP3,FALSE,FALSE,4,8338,8337
mol4290,N#CC[NH3+],N#CCN,"5,370",3,N,1,0,3,2,SP3,FALSE,FALSE,4,8339,8340
mol4291,N#CC[NH+]1CCCCC1,N#CCN1CCCCC1,"4,550",3,N,1,0,1,0,SP3,FALSE,TRUE,4,8341,8342
mol4292,N#CC[NH+]1CCOCC1,N#CCN1CCOCC1,"2,000",5,N,1,0,1,0,SP3,FALSE,TRUE,4,8343,8344
mol4293,N#CCc1ccc(C(=O)O)cc1,N#CCc1ccc(C(=O)[O-])cc1,"4,090",11,O,0,-1,1,0,SP2,FALSE,FALSE,2,8345,8346
mol4294,N#CCc1ccc[nH+]c1,N#CCc1cccnc1,"3,780",4,N,1,0,1,0,SP2,TRUE,TRUE,4,8347,8348
mol4295,N#C[NH2+]S(=O)(=O)c1ccc(N)cc1,N#CNS(=O)(=O)c1ccc(N)cc1,"2,920",10,N,1,0,2,1,SP3,FALSE,FALSE,4,8349,8350
mol4296,N#CSc1cc(C(=O)O)ccc1N,N#CSc1cc(C(=O)[O-])ccc1N,"4,520",8,O,0,-1,1,0,SP2,FALSE,FALSE,2,8351,8352
mol4297,N#CSc1ccc(O)cc1,N#CSc1ccc([O-])cc1,"8,570",6,O,0,-1,1,0,SP2,FALSE,FALSE,2,8353,8354
mol4298,N#C[C@H](Cc1ccc(-c2ccccc2)cc1)NC(=O)C1([NH3+])CCOCC1,N#C[C@H](Cc1ccc(-c2ccccc2)cc1)NC(=O)C1(N)CCOCC1,"5,400",25,N,1,0,3,2,SP3,FALSE,FALSE,4,8356,8355
mol4299,N#C[C@H]1CCCC[C@@H]1C(=O)O,N#C[C@H]1CCCC[C@@H]1C(=O)[O-],"3,860",10,O,0,-1,1,0,SP2,FALSE,FALSE,2,8357,8358
mol4300,N#Cc1c(-c2nc3cc(Cl)ccc3o2)c(=O)oc2cc([OH2+])ccc12,N#Cc1c(-c2nc3cc(Cl)ccc3o2)c(=O)oc2cc(O)ccc12,"6,000",6,O,1,0,2,1,SP2,FALSE,FALSE,3,8359,8360
mol4301,N#Cc1c(-c2nc3ccccc3o2)c(=O)oc2cc([OH2+])ccc12,N#Cc1c(-c2nc3ccccc3o2)c(=O)oc2cc(O)ccc12,"6,070",20,O,1,0,2,1,SP2,FALSE,FALSE,3,8361,8362
mol4302,N#Cc1c(-c2nc3ccccc3s2)c(=O)oc2cc([OH2+])ccc12,N#Cc1c(-c2nc3ccccc3s2)c(=O)oc2cc(O)ccc12,"6,380",20,O,1,0,2,1,SP2,FALSE,FALSE,3,8363,8364
mol4303,N#Cc1c(C2CC2)nc(SCc2cccc(F)c2F)[nH]c1=O,N#Cc1c(C2CC2)nc(SCc2cccc(F)c2F)[n-]c1=O,"8,900",11,N,0,-1,1,0,SP2,TRUE,TRUE,3,8365,8366
mol4304,N#Cc1c(C[NH+]2CCC(Br)CC2)no[n+]1[O-],N#Cc1c(CN2CCC(Br)CC2)no[n+]1[O-],"4,010",2,N,1,0,1,0,SP3,FALSE,TRUE,4,8368,8367
mol4305,N#Cc1cc(-c2ccccc2)nnc1NCC[NH+]1CCOCC1,N#Cc1cc(-c2ccccc2)nnc1NCCN1CCOCC1,"6,500",15,N,1,0,1,0,SP3,FALSE,TRUE,4,8370,8369
mol4306,N#Cc1cc(C(F)(F)F)ccc1N1CCOc2cc(S(=O)(=O)[NH2+]c3nccs3)ccc21,N#Cc1cc(C(F)(F)F)ccc1N1CCOc2cc(S(=O)(=O)Nc3nccs3)ccc21,"7,000",25,N,1,0,2,1,SP3,FALSE,FALSE,4,8371,8372
mol4307,N#Cc1cc(C(F)(F)F)ccc1N1CCOc2cc(S(=O)(=O)[NH2+]c3ncns3)ccc21,N#Cc1cc(C(F)(F)F)ccc1N1CCOc2cc(S(=O)(=O)Nc3ncns3)ccc21,"3,800",25,N,1,0,2,1,SP3,FALSE,FALSE,4,8373,8374
mol4308,N#Cc1cc([NH2+]S(=O)(=O)c2ccccc2C(F)(F)F)ccc1C(F)(F)F,N#Cc1cc(NS(=O)(=O)c2ccccc2C(F)(F)F)ccc1C(F)(F)F,"5,100",13,N,1,0,2,1,SP3,FALSE,FALSE,4,8375,8376
mol4309,N#Cc1cc([NH2+]S(=O)(=O)c2ccccc2C(F)(F)F)ccc1Cl,N#Cc1cc(NS(=O)(=O)c2ccccc2C(F)(F)F)ccc1Cl,"5,800",13,N,1,0,2,1,SP3,FALSE,FALSE,4,8377,8378
mol4310,N#Cc1cc(S(=O)(=O)[NH2+]c2ccc(F)cn2)ccc1Oc1ccc(CO)c(Cl)c1,N#Cc1cc(S(=O)(=O)Nc2ccc(F)cn2)ccc1Oc1ccc(CO)c(Cl)c1,"5,700",18,N,1,0,2,1,SP3,FALSE,FALSE,4,8379,8380
mol4311,N#Cc1cc2[nH]cc(C(=O)O)c2cc1-c1ccc(C2(O)CCC2)cc1,N#Cc1cc2[nH]cc(C(=O)[O-])c2cc1-c1ccc(C2(O)CCC2)cc1,"4,600",19,O,0,-1,1,0,SP2,FALSE,FALSE,2,8381,8382
mol4312,N#Cc1ccc(-c2ccc(C[C@@H](C#N)NC(=O)C3([NH3+])CCCCC3)cc2)cc1,N#Cc1ccc(-c2ccc(C[C@@H](C#N)NC(=O)C3(N)CCCCC3)cc2)cc1,"7,100",19,N,1,0,3,2,SP3,FALSE,FALSE,4,8384,8383
mol4313,N#Cc1ccc(-c2ccc(C[C@@H](C#N)NC(=O)C3([NH3+])CCOCC3)cc2)cc1,N#Cc1ccc(-c2ccc(C[C@@H](C#N)NC(=O)C3(N)CCOCC3)cc2)cc1,"5,800",19,N,1,0,3,2,SP3,FALSE,FALSE,4,8386,8385
mol4314,N#Cc1ccc(-c2ccc(C[C@@H](C#N)NC(=O)[C@@H]3CCCC[NH2+]3)cc2)cc1,N#Cc1ccc(-c2ccc(C[C@@H](C#N)NC(=O)[C@@H]3CCCCN3)cc2)cc1,"8,400",18,N,1,0,2,1,SP3,FALSE,TRUE,4,8387,8388
mol4315,N#Cc1ccc(-c2ccc(C[C@@H](C#N)NC(=O)[C@@H]3C[C@@H](O)CC[NH2+]3)cc2)cc1,N#Cc1ccc(-c2ccc(C[C@@H](C#N)NC(=O)[C@@H]3C[C@@H](O)CCN3)cc2)cc1,"7,600",18,N,1,0,2,1,SP3,FALSE,TRUE,4,8389,8390
mol4316,N#Cc1ccc(-c2nn[nH]n2)cc1,N#Cc1ccc(-c2nn[n-]n2)cc1,"3,530",10,N,0,-1,1,0,SP2,TRUE,TRUE,3,8391,8392
mol4317,N#Cc1ccc(C(=O)Nc2ccc(F)c([C@@]3(CF)[NH+]=C(N)OCC3(F)F)c2)nc1,N#Cc1ccc(C(=O)Nc2ccc(F)c([C@@]3(CF)N=C(N)OCC3(F)F)c2)nc1,"5,100",22,N,1,0,1,0,SP2,FALSE,TRUE,4,8394,8393
mol4318,N#Cc1ccc(C(=O)Nc2ccc(F)c([C@@]3(CF)[NH+]=C(N)OC[C@@H]3F)c2)nc1,N#Cc1ccc(C(=O)Nc2ccc(F)c([C@@]3(CF)N=C(N)OC[C@@H]3F)c2)nc1,"6,700",22,N,1,0,1,0,SP2,FALSE,TRUE,4,8396,8395
mol4319,N#Cc1ccc(C(=O)Nc2ccc(F)c([C@]3(C(F)F)CCOC(N)=[NH+]3)c2)nc1,N#Cc1ccc(C(=O)Nc2ccc(F)c([C@]3(C(F)F)CCOC(N)=N3)c2)nc1,"7,300",22,N,1,0,1,0,SP2,FALSE,TRUE,4,8398,8397
mol4320,N#Cc1ccc(C(=O)Nc2ccc(F)c([C@]3(CF)C[C@@H](C(F)(F)F)OC(N)=[NH+]3)c2)nc1,N#Cc1ccc(C(=O)Nc2ccc(F)c([C@]3(CF)C[C@@H](C(F)(F)F)OC(N)=N3)c2)nc1,"6,300",22,N,1,0,1,0,SP2,FALSE,TRUE,4,8400,8399
mol4321,N#Cc1ccc(C(=O)O)cc1,N#Cc1ccc(C(=O)[O-])cc1,"3,530",10,O,0,-1,1,0,SP2,FALSE,FALSE,2,8401,8402
mol4322,N#Cc1ccc(CC(C#N)C#N)cc1,N#Cc1ccc(C[C-](C#N)C#N)cc1,"10,960",7,C,0,-1,1,0,SP3,FALSE,FALSE,4,8403,8404
mol4323,N#Cc1ccc(C[NH3+])cc1,N#Cc1ccc(CN)cc1,"8,720",7,N,1,0,3,2,SP3,FALSE,FALSE,4,8405,8406
mol4324,N#Cc1ccc(Cc2c3ccccc3[nH+]c3ccccc23)cc1,N#Cc1ccc(Cc2c3ccccc3nc3ccccc23)cc1,"5,930",13,N,1,0,1,0,SP2,TRUE,TRUE,4,8407,8408
mol4325,N#Cc1ccc(N2CC[NH+](CCNC(=O)c3ccc(F)cc3)CC2)cc1,N#Cc1ccc(N2CCN(CCNC(=O)c3ccc(F)cc3)CC2)cc1,"6,430",11,N,1,0,1,0,SP3,FALSE,TRUE,4,8410,8409
mol4326,N#Cc1ccc(NC(=O)c2ccc(S(=O)(=O)N3CCOCC3)cc2)c(C(=O)O)c1,N#Cc1ccc(NC(=O)c2ccc(S(=O)(=O)N3CCOCC3)cc2)c(C(=O)[O-])c1,"2,560",17,O,0,-1,1,0,SP2,FALSE,FALSE,2,8411,8412
mol4327,N#Cc1ccc([NH2+]S(=O)(=O)c2ccccc2)cc1,N#Cc1ccc(NS(=O)(=O)c2ccccc2)cc1,"6,780",9,N,1,0,2,1,SP3,FALSE,FALSE,4,8413,8414
mol4328,N#Cc1ccc([NH2+]S(=O)(=O)c2ccccc2C(F)(F)F)cc1Cl,N#Cc1ccc(NS(=O)(=O)c2ccccc2C(F)(F)F)cc1Cl,"5,100",13,N,1,0,2,1,SP3,FALSE,FALSE,4,8415,8416
mol4329,N#Cc1ccc(Nc2c3ccccc3[nH+]c3ccccc23)cc1,N#Cc1ccc(Nc2c3ccccc3nc3ccccc23)cc1,"5,930",13,N,1,0,1,0,SP2,TRUE,TRUE,4,8417,8418
mol4330,N#Cc1ccc(Nc2nc(N)[nH+]c(Cc3c(Cl)ccc(Cl)c3Cl)n2)cc1,N#Cc1ccc(Nc2nc(N)nc(Cc3c(Cl)ccc(Cl)c3Cl)n2)cc1,"2,800",12,N,1,0,1,0,SP2,TRUE,TRUE,4,8419,8420
mol4331,N#Cc1ccc(Nc2nc(N)[nH+]c(Cc3c(Cl)ccc4[nH]ccc34)n2)cc1,N#Cc1ccc(Nc2nc(N)nc(Cc3c(Cl)ccc4[nH]ccc34)n2)cc1,"3,300",12,N,1,0,1,0,SP2,TRUE,TRUE,4,8421,8422
mol4332,N#Cc1ccc(Nc2nc(N)[nH+]c(Cc3c(Cl)cccc3Cl)n2)cc1,N#Cc1ccc(Nc2nc(N)nc(Cc3c(Cl)cccc3Cl)n2)cc1,"3,100",9,N,1,0,1,0,SP2,TRUE,TRUE,4,8423,8424
mol4333,N#Cc1ccc(O[C@H]2O[C@@H](C(=O)O)[C@H](O)[C@@H](O)[C@@H]2O)cc1,N#Cc1ccc(O[C@H]2O[C@@H](C(=O)[O-])[C@H](O)[C@@H](O)[C@@H]2O)cc1,"3,220",17,O,0,-1,1,0,SP2,FALSE,FALSE,2,8425,8426
mol4334,N#Cc1ccc(Oc2ccc(S(=O)(=O)[NH2+]c3ccc(F)cn3)cc2C#N)cc1Cl,N#Cc1ccc(Oc2ccc(S(=O)(=O)Nc3ccc(F)cn3)cc2C#N)cc1Cl,"5,800",18,N,1,0,2,1,SP3,FALSE,FALSE,4,8427,8428
mol4335,N#Cc1ccc(S(=O)(=O)C2(F)CC[NH+](CCc3ccc(F)cc3F)CC2)cc1,N#Cc1ccc(S(=O)(=O)C2(F)CCN(CCc3ccc(F)cc3F)CC2)cc1,"6,400",14,N,1,0,1,0,SP3,FALSE,TRUE,4,8430,8429
mol4336,N#Cc1ccc(S(=O)(=O)NCc2ccccc2)cc1,N#Cc1ccc(S(=O)(=O)[N-]Cc2ccccc2)cc1,"10,350",7,N,0,-1,1,0,SP3,FALSE,FALSE,3,8431,8432
mol4337,N#Cc1ccc(S(=O)(=O)[NH2+]c2cc3c(=O)[nH]ccc3cc2F)cc1,N#Cc1ccc(S(=O)(=O)Nc2cc3c(=O)[nH]ccc3cc2F)cc1,"5,970",11,N,1,0,2,1,SP3,FALSE,FALSE,4,8433,8434
mol4338,N#Cc1ccc(S(=O)(=O)[NH2+]c2ccc3cc[nH]c(=O)c3c2)cc1,N#Cc1ccc(S(=O)(=O)Nc2ccc3cc[nH]c(=O)c3c2)cc1,"6,930",11,N,1,0,2,1,SP3,FALSE,FALSE,4,8435,8436
mol4340,N#Cc1ccc2c(c1)C([P+](c1ccccc1)(c1ccccc1)c1ccccc1)c1ccccc1-2,N#Cc1ccc2c(c1)[C+]([P+](c1ccccc1)(c1ccccc1)c1ccccc1)c1ccccc1-2,"5,810",19,C,0,1,1,0,SP3,FALSE,TRUE,4,8438,8437
mol4341,N#Cc1ccc2c(c1)CC[NH2+]2,N#Cc1ccc2c(c1)CCN2,"2,800",10,N,1,0,2,1,SP3,FALSE,TRUE,4,8439,8440
mol4342,N#Cc1ccc2c(c1)N(CCC[NH+]1CCC(O)CC1)c1ccccc1S2,N#Cc1ccc2c(c1)N(CCCN1CCC(O)CC1)c1ccccc1S2,"8,630",19,N,1,0,1,0,SP3,FALSE,TRUE,4,8441,8442
mol4343,N#Cc1cccc(-c2cccc(-c3nn[nH]n3)c2)c1,N#Cc1cccc(-c2cccc(-c3nn[n-]n3)c2)c1,"4,000",14,N,0,-1,1,0,SP2,TRUE,TRUE,3,8443,8444
mol4344,N#Cc1cccc(-c2nn[nH]n2)c1,N#Cc1cccc(-c2nn[n-]n2)c1,"3,450",8,N,0,-1,1,0,SP2,TRUE,TRUE,3,8445,8446
mol4345,N#Cc1cccc(C(=O)O)c1,N#Cc1cccc(C(=O)[O-])c1,"3,600",8,O,0,-1,1,0,SP2,FALSE,FALSE,2,8447,8448
mol4346,N#Cc1cccc([NH3+])c1,N#Cc1cccc(N)c1,"2,830",6,N,1,0,3,2,SP3,FALSE,FALSE,4,8449,8450
mol4347,N#Cc1cccc([NH2+]S(=O)(=O)c2ccccc2)c1,N#Cc1cccc(NS(=O)(=O)c2ccccc2)c1,"7,150",9,N,1,0,2,1,SP3,FALSE,FALSE,4,8451,8452
mol4348,N#Cc1cccc(O)c1,N#Cc1cccc([O-])c1,"8,630",6,O,0,-1,1,0,SP2,FALSE,FALSE,2,8453,8454
mol4349,N#Cc1cccc(S(N)(=O)=O)c1,N#Cc1cccc(S([NH-])(=O)=O)c1,"8,840",9,N,0,-1,2,1,SP3,FALSE,FALSE,3,8455,8456
mol4350,N#Cc1ccccc1-c1nn[nH]n1,N#Cc1ccccc1-c1nn[n-]n1,"3,550",10,N,0,-1,1,0,SP2,TRUE,TRUE,3,8457,8458
mol4351,N#Cc1ccccc1O,N#Cc1ccccc1[O-],"7,320",8,O,0,-1,1,0,SP2,FALSE,FALSE,2,8459,8460
mol4352,N#Cc1cccnc1N1CC[NH+](CCNC(=O)c2ccc(F)cc2)CC1,N#Cc1cccnc1N1CCN(CCNC(=O)c2ccc(F)cc2)CC1,"6,400",9,N,1,0,1,0,SP3,FALSE,TRUE,4,8462,8461
mol4353,N#CC1=CN([C@@H]2O[C@H](CO)[C@@H](O)[C@@H]2O)C(=O)[NH2+]C1=O,N#Cc1cn([C@@H]2O[C@H](CO)[C@@H](O)[C@@H]2O)c(=O)[nH]c1=O,"6,800",4,N,1,0,2,1,SP3,FALSE,TRUE,4,8463,8464
mol4354,N#CC1=CN([C@H]2C[C@H](O)[C@@H](CO)O2)C(=O)[NH2+]C1=O,N#Cc1cn([C@H]2C[C@H](O)[C@@H](CO)O2)c(=O)[nH]c1=O,"6,800",4,N,1,0,2,1,SP3,FALSE,TRUE,4,8465,8466
mol4355,N#Cc1ncnc2c1[NH2+]C=N2,N#Cc1ncnc2nc[nH]c12,"6,880",1,N,1,0,2,1,SP3,FALSE,TRUE,4,8467,8468
mol4356,N/C=[NH+]/O,N/C=N/O,"5,050",1,N,1,0,1,0,SP2,FALSE,FALSE,4,8470,8469
mol4357,[NH2+]=C(SCc1ccccc1)c1ccccc1,N=C(SCc1ccccc1)c1ccccc1,"4,430",9,N,1,0,2,1,SP2,FALSE,FALSE,4,8471,8472
mol4358,[NH2+]=C(Sc1ccccc1)c1ccccc1,N=C(Sc1ccccc1)c1ccccc1,"4,480",7,N,1,0,2,1,SP2,FALSE,FALSE,4,8473,8474
mol4359,[NH2+]=C(c1ccccc1)c1cccc(Cl)c1,N=C(c1ccccc1)c1cccc(Cl)c1,"5,690",7,N,1,0,2,1,SP2,FALSE,FALSE,4,8475,8476
mol4360,[NH2+]=C(c1ccccc1)c1ccccc1,N=C(c1ccccc1)c1ccccc1,"6,820",7,N,1,0,2,1,SP2,FALSE,FALSE,4,8477,8478
mol4361,[NH2+]=C(c1ccccc1)c1ccccc1Cl,N=C(c1ccccc1)c1ccccc1Cl,"5,590",7,N,1,0,2,1,SP2,FALSE,FALSE,4,8479,8480
mol4362,N=C1CCCC1,[N-]=C1CCCC1,"8,950",4,N,0,-1,1,0,SP2,FALSE,FALSE,3,8481,8482
mol4363,N=C1CCCCC1,[N-]=C1CCCCC1,"9,150",4,N,0,-1,1,0,SP2,FALSE,FALSE,3,8483,8484
mol4364,N=C1CCCc2c1c(=O)c(=NS(=O)(=O)c1ccccc1)c(=Nc1ccccc1)c2=O,[N-]=C1CCCc2c1c(=O)c(=NS(=O)(=O)c1ccccc1)c(=Nc1ccccc1)c2=O,"8,200",29,N,0,-1,1,0,SP2,FALSE,FALSE,3,8485,8486
mol4365,NC(=O)C#CC#C/C=C/C(=O)O,NC(=O)C#CC#C/C=C/C(=O)[O-],"3,520",4,O,0,-1,1,0,SP2,FALSE,FALSE,2,8487,8488
mol4366,NC(=O)C(CC(=O)O)c1ccccc1,NC(=O)C(CC(=O)[O-])c1ccccc1,"4,230",10,O,0,-1,1,0,SP2,FALSE,FALSE,2,8489,8490
mol4367,NC(=O)C(CCC(=O)O)c1ccccc1,NC(=O)C(CCC(=O)[O-])c1ccccc1,"4,640",11,O,0,-1,1,0,SP2,FALSE,FALSE,2,8491,8492
mol4368,NC(=O)C(CCCCC(=O)O)c1ccccc1,NC(=O)C(CCCCC(=O)[O-])c1ccccc1,"4,790",13,O,0,-1,1,0,SP2,FALSE,FALSE,2,8493,8494
mol4369,NC(=O)C(N)=S,[NH-]C(=S)C(N)=O,"11,500",4,N,0,-1,2,1,SP2,FALSE,FALSE,3,8495,8496
mol4370,NC(=O)C([NH3+])CO,NC(=O)C(N)CO,"7,300",5,N,1,0,3,2,SP3,FALSE,FALSE,4,8498,8497
mol4371,NC(=O)C([NH3+])Cc1c[nH]c2ccccc12,NC(=O)C(N)Cc1c[nH]c2ccccc12,"7,550",14,N,1,0,3,2,SP3,FALSE,FALSE,4,8499,8500
mol4372,NC(=O)C([NH3+])Cc1ccccc1,NC(=O)C(N)Cc1ccccc1,"7,330",11,N,1,0,3,2,SP3,FALSE,FALSE,4,8502,8501
mol4373,NC(=O)C(c1ccccc1)c1cccc[nH+]1,NC(=O)C(c1ccccc1)c1ccccn1,"3,800",12,N,1,0,1,0,SP2,TRUE,TRUE,4,8503,8504
mol4374,NC(=O)C1CC2CC[NH+]1CC2,NC(=O)C1CC2CCN1CC2,"9,040",2,N,1,0,1,0,SP3,FALSE,TRUE,4,8505,8506
mol4375,NC(=O)C1CCCC[NH2+]1,NC(=O)C1CCCCN1,"8,900",3,N,1,0,2,1,SP3,FALSE,TRUE,4,8507,8508
mol4376,NC(=O)C1CCN(c2c(Cl)c[nH+]cc2Cl)CC1,NC(=O)C1CCN(c2c(Cl)cncc2Cl)CC1,"3,500",5,N,1,0,1,0,SP2,TRUE,TRUE,4,8510,8509
mol4377,NC(=O)C1CCN(c2c(S(=O)(=O)c3ccccc3)c[nH+]c3ccc(Cl)cc23)CC1,NC(=O)C1CCN(c2c(S(=O)(=O)c3ccccc3)cnc3ccc(Cl)cc23)CC1,"3,050",11,N,1,0,1,0,SP2,TRUE,TRUE,4,8512,8511
mol4378,NC(=O)C1C[NH+]2CCC1CC2,NC(=O)C1CN2CCC1CC2,"9,740",2,N,1,0,1,0,SP3,FALSE,TRUE,4,8513,8514
mol4379,NC(=O)CC(=O)O,NC(=O)CC(=O)[O-],"3,610",6,O,0,-1,1,0,SP2,FALSE,FALSE,2,8515,8516
mol4380,NC(=O)CCCCCCCCC(=O)NO,NC(=O)CCCCCCCCC(=O)N[O-],"9,490",8,O,0,-1,1,0,SP3,FALSE,FALSE,2,8517,8518
mol4386,NC(=O)CCCCc1cccc[nH+]1,NC(=O)CCCCc1ccccn1,"5,730",3,N,1,0,1,0,SP2,TRUE,TRUE,4,8519,8520
mol4387,NC(=O)CCCCc1ccc[nH+]c1,NC(=O)CCCCc1cccnc1,"5,600",4,N,1,0,1,0,SP2,TRUE,TRUE,4,8521,8522
mol4388,NC(=O)CCCCc1cc[nH+]cc1,NC(=O)CCCCc1ccncc1,"5,920",2,N,1,0,1,0,SP2,TRUE,TRUE,4,8523,8524
mol4390,NC(=O)CCCc1cccc[nH+]1,NC(=O)CCCc1ccccn1,"5,480",3,N,1,0,1,0,SP2,TRUE,TRUE,4,8525,8526
mol4391,NC(=O)CCCc1ccc[nH+]c1,NC(=O)CCCc1cccnc1,"5,330",4,N,1,0,1,0,SP2,TRUE,TRUE,4,8527,8528
mol4392,NC(=O)CCCc1cc[nH+]cc1,NC(=O)CCCc1ccncc1,"5,640",2,N,1,0,1,0,SP2,TRUE,TRUE,4,8529,8530
mol4393,NC(=O)CC[NH+]1CCC[C@H](OCc2cc(C(F)(F)F)cc(C(F)(F)F)c2)[C@@H]1c1ccccc1,NC(=O)CCN1CCC[C@H](OCc2cc(C(F)(F)F)cc(C(F)(F)F)c2)[C@@H]1c1ccccc1,"6,500",11,N,1,0,1,0,SP3,FALSE,TRUE,4,8532,8531
mol4395,NC(=O)CCc1cccc[nH+]1,NC(=O)CCc1ccccn1,"5,090",3,N,1,0,1,0,SP2,TRUE,TRUE,4,8533,8534
mol4396,NC(=O)CCc1ccc[nH+]c1,NC(=O)CCc1cccnc1,"5,210",4,N,1,0,1,0,SP2,TRUE,TRUE,4,8535,8536
mol4397,NC(=O)CCc1cc[nH+]cc1,NC(=O)CCc1ccncc1,"5,580",2,N,1,0,1,0,SP2,TRUE,TRUE,4,8537,8538
mol4398,NC(=O)CN1CC[NH+]([C@@H](COCc2cc(C(F)(F)F)cc(C(F)(F)F)c2)c2ccccc2)CC1,NC(=O)CN1CCN([C@@H](COCc2cc(C(F)(F)F)cc(C(F)(F)F)c2)c2ccccc2)CC1,"6,200",24,N,1,0,1,0,SP3,FALSE,TRUE,4,8540,8539
mol4399,NC(=O)CN1CC[NH+]([C@H](COCc2cc(C(F)(F)F)cc(C(F)(F)F)c2)c2ccccc2)CC1,NC(=O)CN1CCN([C@H](COCc2cc(C(F)(F)F)cc(C(F)(F)F)c2)c2ccccc2)CC1,"6,200",24,N,1,0,1,0,SP3,FALSE,TRUE,4,8542,8541
mol4400,NC(=O)COCCN1CC[NH+](C(COCc2cc(C(F)(F)F)cc(C(F)(F)F)c2)c2ccccc2)CC1,NC(=O)COCCN1CCN(C(COCc2cc(C(F)(F)F)cc(C(F)(F)F)c2)c2ccccc2)CC1,"7,400",24,N,1,0,1,0,SP3,FALSE,TRUE,4,8544,8543
mol4401,NC(=O)CS,NC(=O)C[S-],"8,220",4,S,0,-1,1,0,SP3,FALSE,FALSE,2,8545,8546
mol4402,NC(=O)CS(=O)(=O)[NH2+]C(N)=O,NC(=O)CS(=O)(=O)NC(N)=O,"5,050",7,N,1,0,2,1,SP3,FALSE,FALSE,4,8547,8548
mol4403,NC(=O)CS(N)(=O)=O,[NH-]S(=O)(=O)CC(N)=O,"9,700",7,N,0,-1,2,1,SP3,FALSE,FALSE,3,8549,8550
mol4404,NC(=O)C[C@H]([NH3+])C(N)=O,NC(=O)C[C@H](N)C(N)=O,"7,000",5,N,1,0,3,2,SP3,FALSE,FALSE,4,8552,8551
mol4405,NC(=O)C[NH+]1CCC[C@H](OCc2cc(C(F)(F)F)cc(C(F)(F)F)c2)[C@@H]1c1ccccc1,NC(=O)CN1CCC[C@H](OCc2cc(C(F)(F)F)cc(C(F)(F)F)c2)[C@@H]1c1ccccc1,"5,400",11,N,1,0,1,0,SP3,FALSE,TRUE,4,8554,8553
mol4406,NC(=O)C[NH2+]C1CCC(OCc2cc(C(F)(F)F)cc(C(F)(F)F)c2)C1c1ccccc1,NC(=O)CNC1CCC(OCc2cc(C(F)(F)F)cc(C(F)(F)F)c2)C1c1ccccc1,"6,600",27,N,1,0,2,1,SP3,FALSE,FALSE,4,8556,8555
mol4407,NC(=O)C[NH2+][C@@H]1CC[C@H](OCc2cc(C(F)(F)F)cc(C(F)(F)F)c2)[C@H]1c1ccccc1,NC(=O)CN[C@@H]1CC[C@H](OCc2cc(C(F)(F)F)cc(C(F)(F)F)c2)[C@H]1c1ccccc1,"6,600",27,N,1,0,2,1,SP3,FALSE,FALSE,4,8558,8557
mol4408,NC(=O)C[NH3+],NCC(N)=O,"8,050",4,N,1,0,3,2,SP3,FALSE,FALSE,4,8559,8560
mol4409,NC(=O)Cc1ccc(C(=O)O)cc1,NC(=O)Cc1ccc(C(=O)[O-])cc1,"4,060",12,O,0,-1,1,0,SP2,FALSE,FALSE,2,8561,8562
mol4411,NC(=O)Cc1cccc[nH+]1,NC(=O)Cc1ccccn1,"4,340",3,N,1,0,1,0,SP2,TRUE,TRUE,4,8563,8564
mol4412,NC(=O)Cc1ccc[nH+]c1,NC(=O)Cc1cccnc1,"4,720",4,N,1,0,1,0,SP2,TRUE,TRUE,4,8565,8566
mol4413,NC(=O)Cc1cc[nH+]cc1,NC(=O)Cc1ccncc1,"5,080",2,N,1,0,1,0,SP2,TRUE,TRUE,4,8567,8568
mol4414,NC(=O)NO,NC(=O)N[O-],"10,650",4,O,0,-1,1,0,SP3,FALSE,FALSE,2,8569,8570
mol4415,NC(=O)[C@@H](O)[C@H]([NH3+])C(=O)[O-],NC(=O)[C@@H](O)[C@H](N)C(=O)[O-],"8,260",9,N,1,0,3,2,SP3,FALSE,FALSE,4,8571,8572
mol4416,NC(=O)[C@@H]([NH3+])Cc1ccccc1,NC(=O)[C@@H](N)Cc1ccccc1,"7,260",11,N,1,0,3,2,SP3,FALSE,FALSE,4,8574,8573
mol4417,NC(=O)[C@@H]1CCC[NH2+]1,NC(=O)[C@@H]1CCCN1,"8,820",3,N,1,0,2,1,SP3,FALSE,TRUE,4,8575,8576
mol4418,NC(=O)[C@H](CCC(=O)O)NC=O,NC(=O)[C@H](CCC(=O)[O-])NC=O,"4,300",4,O,0,-1,1,0,SP2,FALSE,FALSE,2,8577,8578
mol4419,NC(=O)c1ccc(CNC(=O)c2c[nH+]c(Nc3cccc(Cl)c3)cc2C(F)(F)F)cc1,NC(=O)c1ccc(CNC(=O)c2cnc(Nc3cccc(Cl)c3)cc2C(F)(F)F)cc1,"2,630",13,N,1,0,1,0,SP2,TRUE,TRUE,4,8579,8580
mol4420,NC(=O)c1ccc(Nc2c3ccccc3[nH+]c3ccccc23)cc1,NC(=O)c1ccc(Nc2c3ccccc3nc3ccccc23)cc1,"6,470",13,N,1,0,1,0,SP2,TRUE,TRUE,4,8581,8582
mol4421,NC(=O)c1ccccc1C(=O)O,NC(=O)c1ccccc1C(=O)[O-],"3,750",11,O,0,-1,1,0,SP2,FALSE,FALSE,2,8583,8584
mol4422,NC(=O)c1ccccc1O,NC(=O)c1ccccc1[O-],"8,610",9,O,0,-1,1,0,SP2,FALSE,FALSE,2,8585,8586
mol4423,NC(=O)c1ccc[nH+]c1,NC(=O)c1cccnc1,"3,320",4,N,1,0,1,0,SP2,TRUE,TRUE,4,8587,8588
mol4424,NC(=O)c1cc[nH+]cc1,NC(=O)c1ccncc1,"3,570",2,N,1,0,1,0,SP2,TRUE,TRUE,4,8589,8590
mol4425,NC(=O)c1c[nH+]cc2ccccc12,NC(=O)c1cncc2ccccc12,"3,800",7,N,1,0,1,0,SP2,TRUE,TRUE,4,8591,8592
mol4426,NC(=O)c1noc([C@H](CCCC2CCCCC2)CC(=O)NO)n1,NC(=O)c1noc([C@H](CCCC2CCCCC2)CC(=O)N[O-])n1,"9,000",14,O,0,-1,1,0,SP3,FALSE,FALSE,2,8593,8594
mol4427,NC(=S)C(N)=S,[NH-]C(=S)C(N)=S,"10,890",5,N,0,-1,2,1,SP2,FALSE,FALSE,3,8595,8596
mol4428,NC(=S)C[NH3+],NCC(N)=S,"7,270",4,N,1,0,3,2,SP3,FALSE,FALSE,4,8598,8597
mol4429,NC(=[NH+]Cc1c[nH]c2ccccc12)C(Cl)(Cl)Cl,NC(=NCc1c[nH]c2ccccc12)C(Cl)(Cl)Cl,"6,000",10,N,1,0,1,0,SP2,FALSE,FALSE,4,8600,8599
mol4430,NC(=[NH+]c1nsc2ccccc12)c1ccc(Cl)cc1,NC(=Nc1nsc2ccccc12)c1ccc(Cl)cc1,"4,840",9,N,1,0,1,0,SP2,FALSE,FALSE,4,8602,8601
mol4431,NC(=[NH+]c1nsc2ccccc12)c1ccccc1,NC(=Nc1nsc2ccccc12)c1ccccc1,"5,400",7,N,1,0,1,0,SP2,FALSE,FALSE,4,8604,8603
mol4432,NC(=[NH2+])N(CC1CC1)c1c(Br)cccc1Br,N=C(N)N(CC1CC1)c1c(Br)cccc1Br,"11,900",13,N,1,0,2,1,SP2,FALSE,FALSE,4,8605,8606
mol4433,NC(=[NH2+])N(c1ccccc1)c1ccccc1,N=C(N)N(c1ccccc1)c1ccccc1,"10,420",14,N,1,0,2,1,SP2,FALSE,FALSE,4,8607,8608
mol4434,NC(=[NH2+])N1C2CC(OC(=O)C(CO)c3ccccc3)CC1C1OC12,N=C(N)N1C2CC(OC(=O)C(CO)c3ccccc3)CC1C1OC12,"10,840",22,N,1,0,2,1,SP2,FALSE,FALSE,4,8609,8610
mol4435,NC(=[NH2+])N1C2CCC1CC(OC(=O)C(CO)c1ccccc1)C2,N=C(N)N1C2CCC1CC(OC(=O)C(CO)c1ccccc1)C2,"11,600",21,N,1,0,2,1,SP2,FALSE,FALSE,4,8611,8612
mol4436,NC(=[NH2+])N=NCc1ccc(Cl)c(Cl)c1,N=C(N)N=NCc1ccc(Cl)c(Cl)c1,"8,400",10,N,1,0,2,1,SP2,FALSE,FALSE,4,8613,8614
mol4437,NC(=[NH2+])NC(=O)c1ccccc1,N=C(N)NC(=O)c1ccccc1,"6,980",10,N,1,0,2,1,SP2,FALSE,FALSE,4,8616,8615
mol4438,NC(=[NH2+])Oc1ccccc1,N=C(N)Oc1ccccc1,"8,290",8,N,1,0,2,1,SP2,FALSE,FALSE,4,8617,8618
mol4439,NC(=[NH2+])c1ccccc1,N=C(N)c1ccccc1,"11,800",7,N,1,0,2,1,SP2,FALSE,FALSE,4,8619,8620
mol4440,NC(N)=[NH+]c1ccccc1,NC(N)=Nc1ccccc1,"10,835",6,N,1,0,1,0,SP2,FALSE,FALSE,4,8621,8622
mol4441,NC(N)=[NH+]c1nccc(-c2csc(N)n2)n1,NC(N)=Nc1nccc(-c2csc(N)n2)n1,"9,200",12,N,1,0,1,0,SP2,FALSE,FALSE,4,8623,8624
mol4442,NC(Nc1ccccc1)=[NH+]c1ccccc1,NC(=Nc1ccccc1)Nc1ccccc1,"9,940",8,N,1,0,1,0,SP2,FALSE,FALSE,4,8625,8626
mol4443,NC1=NS(=O)N=C1Nc1cccc(-c2csc([NH+]=C(N)N)n2)c1,NC(N)=Nc1nc(-c2cccc(NC3=NS(=O)N=C3N)c2)cs1,"7,550",19,N,1,0,1,0,SP2,FALSE,FALSE,4,8627,8628
mol4444,NC1=[NH+]C(c2ccc(OC(F)F)cc2)(c2cccc(-c3cncnc3)c2)C2=[NH+]CC(F)(F)CN12,NC1=NC(c2ccc(OC(F)F)cc2)(c2cccc(-c3cncnc3)c2)C2=[NH+]CC(F)(F)CN12,"6,100",14,N,1,0,1,0,SP2,FALSE,TRUE,4,8630,8629
mol4445,NC1=[NH+]C(c2ccc(OC(F)F)cc2)(c2cccc(OCCCF)c2)C2=[NH+]CC(F)(F)CN12,NC1=NC(c2ccc(OC(F)F)cc2)(c2cccc(OCCCF)c2)C2=[NH+]CC(F)(F)CN12,"6,500",19,N,1,0,1,0,SP2,FALSE,TRUE,4,8632,8631
mol4446,NC1=[NH+]C(c2cccc(-c3cncnc3)c2)(c2ccnc(C(F)(F)F)c2)c2cccc(F)c21,NC1=NC(c2cccc(-c3cncnc3)c2)(c2ccnc(C(F)(F)F)c2)c2cccc(F)c21,"6,900",14,N,1,0,1,0,SP2,FALSE,TRUE,4,8634,8633
mol4447,NC1=[NH+]C(c2cccc(-c3cncnc3)c2)(c2ccnc(C(F)F)c2)c2cccc(F)c21,NC1=NC(c2cccc(-c3cncnc3)c2)(c2ccnc(C(F)F)c2)c2cccc(F)c21,"6,800",14,N,1,0,1,0,SP2,FALSE,TRUE,4,8636,8635
mol4448,NC1=[NH+]C(c2ccnc(C(F)(F)F)c2)(c2ccc(F)c(-c3cncnc3)c2)c2cccc(F)c21,NC1=NC(c2ccnc(C(F)(F)F)c2)(c2ccc(F)c(-c3cncnc3)c2)c2cccc(F)c21,"6,400",8,N,1,0,1,0,SP2,FALSE,TRUE,4,8638,8637
mol4449,NC1=[NH+]C2(CCc3ccc(NC(=O)c4ccc(Cl)cn4)cc32)CO1,NC1=NC2(CCc3ccc(NC(=O)c4ccc(Cl)cn4)cc32)CO1,"8,300",22,N,1,0,1,0,SP2,FALSE,TRUE,4,8639,8640
mol4450,NC1=[NH+]C2(CCc3ccc(NC(=O)c4ccc(Cl)cn4)cc32)CS1,NC1=NC2(CCc3ccc(NC(=O)c4ccc(Cl)cn4)cc32)CS1,"8,300",22,N,1,0,1,0,SP2,FALSE,TRUE,4,8641,8642
mol4451,NC1=[NH+]C23CCC(NC(=O)c4cccc(Cl)c4)CC2(COC3)CS1,NC1=NC23CCC(NC(=O)c4cccc(Cl)c4)CC2(COC3)CS1,"8,200",22,N,1,0,1,0,SP2,FALSE,TRUE,4,8643,8644
mol4452,NC1=[NH+]C2CCC(NC(=O)c3cccc(Cl)c3)CC2CS1,NC1=NC2CCC(NC(=O)c3cccc(Cl)c3)CC2CS1,"9,700",19,N,1,0,1,0,SP2,FALSE,TRUE,4,8645,8646
mol4453,NC1=[NH+][C@@](c2cccc(-c3cncnc3)c2)(c2ccnc(C(F)F)c2)c2cc(F)cc(F)c21,NC1=N[C@@](c2cccc(-c3cncnc3)c2)(c2ccnc(C(F)F)c2)c2cc(F)cc(F)c21,"6,200",14,N,1,0,1,0,SP2,FALSE,TRUE,4,8648,8647
mol4454,NC1=[NH+][C@@](c2cccc(-c3cncnc3)c2)(c2ccnc(C(F)F)c2)c2cccc(F)c21,NC1=N[C@@](c2cccc(-c3cncnc3)c2)(c2ccnc(C(F)F)c2)c2cccc(F)c21,"7,100",14,N,1,0,1,0,SP2,FALSE,TRUE,4,8650,8649
mol4455,NC1=[NH+][C@@]2(c3cccc(NC(=O)c4ccc(Cl)cn4)c3)C[C@H]2CCS1,NC1=N[C@@]2(c3cccc(NC(=O)c4ccc(Cl)cn4)c3)C[C@H]2CCS1,"8,900",23,N,1,0,1,0,SP2,FALSE,TRUE,4,8651,8652
mol4456,NC1=[NH+][C@](c2ccc(OC(F)F)cc2)(c2cccc(OCCF)c2)C2=[NH+]CC(F)(F)CN12,NC1=N[C@](c2ccc(OC(F)F)cc2)(c2cccc(OCCF)c2)C2=[NH+]CC(F)(F)CN12,"6,500",18,N,1,0,1,0,SP2,FALSE,TRUE,4,8654,8653
mol4457,NC1=[NH+][C@]23CC[C@H](NC(=O)c4cccc(Cl)c4)C[C@@H]2[C@@H](COC3)S1,NC1=N[C@]23CC[C@H](NC(=O)c4cccc(Cl)c4)C[C@@H]2[C@@H](COC3)S1,"9,000",22,N,1,0,1,0,SP2,FALSE,TRUE,4,8655,8656
mol4458,NC1=[NH+]c2c(F)cc(Cl)cc2[C@H]2CCC[C@@H]12,NC1=Nc2c(F)cc(Cl)cc2[C@H]2CCC[C@@H]12,"8,200",12,N,1,0,1,0,SP2,FALSE,TRUE,4,8657,8658
mol4459,NC1=[NH+]c2c(F)cccc2[C@H]2CCC[C@@H]12,NC1=Nc2c(F)cccc2[C@H]2CCC[C@@H]12,"8,500",7,N,1,0,1,0,SP2,FALSE,TRUE,4,8659,8660
mol4460,NC1=[NH+]c2c(F)cccc2[C@H]2CCC[C@@]12F,NC1=Nc2c(F)cccc2[C@H]2CCC[C@@]12F,"6,600",7,N,1,0,1,0,SP2,FALSE,TRUE,4,8662,8661
mol4461,NC1=[NH+]c2c(ccc(F)c2F)[C@H]2CCC[C@@H]12,NC1=Nc2c(ccc(F)c2F)[C@H]2CCC[C@@H]12,"8,000",12,N,1,0,1,0,SP2,FALSE,TRUE,4,8663,8664
mol4462,NC1=[NH+]c2ccc(Cl)cc2[C@H]2CCC[C@@H]12,NC1=Nc2ccc(Cl)cc2[C@H]2CCC[C@@H]12,"9,400",13,N,1,0,1,0,SP2,FALSE,TRUE,4,8665,8666
mol4463,NC1=[NH+]c2ccc(Cl)cc2[C@H]2CCC[C@@]12F,NC1=Nc2ccc(Cl)cc2[C@H]2CCC[C@@]12F,"7,600",13,N,1,0,1,0,SP2,FALSE,TRUE,4,8667,8668
mol4464,NC1=[NH+]c2ccccc2C1,NC1=Nc2ccccc2C1,"8,150",8,N,1,0,1,0,SP2,FALSE,TRUE,4,8669,8670
mol4465,NC1=[NH+]c2ccccc2[C@H]2CCC[C@@H]12,NC1=Nc2ccccc2[C@H]2CCC[C@@H]12,"9,700",12,N,1,0,1,0,SP2,FALSE,TRUE,4,8671,8672
mol4466,NC1=[NH+]c2ccccc2[C@H]2CCC[C@@]12F,NC1=Nc2ccccc2[C@H]2CCC[C@@]12F,"7,900",12,N,1,0,1,0,SP2,FALSE,TRUE,4,8673,8674
mol4467,NC1NC=C[NH2+]1,[NH-]C1NC=C[NH2+]1,"8,460",5,N,0,-1,2,1,SP3,FALSE,FALSE,3,8675,8676
mol4468,[NH3+]CC(F)(F)F,NCC(F)(F)F,"5,700",5,N,1,0,3,2,SP3,FALSE,FALSE,4,8677,8678
mol4469,[NH3+]CC(F)F,NCC(F)F,"7,195",4,N,1,0,3,2,SP3,FALSE,FALSE,4,8679,8680
mol4470,NCCC(F)(F)F,[NH-]CCC(F)(F)F,"8,700",2,N,0,-1,2,1,SP3,FALSE,FALSE,3,8681,8682
mol4471,[NH3+]CC[n+]1cc(Br)c2ccccc2c1,NCC[n+]1cc(Br)c2ccccc2c1,"6,710",13,N,1,0,3,2,SP3,FALSE,FALSE,4,8683,8684
mol4472,[NH3+]CC[n+]1ccc2ccccc2c1,NCC[n+]1ccc2ccccc2c1,"6,850",12,N,1,0,3,2,SP3,FALSE,FALSE,4,8685,8686
mol4473,NNC(=O)C(F)(F)C1(F)OC(F)(F)C(F)(F)C1(F)F,[NH-]NC(=O)C(F)(F)C1(F)OC(F)(F)C(F)(F)C1(F)F,"8,260",18,N,0,-1,2,1,SP3,FALSE,FALSE,3,8687,8688
mol4474,NNC(=O)C[NH3+],NCC(=O)NN,"7,690",5,N,1,0,3,2,SP3,FALSE,FALSE,4,8689,8690
mol4475,NNC(=O)[C@@H]([NH3+])Cc1ccccc1,NNC(=O)[C@@H](N)Cc1ccccc1,"7,060",12,N,1,0,3,2,SP3,FALSE,FALSE,4,8692,8691
mol4476,[NH3+]NC(=O)c1ccccc1,NNC(=O)c1ccccc1,"3,020",9,N,1,0,3,2,SP3,FALSE,FALSE,4,8693,8694
mol4477,[NH3+]NC(=O)c1ccccn1,NNC(=O)c1ccccn1,"2,860",9,N,1,0,3,2,SP3,FALSE,FALSE,4,8695,8696
mol4478,[NH3+]NC(=O)c1cccnc1,NNC(=O)c1cccnc1,"3,270",9,N,1,0,3,2,SP3,FALSE,FALSE,4,8697,8698
mol4479,[NH3+]NC=O,NNC=O,"2,810",3,N,1,0,3,2,SP3,FALSE,FALSE,4,8699,8700
mol4480,N[NH2+]CCCc1ccccc1,NNCCCc1ccccc1,"7,200",9,N,1,0,2,1,SP3,FALSE,FALSE,4,8701,8702
mol4481,[NH3+]NCCO,NNCCO,"7,120",4,N,1,0,3,2,SP3,FALSE,FALSE,4,8703,8704
mol4482,[NH3+]NCCOc1ccccc1,NNCCOc1ccccc1,"6,800",10,N,1,0,3,2,SP3,FALSE,FALSE,4,8705,8706
mol4483,N[NH2+]CCc1ccccc1,NNCCc1ccccc1,"7,250",8,N,1,0,2,1,SP3,FALSE,FALSE,4,8707,8708
mol4484,NNc1[nH+]ncc2ccccc12,NNc1nncc2ccccc12,"5,817",8,N,1,0,1,0,SP2,TRUE,TRUE,4,8709,8710
mol4485,[NH3+]OCc1ccc(Cl)cc1,NOCc1ccc(Cl)cc1,"4,220",8,N,1,0,3,2,SP3,FALSE,FALSE,4,8711,8712
mol4486,[NH3+]OCc1ccccc1,NOCc1ccccc1,"4,340",8,N,1,0,3,2,SP3,FALSE,FALSE,4,8713,8714
mol4487,NP(=O)(O)N(CCCl)CCCl,NP(=O)([O-])N(CCCl)CCCl,"4,767",10,O,0,-1,1,0,SP3,FALSE,FALSE,2,8715,8716
mol4488,[NH3+]S(=O)(=O)C(F)(F)Br,NS(=O)(=O)C(F)(F)Br,"6,530",6,N,1,0,3,2,SP3,FALSE,FALSE,4,8717,8718
mol4489,[NH3+]S(=O)(=O)C(F)(F)Cl,NS(=O)(=O)C(F)(F)Cl,"6,500",6,N,1,0,3,2,SP3,FALSE,FALSE,4,8719,8720
mol4490,NS(=O)(=O)C(F)(F)F,[NH-]S(=O)(=O)C(F)(F)F,"8,015",7,N,0,-1,2,1,SP3,FALSE,FALSE,3,8721,8722
mol4491,[NH3+]S(=O)(=O)C(F)(F)I,NS(=O)(=O)C(F)(F)I,"6,790",6,N,1,0,3,2,SP3,FALSE,FALSE,4,8723,8724
mol4492,[NH3+]S(=O)(=O)C1=NN2CCS(=O)(=O)N=C2S1,NS(=O)(=O)C1=NN2CCS(=O)(=O)N=C2S1,"6,700",14,N,1,0,3,2,SP3,FALSE,FALSE,4,8725,8726
mol4493,NS(=O)(=O)CCc1ccccc1,[NH-]S(=O)(=O)CCc1ccccc1,"10,040",11,N,0,-1,2,1,SP3,FALSE,FALSE,3,8727,8728
mol4494,NS(=O)(=O)Oc1ccc(C(=O)OC2CCCC2)cc1,[NH-]S(=O)(=O)Oc1ccc(C(=O)OC2CCCC2)cc1,"8,730",18,N,0,-1,2,1,SP3,FALSE,FALSE,3,8729,8730
mol4495,NS(=O)(=O)Oc1ccc(C(=O)OC2CCCCC2)cc1,[NH-]S(=O)(=O)Oc1ccc(C(=O)OC2CCCCC2)cc1,"8,810",19,N,0,-1,2,1,SP3,FALSE,FALSE,3,8731,8732
mol4496,NS(=O)(=O)Oc1ccc(C(=O)OC2CCCCCC2)cc1,[NH-]S(=O)(=O)Oc1ccc(C(=O)OC2CCCCCC2)cc1,"8,880",20,N,0,-1,2,1,SP3,FALSE,FALSE,3,8733,8734
mol4497,NS(=O)(=O)Oc1ccc(C(=O)OC2CCCCCCC2)cc1,[NH-]S(=O)(=O)Oc1ccc(C(=O)OC2CCCCCCC2)cc1,"8,090",21,N,0,-1,2,1,SP3,FALSE,FALSE,3,8735,8736
mol4498,NS(=O)(=O)Oc1ccc2c3c(c(=O)oc2c1)CCCCC3,[NH-]S(=O)(=O)Oc1ccc2c3c(c(=O)oc2c1)CCCCC3,"8,270",10,N,0,-1,2,1,SP3,FALSE,FALSE,3,8737,8738
mol4499,NS(=O)(=O)c1cc2c(cc1Cl)NC=NS2(=O)=O,[NH-]S(=O)(=O)c1cc2c(cc1Cl)NC=NS2(=O)=O,"7,633",10,N,0,-1,2,1,SP3,FALSE,FALSE,3,8739,8740
mol4500,NS(=O)(=O)c1cc2c(s1)C(=O)CCS2,[NH-]S(=O)(=O)c1cc2c(s1)C(=O)CCS2,"8,450",8,N,0,-1,2,1,SP3,FALSE,FALSE,3,8741,8742
mol4501,[NH3+]S(=O)(=O)c1cc2c(s1)C(=O)CCS2(=O)=O,NS(=O)(=O)c1cc2c(s1)C(=O)CCS2(=O)=O,"7,320",8,N,1,0,3,2,SP3,FALSE,FALSE,4,8743,8744
mol4502,NS(=O)(=O)c1cc2c(s1)C(O)CCS2,[NH-]S(=O)(=O)c1cc2c(s1)C(O)CCS2,"9,000",8,N,0,-1,2,1,SP3,FALSE,FALSE,3,8745,8746
mol4503,NS(=O)(=O)c1cc2c(s1)C(O)CCS2(=O)=O,[NH-]S(=O)(=O)c1cc2c(s1)C(O)CCS2(=O)=O,"8,340",8,N,0,-1,2,1,SP3,FALSE,FALSE,3,8747,8748
mol4504,NS(=O)(=O)c1cc2c(s1)C(O)CCS2=O,[NH-]S(=O)(=O)c1cc2c(s1)C(O)CCS2=O,"8,820",8,N,0,-1,2,1,SP3,FALSE,FALSE,3,8749,8750
mol4505,NS(=O)(=O)c1cc2c(s1)CC(O)CS2(=O)=O,[NH-]S(=O)(=O)c1cc2c(s1)CC(O)CS2(=O)=O,"8,520",8,N,0,-1,2,1,SP3,FALSE,FALSE,3,8751,8752
mol4506,NS(=O)(=O)c1cc2c(s1)S(=O)(=O)CC(O)C2,[NH-]S(=O)(=O)c1cc2c(s1)S(=O)(=O)CC(O)C2,"8,600",8,N,0,-1,2,1,SP3,FALSE,FALSE,3,8753,8754
mol4507,NS(=O)(=O)c1cc2c(s1)S(=O)(=O)CCC2,[NH-]S(=O)(=O)c1cc2c(s1)S(=O)(=O)CCC2,"8,350",8,N,0,-1,2,1,SP3,FALSE,FALSE,3,8755,8756
mol4508,NS(=O)(=O)c1cc2c(s1)S(=O)(=O)CCC2=O,[NH-]S(=O)(=O)c1cc2c(s1)S(=O)(=O)CCC2=O,"7,920",8,N,0,-1,2,1,SP3,FALSE,FALSE,3,8757,8758
mol4509,NS(=O)(=O)c1cc2c(s1)S(=O)(=O)CCC2O,[NH-]S(=O)(=O)c1cc2c(s1)S(=O)(=O)CCC2O,"8,275",8,N,0,-1,2,1,SP3,FALSE,FALSE,3,8759,8760
mol4510,NS(=O)(=O)c1cc2c(s1)S(=O)(=O)CC[C@@H]2O,[NH-]S(=O)(=O)c1cc2c(s1)S(=O)(=O)CC[C@@H]2O,"8,300",8,N,0,-1,2,1,SP3,FALSE,FALSE,3,8761,8762
mol4511,NS(=O)(=O)c1cc2c(s1)S(=O)(=O)CC[C@H]2O,[NH-]S(=O)(=O)c1cc2c(s1)S(=O)(=O)CC[C@H]2O,"8,350",8,N,0,-1,2,1,SP3,FALSE,FALSE,3,8763,8764
mol4512,NS(=O)(=O)c1cc2c(s1)S(=O)CCC2O,[NH-]S(=O)(=O)c1cc2c(s1)S(=O)CCC2O,"8,680",8,N,0,-1,2,1,SP3,FALSE,FALSE,3,8765,8766
mol4513,NS(=O)(=O)c1cc2c(s1)SC(CCO)CN2,[NH-]S(=O)(=O)c1cc2c(s1)SC(CCO)CN2,"9,620",8,N,0,-1,2,1,SP3,FALSE,FALSE,3,8767,8768
mol4514,NS(=O)(=O)c1cc2c(s1)SCCC2=O,[NH-]S(=O)(=O)c1cc2c(s1)SCCC2=O,"8,600",8,N,0,-1,2,1,SP3,FALSE,FALSE,3,8769,8770
mol4515,NS(=O)(=O)c1cc2c(s1)SCCC2O,[NH-]S(=O)(=O)c1cc2c(s1)SCCC2O,"9,400",8,N,0,-1,2,1,SP3,FALSE,FALSE,3,8771,8772
mol4516,NS(=O)(=O)c1ccc(C(F)(F)F)cc1,[NH-]S(=O)(=O)c1ccc(C(F)(F)F)cc1,"9,400",13,N,0,-1,2,1,SP3,FALSE,FALSE,3,8773,8774
mol4517,NS(=O)(=O)c1ccc(CCCCCO)cc1,[NH-]S(=O)(=O)c1ccc(CCCCCO)cc1,"10,280",15,N,0,-1,2,1,SP3,FALSE,FALSE,3,8775,8776
mol4518,NS(=O)(=O)c1ccc(CCCCO)cc1,[NH-]S(=O)(=O)c1ccc(CCCCO)cc1,"10,320",14,N,0,-1,2,1,SP3,FALSE,FALSE,3,8777,8778
mol4519,NS(=O)(=O)c1ccc(CCCO)cc1,[NH-]S(=O)(=O)c1ccc(CCCO)cc1,"10,230",13,N,0,-1,2,1,SP3,FALSE,FALSE,3,8779,8780
mol4520,NS(=O)(=O)c1ccc(Cl)c(Cl)c1,[NH-]S(=O)(=O)c1ccc(Cl)c(Cl)c1,"8,940",9,N,0,-1,2,1,SP3,FALSE,FALSE,3,8781,8782
mol4521,NS(=O)(=O)c1ccc(Cl)cc1,[NH-]S(=O)(=O)c1ccc(Cl)cc1,"9,725",9,N,0,-1,2,1,SP3,FALSE,FALSE,3,8783,8784
mol4522,NS(=O)(=O)c1ccc(F)cc1,[NH-]S(=O)(=O)c1ccc(F)cc1,"9,340",10,N,0,-1,2,1,SP3,FALSE,FALSE,3,8785,8786
mol4523,NS(=O)(=O)c1ccc(S(=O)(=O)CC(O)CO)cc1,[NH-]S(=O)(=O)c1ccc(S(=O)(=O)CC(O)CO)cc1,"9,350",17,N,0,-1,2,1,SP3,FALSE,FALSE,3,8787,8788
mol4524,NS(=O)(=O)c1ccc(S(=O)(=O)CCCCO)c(F)c1,[NH-]S(=O)(=O)c1ccc(S(=O)(=O)CCCCO)c(F)c1,"9,180",9,N,0,-1,2,1,SP3,FALSE,FALSE,3,8789,8790
mol4525,NS(=O)(=O)c1ccc(S(=O)(=O)CCCCO)cc1,[NH-]S(=O)(=O)c1ccc(S(=O)(=O)CCCCO)cc1,"9,600",17,N,0,-1,2,1,SP3,FALSE,FALSE,3,8791,8792
mol4526,NS(=O)(=O)c1ccc(S(=O)(=O)CCCCO)s1,[NH-]S(=O)(=O)c1ccc(S(=O)(=O)CCCCO)s1,"8,670",16,N,0,-1,2,1,SP3,FALSE,FALSE,3,8793,8794
mol4527,NS(=O)(=O)c1ccc(S(=O)(=O)CCCO)c(F)c1,[NH-]S(=O)(=O)c1ccc(S(=O)(=O)CCCO)c(F)c1,"9,020",9,N,0,-1,2,1,SP3,FALSE,FALSE,3,8795,8796
mol4528,NS(=O)(=O)c1ccc(S(=O)(=O)CCCO)cc1,[NH-]S(=O)(=O)c1ccc(S(=O)(=O)CCCO)cc1,"8,980",16,N,0,-1,2,1,SP3,FALSE,FALSE,3,8797,8798
mol4529,NS(=O)(=O)c1ccc(S(=O)(=O)CCCO)s1,[NH-]S(=O)(=O)c1ccc(S(=O)(=O)CCCO)s1,"8,320",15,N,0,-1,2,1,SP3,FALSE,FALSE,3,8799,8800
mol4530,NS(=O)(=O)c1ccc(S(=O)(=O)CCO)c(F)c1,[NH-]S(=O)(=O)c1ccc(S(=O)(=O)CCO)c(F)c1,"9,000",9,N,0,-1,2,1,SP3,FALSE,FALSE,3,8801,8802
mol4531,NS(=O)(=O)c1ccc(S(=O)(=O)CCO)cc1,[NH-]S(=O)(=O)c1ccc(S(=O)(=O)CCO)cc1,"9,380",15,N,0,-1,2,1,SP3,FALSE,FALSE,3,8803,8804
mol4532,NS(=O)(=O)c1ccc(S(=O)(=O)CCO)s1,[NH-]S(=O)(=O)c1ccc(S(=O)(=O)CCO)s1,"8,650",14,N,0,-1,2,1,SP3,FALSE,FALSE,3,8805,8806
mol4533,NS(=O)(=O)c1ccc(SCCCCCO)cc1,[NH-]S(=O)(=O)c1ccc(SCCCCCO)cc1,"9,250",16,N,0,-1,2,1,SP3,FALSE,FALSE,3,8807,8808
mol4534,NS(=O)(=O)c1ccc(SCCCCO)c(F)c1,[NH-]S(=O)(=O)c1ccc(SCCCCO)c(F)c1,"9,820",9,N,0,-1,2,1,SP3,FALSE,FALSE,3,8809,8810
mol4535,NS(=O)(=O)c1ccc(SCCCCO)cc1,[NH-]S(=O)(=O)c1ccc(SCCCCO)cc1,"10,170",15,N,0,-1,2,1,SP3,FALSE,FALSE,3,8811,8812
mol4536,NS(=O)(=O)c1ccc(SCCCCO)s1,[NH-]S(=O)(=O)c1ccc(SCCCCO)s1,"9,500",14,N,0,-1,2,1,SP3,FALSE,FALSE,3,8813,8814
mol4537,NS(=O)(=O)c1ccc(SCCCO)c(Cl)c1,[NH-]S(=O)(=O)c1ccc(SCCCO)c(Cl)c1,"9,450",9,N,0,-1,2,1,SP3,FALSE,FALSE,3,8815,8816
mol4538,NS(=O)(=O)c1ccc(SCCCO)c(F)c1,[NH-]S(=O)(=O)c1ccc(SCCCO)c(F)c1,"9,640",9,N,0,-1,2,1,SP3,FALSE,FALSE,3,8817,8818
mol4539,NS(=O)(=O)c1ccc(SCCCO)cc1,[NH-]S(=O)(=O)c1ccc(SCCCO)cc1,"10,230",14,N,0,-1,2,1,SP3,FALSE,FALSE,3,8819,8820
mol4540,NS(=O)(=O)c1ccc(SCCCO)s1,[NH-]S(=O)(=O)c1ccc(SCCCO)s1,"9,320",13,N,0,-1,2,1,SP3,FALSE,FALSE,3,8821,8822
mol4541,NS(=O)(=O)c1ccc(SCCO)c(F)c1,[NH-]S(=O)(=O)c1ccc(SCCO)c(F)c1,"9,760",9,N,0,-1,2,1,SP3,FALSE,FALSE,3,8823,8824
mol4542,NS(=O)(=O)c1ccc(SCCO)cc1,[NH-]S(=O)(=O)c1ccc(SCCO)cc1,"9,270",13,N,0,-1,2,1,SP3,FALSE,FALSE,3,8825,8826
mol4543,NS(=O)(=O)c1ccc(SCCO)s1,[NH-]S(=O)(=O)c1ccc(SCCO)s1,"9,460",12,N,0,-1,2,1,SP3,FALSE,FALSE,3,8827,8828
mol4544,NS(=O)(=O)c1cccc(C(F)(F)F)c1,[NH-]S(=O)(=O)c1cccc(C(F)(F)F)c1,"8,980",9,N,0,-1,2,1,SP3,FALSE,FALSE,3,8829,8830
mol4545,NS(=O)(=O)c1cccc(Cl)c1,[NH-]S(=O)(=O)c1cccc(Cl)c1,"9,040",10,N,0,-1,2,1,SP3,FALSE,FALSE,3,8831,8832
mol4546,NS(=O)(=O)c1ccccc1,[NH-]S(=O)(=O)c1ccccc1,"9,700",9,N,0,-1,2,1,SP3,FALSE,FALSE,3,8833,8834
mol4547,NS(=O)(=O)c1nc2ccccc2s1,[NH-]S(=O)(=O)c1nc2ccccc2s1,"7,800",12,N,0,-1,2,1,SP3,FALSE,FALSE,3,8835,8836
mol4548,NS(=O)(=O)c1nccs1,[NH-]S(=O)(=O)c1nccs1,"8,250",8,N,0,-1,2,1,SP3,FALSE,FALSE,3,8837,8838
mol4549,[NH3+]S(=O)(=O)c1nn2c(=O)n(CCCl)c(=O)nc2s1,NS(=O)(=O)c1nn2c(=O)n(CCCl)c(=O)nc2s1,"7,100",17,N,1,0,3,2,SP3,FALSE,FALSE,4,8839,8840
mol4550,[NH3+]S(=O)(=O)c1nn2cc(-c3ccccc3)[nH+]c2s1,NS(=O)(=O)c1nn2cc(-c3ccccc3)[nH+]c2s1,"7,120",17,N,1,0,3,2,SP3,FALSE,FALSE,4,8841,8842
mol4551,NS(=O)(=O)c1nnc(Nc2ccccc2)s1,[NH-]S(=O)(=O)c1nnc(Nc2ccccc2)s1,"9,405",15,N,0,-1,2,1,SP3,FALSE,FALSE,3,8843,8844
mol4552,Nc1[nH+]cc2n1CC(Cc1cccc3c1OCO3)CC2,Nc1ncc2n1CC(Cc1cccc3c1OCO3)CC2,"9,200",15,N,1,0,1,0,SP2,TRUE,TRUE,4,8845,8846
mol4553,NC1=C(CO)C=[N+]([C@@H]2C[C@@H](O)[C@H](CO)O2)C(=O)[NH2+]1,Nc1[nH]c(=O)[n+]([C@@H]2C[C@@H](O)[C@H](CO)O2)cc1CO,"3,550",3,N,1,0,2,1,SP3,FALSE,TRUE,4,8847,8848
mol4554,NC1=C(C2=CCCCC2)C(=O)[NH2+]C(=S)N1,Nc1[nH]c(=S)[nH]c(=O)c1C1=CCCCC1,"7,110",11,N,1,0,2,1,SP3,FALSE,TRUE,4,8849,8850
mol4555,Nc1[nH]c[nH+]c(=S)c1N,Nc1[nH]cnc(=S)c1N,"2,210",6,N,1,0,1,0,SP2,TRUE,TRUE,4,8851,8852
mol4556,Nc1c(CC(=O)O)cccc1C(=O)c1ccc(Br)cc1,Nc1c(CC(=O)[O-])cccc1C(=O)c1ccc(Br)cc1,"4,300",19,O,0,-1,1,0,SP2,FALSE,FALSE,2,8853,8854
mol4557,Nc1c2c([nH+]c3ccccc13)CCCC2,Nc1c2c(nc3ccccc13)CCCC2,"9,910",9,N,1,0,1,0,SP2,TRUE,TRUE,4,8855,8856
mol4558,Nc1c2c(nc[n+]1[O-])[nH+]cn2Cc1ccccc1,Nc1c2c(ncn2Cc2ccccc2)nc[n+]1[O-],"2,400",9,N,1,0,1,0,SP2,TRUE,TRUE,4,8857,8858
mol4559,Nc1c2ccccc2[nH+]c2c(N)cccc12,Nc1c2ccccc2nc2c(N)cccc12,"9,300",13,N,1,0,1,0,SP2,TRUE,TRUE,4,8859,8860
mol4560,Nc1c2ccccc2[nH+]c2ccccc12,Nc1c2ccccc2nc2ccccc12,"9,795",13,N,1,0,1,0,SP2,TRUE,TRUE,4,8861,8862
mol4561,Nc1cc(-c2ccccc2)[nH+]c2ccccc12,Nc1cc(-c2ccccc2)nc2ccccc12,"8,200",15,N,1,0,1,0,SP2,TRUE,TRUE,4,8863,8864
mol4562,Nc1n[nH]c(-c2cc[nH+]c(N)c2)n1,Nc1cc(-c2nc(N)n[nH]2)ccn1,"4,245",2,N,1,0,1,0,SP2,TRUE,TRUE,4,8865,8866
mol4563,Nc1cc(/C=C/c2c[nH]c3ccccc23)[nH+]c2ccccc12,Nc1cc(/C=C/c2c[nH]c3ccccc23)nc2ccccc12,"9,500",20,N,1,0,1,0,SP2,TRUE,TRUE,4,8867,8868
mol4564,Nc1cc(/C=C/c2ccccc2)[nH+]c(/C=C/c2ccccc2)c1,Nc1cc(/C=C/c2ccccc2)nc(/C=C/c2ccccc2)c1,"8,600",9,N,1,0,1,0,SP2,TRUE,TRUE,4,8869,8870
mol4565,Nc1cc(/C=C/c2ccccc2)[nH+]c2ccccc12,Nc1cc(/C=C/c2ccccc2)nc2ccccc12,"9,300",17,N,1,0,1,0,SP2,TRUE,TRUE,4,8871,8872
mol4566,[NH3+]c1cc(Br)cc(Br)c1,Nc1cc(Br)cc(Br)c1,"2,490",8,N,1,0,3,2,SP3,FALSE,FALSE,4,8873,8874
mol4567,Nc1cc(CO)[nH+]c(N2CCc3ccccc3C2)c1,Nc1cc(CO)nc(N2CCc3ccccc3C2)c1,"8,100",15,N,1,0,1,0,SP2,TRUE,TRUE,4,8875,8876
mol4568,Nc1cc(N)c2ccccc2[nH+]1,Nc1cc(N)c2ccccc2n1,"9,450",9,N,1,0,1,0,SP2,TRUE,TRUE,4,8877,8878
mol4569,Nc1cc(N2CCOCC2)nc(N)[nH+]1,Nc1cc(N2CCOCC2)nc(N)n1,"6,730",2,N,1,0,1,0,SP2,TRUE,TRUE,4,8879,8880
mol4570,Nc1cc(N2CCc3ccccc3C2)[nH+]c2c1CCC2,Nc1cc(N2CCc3ccccc3C2)nc2c1CCC2,"9,400",15,N,1,0,1,0,SP2,TRUE,TRUE,4,8881,8882
mol4571,Nc1cc(NCc2ccccc2)nc(N)[nH+]1,Nc1cc(NCc2ccccc2)nc(N)n1,"6,970",11,N,1,0,1,0,SP2,TRUE,TRUE,4,8883,8884
mol4572,Nc1cc(O)n(CCCC[C@H]([NH3+])C(=O)[O-])c1O,Nc1cc(O)n(CCCC[C@H](N)C(=O)[O-])c1O,"7,750",14,N,1,0,3,2,SP3,FALSE,FALSE,4,8885,8886
mol4573,Nc1cc(S(N)(=O)=O)ccc1S(=O)(=O)CCCO,[NH-]S(=O)(=O)c1ccc(S(=O)(=O)CCCO)c(N)c1,"9,150",9,N,0,-1,2,1,SP3,FALSE,FALSE,3,8887,8888
mol4574,Nc1cc(S(N)(=O)=O)ccc1S(=O)(=O)CCO,[NH-]S(=O)(=O)c1ccc(S(=O)(=O)CCO)c(N)c1,"9,500",9,N,0,-1,2,1,SP3,FALSE,FALSE,3,8889,8890
mol4575,[NH3+]c1cc2c(cc1Br)CCCC2,Nc1cc2c(cc1Br)CCCC2,"3,050",6,N,1,0,3,2,SP3,FALSE,FALSE,4,8891,8892
mol4576,Nc1cc2ccccc2c[nH+]1,Nc1cc2ccccc2cn1,"5,050",5,N,1,0,1,0,SP2,TRUE,TRUE,4,8893,8894
mol4577,Nc1cc2ccccc2n[nH+]1,Nc1cc2ccccc2nn1,"3,660",8,N,1,0,1,0,SP2,TRUE,TRUE,4,8895,8896
mol4578,Nc1cc[nH+]c(-c2cc(Cl)ccn2)c1,Nc1ccnc(-c2cc(Cl)ccn2)c1,"7,400",2,N,1,0,1,0,SP2,TRUE,TRUE,4,8898,8897
mol4579,Nc1cc[nH+]c(-c2cccc(Cl)n2)c1,Nc1ccnc(-c2cccc(Cl)n2)c1,"7,700",12,N,1,0,1,0,SP2,TRUE,TRUE,4,8899,8900
mol4580,Nc1cc[nH+]c(-c2ccccn2)c1,Nc1ccnc(-c2ccccn2)c1,"8,100",11,N,1,0,1,0,SP2,TRUE,TRUE,4,8901,8902
mol4581,Nc1cc[nH+]c(N2CCc3ccccc3C2)c1,Nc1ccnc(N2CCc3ccccc3C2)c1,"8,500",15,N,1,0,1,0,SP2,TRUE,TRUE,4,8903,8904
mol4582,Nc1cc[nH+]c2cc(Cl)ccc12,Nc1ccnc2cc(Cl)ccc12,"8,220",6,N,1,0,1,0,SP2,TRUE,TRUE,4,8905,8906
mol4583,Nc1cc[nH+]cc1,Nc1ccncc1,"9,145",2,N,1,0,1,0,SP2,TRUE,TRUE,4,8907,8908
mol4584,Nc1cc[nH+]cc1Br,Nc1ccncc1Br,"7,150",2,N,1,0,1,0,SP2,TRUE,TRUE,4,8910,8909
mol4585,Nc1cc[nH+]cc1F,Nc1ccncc1F,"4,770",2,N,1,0,1,0,SP2,TRUE,TRUE,4,8912,8911
mol4586,Nc1cc[nH+]cc1N,Nc1ccncc1N,"9,060",2,N,1,0,1,0,SP2,TRUE,TRUE,4,8913,8914
mol4587,[NH3+]c1ccc(-c2ccccc2)cc1,Nc1ccc(-c2ccccc2)cc1,"4,380",12,N,1,0,3,2,SP3,FALSE,FALSE,4,8915,8916
mol4588,[NH3+]c1ccc(-c2cnc(-c3ccc(Br)cc3)o2)cc1,Nc1ccc(-c2cnc(-c3ccc(Br)cc3)o2)cc1,"3,510",18,N,1,0,3,2,SP3,FALSE,FALSE,4,8917,8918
mol4589,[NH3+]c1ccc(-c2cnc(-c3ccc(Cl)cc3)o2)cc1,Nc1ccc(-c2cnc(-c3ccc(Cl)cc3)o2)cc1,"3,520",18,N,1,0,3,2,SP3,FALSE,FALSE,4,8919,8920
mol4590,[NH3+]c1ccc(-c2cnc(-c3ccccc3)o2)cc1,Nc1ccc(-c2cnc(-c3ccccc3)o2)cc1,"3,680",17,N,1,0,3,2,SP3,FALSE,FALSE,4,8921,8922
mol4591,[NH3+]c1ccc(-c2nc3ccccc3s2)cc1,Nc1ccc(-c2nc3ccccc3s2)cc1,"3,000",15,N,1,0,3,2,SP3,FALSE,FALSE,4,8923,8924
mol4592,[NH3+]c1ccc(-c2ncc(-c3ccc(Br)cc3)o2)cc1,Nc1ccc(-c2ncc(-c3ccc(Br)cc3)o2)cc1,"2,800",18,N,1,0,3,2,SP3,FALSE,FALSE,4,8925,8926
mol4593,[NH3+]c1ccc(-c2ncc(-c3ccc(Cl)cc3)o2)cc1,Nc1ccc(-c2ncc(-c3ccc(Cl)cc3)o2)cc1,"2,870",18,N,1,0,3,2,SP3,FALSE,FALSE,4,8927,8928
mol4594,[NH3+]c1ccc(-c2ncc(-c3ccccc3)o2)cc1,Nc1ccc(-c2ncc(-c3ccccc3)o2)cc1,"3,010",17,N,1,0,3,2,SP3,FALSE,FALSE,4,8929,8930
mol4595,[NH3+]c1ccc(/N=N/c2ccccc2)cc1,Nc1ccc(/N=N/c2ccccc2)cc1,"2,820",14,N,1,0,3,2,SP3,FALSE,FALSE,4,8931,8932
mol4596,[NH3+]c1ccc(Br)cc1,Nc1ccc(Br)cc1,"3,790",6,N,1,0,3,2,SP3,FALSE,FALSE,4,8933,8934
mol4597,[NH3+]c1ccc(Br)cc1Br,Nc1ccc(Br)cc1Br,"2,300",8,N,1,0,3,2,SP3,FALSE,FALSE,4,8935,8936
mol4598,Nc1ccc(C(=O)O)c(Cl)c1,Nc1ccc(C(=O)[O-])c(Cl)c1,"3,905",10,O,0,-1,1,0,SP2,FALSE,FALSE,2,8937,8938
mol4599,Nc1ccc(C(=O)O)c(F)c1,Nc1ccc(C(=O)[O-])c(F)c1,"4,130",10,O,0,-1,1,0,SP2,FALSE,FALSE,2,8939,8940
mol4600,Nc1ccc(C(=O)O)cc1Br,Nc1ccc(C(=O)[O-])cc1Br,"4,275",8,O,0,-1,1,0,SP2,FALSE,FALSE,2,8941,8942
mol4601,Nc1ccc(C(=O)O)cc1C(=O)c1ccccc1,Nc1ccc(C(=O)[O-])cc1C(=O)c1ccccc1,"4,340",17,O,0,-1,1,0,SP2,FALSE,FALSE,2,8943,8944
mol4602,Nc1ccc(C(=O)O)cc1Cl,Nc1ccc(C(=O)[O-])cc1Cl,"4,350",8,O,0,-1,1,0,SP2,FALSE,FALSE,2,8945,8946
mol4603,Nc1ccc(C(=O)O)cc1F,Nc1ccc(C(=O)[O-])cc1F,"4,350",8,O,0,-1,1,0,SP2,FALSE,FALSE,2,8947,8948
mol4604,Nc1ccc(C(=O)O)cc1I,Nc1ccc(C(=O)[O-])cc1I,"4,340",8,O,0,-1,1,0,SP2,FALSE,FALSE,2,8949,8950
mol4605,Nc1ccc(C(=O)[O-])c[nH+]1,Nc1ccc(C(=O)[O-])cn1,"6,200",3,N,1,0,1,0,SP2,TRUE,TRUE,4,8951,8952
mol4606,[NH3+]c1ccc(C(=O)c2ccccc2)cc1,Nc1ccc(C(=O)c2ccccc2)cc1,"2,240",14,N,1,0,3,2,SP3,FALSE,FALSE,4,8953,8954
mol4607,[NH3+]c1ccc(C(F)(F)F)cc1,Nc1ccc(C(F)(F)F)cc1,"2,570",10,N,1,0,3,2,SP3,FALSE,FALSE,4,8955,8956
mol4608,[NH3+]c1ccc(Cl)c2ccccc12,Nc1ccc(Cl)c2ccccc12,"3,400",11,N,1,0,3,2,SP3,FALSE,FALSE,4,8957,8958
mol4609,[NH3+]c1ccc(Cl)cc1,Nc1ccc(Cl)cc1,"3,975",6,N,1,0,3,2,SP3,FALSE,FALSE,4,8959,8960
mol4610,Nc1cc(Cl)ccc1[NH3+],Nc1ccc(Cl)cc1N,"4,300",8,N,1,0,3,2,SP3,FALSE,FALSE,4,8961,8962
mol4611,Nc1ccc(Cl)c[nH+]1,Nc1ccc(Cl)cn1,"4,830",3,N,1,0,1,0,SP2,TRUE,TRUE,4,8963,8964
mol4612,[NH3+]c1ccc(F)cc1,Nc1ccc(F)cc1,"4,645",6,N,1,0,3,2,SP3,FALSE,FALSE,4,8965,8966
mol4613,[NH3+]c1ccc(I)cc1,Nc1ccc(I)cc1,"3,790",6,N,1,0,3,2,SP3,FALSE,FALSE,4,8967,8968
mol4614,Nc1ccc(N2CCc3ccccc3C2)[nH+]c1,Nc1ccc(N2CCc3ccccc3C2)nc1,"5,800",15,N,1,0,1,0,SP2,TRUE,TRUE,4,8969,8970
mol4615,Nc1ccc(S(=O)(=O)[NH2+]c2ncco2)cc1,Nc1ccc(S(=O)(=O)Nc2ncco2)cc1,"6,500",10,N,1,0,2,1,SP3,FALSE,FALSE,4,8971,8972
mol4616,Nc1ccc(S(=O)(=O)[NH2+]c2nccs2)c(Cl)c1,Nc1ccc(S(=O)(=O)Nc2nccs2)c(Cl)c1,"6,950",11,N,1,0,2,1,SP3,FALSE,FALSE,4,8973,8974
mol4617,Nc1ccc(S(=O)(=O)[NH2+]c2nccs2)cc1/N=N/c1ccccc1,Nc1ccc(S(=O)(=O)Nc2nccs2)cc1/N=N/c1ccccc1,"5,850",18,N,1,0,2,1,SP3,FALSE,FALSE,4,8975,8976
mol4618,Nc1ccc(S(=O)(=O)[NH2+]c2nncs2)cc1,Nc1ccc(S(=O)(=O)Nc2nncs2)cc1,"4,770",10,N,1,0,2,1,SP3,FALSE,FALSE,4,8977,8978
mol4619,Nc1ccc(S(=O)(=O)c2ccc(C(=O)O)cc2)cc1,Nc1ccc(S(=O)(=O)c2ccc(C(=O)[O-])cc2)cc1,"3,600",8,O,0,-1,1,0,SP2,FALSE,FALSE,2,8979,8980
mol4620,[NH3+]c1ccc2[nH]c(=O)[nH]c2c1,Nc1ccc2[nH]c(=O)[nH]c2c1,"5,000",6,N,1,0,3,2,SP3,FALSE,FALSE,4,8981,8982
mol4621,[NH3+]c1ccc2[nH]ncc2c1,Nc1ccc2[nH]ncc2c1,"5,150",6,N,1,0,3,2,SP3,FALSE,FALSE,4,8983,8984
mol4622,Nc1ccc2c(Cl)c3ccccc3[nH+]c2c1,Nc1ccc2c(Cl)c3ccccc3nc2c1,"6,740",13,N,1,0,1,0,SP2,TRUE,TRUE,4,8985,8986
mol4623,Nc1ccc2c(N)c3ccccc3[nH+]c2c1,Nc1ccc2c(N)c3ccccc3nc2c1,"11,490",13,N,1,0,1,0,SP2,TRUE,TRUE,4,8987,8988
mol4624,[NH3+]c1ccc2c(c1)-c1c(ccc3ccccc13)C2,Nc1ccc2c(c1)-c1c(ccc3ccccc13)C2,"4,670",17,N,1,0,3,2,SP3,FALSE,FALSE,4,8989,8990
mol4625,[NH3+]c1ccc2c(c1)-c1ccccc1C2,Nc1ccc2c(c1)-c1ccccc1C2,"4,680",13,N,1,0,3,2,SP3,FALSE,FALSE,4,8991,8992
mol4626,[NH3+]c1ccc2c(c1)CCC2,Nc1ccc2c(c1)CCC2,"5,350",6,N,1,0,3,2,SP3,FALSE,FALSE,4,8993,8994
mol4627,[NH3+]c1ccc2c(c1)CCCC2,Nc1ccc2c(c1)CCCC2,"5,200",6,N,1,0,3,2,SP3,FALSE,FALSE,4,8995,8996
mol4628,[NH3+]c1ccc2c(c1)Cc1c(F)cccc1-2,Nc1ccc2c(c1)Cc1c(F)cccc1-2,"3,540",14,N,1,0,3,2,SP3,FALSE,FALSE,4,8997,8998
mol4629,[NH3+]c1ccc2c(c1Br)CCCC2,Nc1ccc2c(c1Br)CCCC2,"3,050",11,N,1,0,3,2,SP3,FALSE,FALSE,4,8999,9000
mol4631,Nc1ccc2cc3cc(Cl)ccc3[nH+]c2c1,Nc1ccc2cc3cc(Cl)ccc3nc2c1,"6,950",13,N,1,0,1,0,SP2,TRUE,TRUE,4,9001,9002
mol4632,Nc1ccc2cc3ccc(Cl)cc3[nH+]c2c1,Nc1ccc2cc3ccc(Cl)cc3nc2c1,"7,260",13,N,1,0,1,0,SP2,TRUE,TRUE,4,9003,9004
mol4634,Nc1ccc2cc3ccc4ccccc4c3[nH+]c2c1,Nc1ccc2cc3ccc4ccccc4c3nc2c1,"6,720",10,N,1,0,1,0,SP2,TRUE,TRUE,4,9005,9006
mol4636,Nc1ccc2ccc[nH+]c2c1,Nc1ccc2cccnc2c1,"6,650",8,N,1,0,1,0,SP2,TRUE,TRUE,4,9007,9008
mol4637,[NH3+]c1ccc2ccnnc2c1,Nc1ccc2ccnnc2c1,"4,850",10,N,1,0,3,2,SP3,FALSE,FALSE,4,9009,9010
mol4638,[NH3+]c1ccc2cn[nH]c2c1,Nc1ccc2cn[nH]c2c1,"4,355",9,N,1,0,3,2,SP3,FALSE,FALSE,4,9011,9012
mol4639,Nc1ccc2c[nH+]c3ccccc3c2c1,Nc1ccc2cnc3ccccc3c2c1,"6,880",13,N,1,0,1,0,SP2,TRUE,TRUE,4,9013,9014
mol4640,Nc1ccc2c[nH+]ccc2c1,Nc1ccc2cnccc2c1,"7,170",4,N,1,0,1,0,SP2,TRUE,TRUE,4,9015,9016
mol4641,Nc1ccc2c[nH+]cnc2c1,Nc1ccc2cncnc2c1,"4,600",4,N,1,0,1,0,SP2,TRUE,TRUE,4,9017,9018
mol4642,[NH3+]c1ccc2nc3ccccc3nc2c1,Nc1ccc2nc3ccccc3nc2c1,"4,520",14,N,1,0,3,2,SP3,FALSE,FALSE,4,9019,9020
mol4643,[NH3+]c1ccc2nccnc2c1,Nc1ccc2nccnc2c1,"2,950",6,N,1,0,3,2,SP3,FALSE,FALSE,4,9021,9022
mol4644,[NH3+]c1ccc2ncncc2c1,Nc1ccc2ncncc2c1,"3,290",6,N,1,0,3,2,SP3,FALSE,FALSE,4,9023,9024
mol4645,Nc1ccc2n[nH+]c3ccccc3c2c1,Nc1ccc2nnc3ccccc3c2c1,"6,680",13,N,1,0,1,0,SP2,TRUE,TRUE,4,9025,9026
mol4646,Nc1ccc2n[nH+]ccc2c1,Nc1ccc2nnccc2c1,"5,040",6,N,1,0,1,0,SP2,TRUE,TRUE,4,9027,9028
mol4647,[NH3+]c1cccc(-c2ccccc2)c1,Nc1cccc(-c2ccccc2)c1,"4,280",12,N,1,0,3,2,SP3,FALSE,FALSE,4,9029,9030
mol4648,Nc1cccc(-c2ccccn2)[nH+]1,Nc1cccc(-c2ccccn2)n1,"5,800",11,N,1,0,1,0,SP2,TRUE,TRUE,4,9031,9032
mol4649,[NH3+]c1cccc(-c2nc3ccccc3s2)c1,Nc1cccc(-c2nc3ccccc3s2)c1,"3,400",15,N,1,0,3,2,SP3,FALSE,FALSE,4,9033,9034
mol4650,[NH3+]c1cccc(Br)c1,Nc1cccc(Br)c1,"3,410",7,N,1,0,3,2,SP3,FALSE,FALSE,4,9035,9036
mol4651,[NH3+]c1cccc(C(F)(F)F)c1,Nc1cccc(C(F)(F)F)c1,"3,490",6,N,1,0,3,2,SP3,FALSE,FALSE,4,9037,9038
mol4652,[NH3+]c1cccc(Cl)c1,Nc1cccc(Cl)c1,"3,590",7,N,1,0,3,2,SP3,FALSE,FALSE,4,9039,9040
mol4653,Nc1cccc(Cn2c(-c3ccc(Nc4cncnc4)cc3)ccc2-c2ccccc2Cl)[nH+]1,Nc1cccc(Cn2c(-c3ccc(Nc4cncnc4)cc3)ccc2-c2ccccc2Cl)n1,"6,860",17,N,1,0,1,0,SP2,TRUE,TRUE,4,9041,9042
mol4654,Nc1cccc(Cn2c(-c3ccc(Oc4ccccc4)cc3)ccc2-c2ccccc2Cl)[nH+]1,Nc1cccc(Cn2c(-c3ccc(Oc4ccccc4)cc3)ccc2-c2ccccc2Cl)n1,"6,860",24,N,1,0,1,0,SP2,TRUE,TRUE,4,9043,9044
mol4655,Nc1cccc(Cn2c(-c3ccc(Oc4ccccn4)cc3)ccc2-c2ccccc2Cl)[nH+]1,Nc1cccc(Cn2c(-c3ccc(Oc4ccccn4)cc3)ccc2-c2ccccc2Cl)n1,"6,860",17,N,1,0,1,0,SP2,TRUE,TRUE,4,9045,9046
mol4656,Nc1cccc(Cn2c(-c3ccc(Oc4cccnn4)cc3)ccc2-c2ccccc2Cl)[nH+]1,Nc1cccc(Cn2c(-c3ccc(Oc4cccnn4)cc3)ccc2-c2ccccc2Cl)n1,"6,860",17,N,1,0,1,0,SP2,TRUE,TRUE,4,9047,9048
mol4657,Nc1cccc(Cn2c(-c3ccc(Oc4cccs4)cc3)ccc2-c2ccccc2Cl)[nH+]1,Nc1cccc(Cn2c(-c3ccc(Oc4cccs4)cc3)ccc2-c2ccccc2Cl)n1,"6,860",17,N,1,0,1,0,SP2,TRUE,TRUE,4,9049,9050
mol4658,Nc1cccc(Cn2c(-c3ccc(Oc4cnccn4)cc3)ccc2-c2ccccc2Cl)[nH+]1,Nc1cccc(Cn2c(-c3ccc(Oc4cnccn4)cc3)ccc2-c2ccccc2Cl)n1,"6,860",17,N,1,0,1,0,SP2,TRUE,TRUE,4,9051,9052
mol4659,Nc1cccc(Cn2c(-c3ccc(Oc4cncnc4)cc3)ccc2-c2ccccc2Cl)[nH+]1,Nc1cccc(Cn2c(-c3ccc(Oc4cncnc4)cc3)ccc2-c2ccccc2Cl)n1,"6,860",17,N,1,0,1,0,SP2,TRUE,TRUE,4,9053,9054
mol4660,Nc1cccc(Cn2c(-c3ccccc3)ccc2-c2ccc(C(=O)NC3CC3)cc2)[nH+]1,Nc1cccc(Cn2c(-c3ccccc3)ccc2-c2ccc(C(=O)NC3CC3)cc2)n1,"6,860",17,N,1,0,1,0,SP2,TRUE,TRUE,4,9055,9056
mol4661,Nc1cccc(Cn2c(-c3ccccc3)ccc2-c2ccc(C(=O)NC3CCC3)cc2)[nH+]1,Nc1cccc(Cn2c(-c3ccccc3)ccc2-c2ccc(C(=O)NC3CCC3)cc2)n1,"6,860",17,N,1,0,1,0,SP2,TRUE,TRUE,4,9057,9058
mol4662,Nc1cccc(Cn2c(-c3ccccc3)ccc2-c2ccccc2)[nH+]1,Nc1cccc(Cn2c(-c3ccccc3)ccc2-c2ccccc2)n1,"6,860",17,N,1,0,1,0,SP2,TRUE,TRUE,4,9059,9060
mol4663,[NH3+]c1cccc(F)c1,Nc1cccc(F)c1,"3,495",7,N,1,0,3,2,SP3,FALSE,FALSE,4,9061,9062
mol4664,[NH3+]c1cccc(I)c1,Nc1cccc(I)c1,"3,590",7,N,1,0,3,2,SP3,FALSE,FALSE,4,9063,9064
mol4665,Nc1cccc(N2CCc3ccccc3C2)[nH+]1,Nc1cccc(N2CCc3ccccc3C2)n1,"6,000",15,N,1,0,1,0,SP2,TRUE,TRUE,4,9065,9066
mol4666,Nc1cccc2[nH+]c3ccccc3c(N)c12,Nc1cccc2nc3ccccc3c(N)c12,"11,000",13,N,1,0,1,0,SP2,TRUE,TRUE,4,9067,9068
mol4668,[NH3+]c1cccc2[nH]ncc12,Nc1cccc2[nH]ncc12,"3,290",9,N,1,0,3,2,SP3,FALSE,FALSE,4,9069,9070
mol4669,[NH3+]c1cccc2c1CCCC2,Nc1cccc2c1CCCC2,"4,500",6,N,1,0,3,2,SP3,FALSE,FALSE,4,9071,9072
mol4670,Nc1cccc2c1ccc1[nH+]cccc12,Nc1cccc2c1ccc1ncccc12,"5,200",7,N,1,0,1,0,SP2,TRUE,TRUE,4,9073,9074
mol4671,Nc1cccc2cc3ccccc3[nH+]c12,Nc1cccc2cc3ccccc3nc12,"4,400",13,N,1,0,1,0,SP2,TRUE,TRUE,4,9075,9076
mol4672,[NH3+]c1cccc2ccccc12,Nc1cccc2ccccc12,"3,920",10,N,1,0,3,2,SP3,FALSE,FALSE,4,9077,9078
mol4673,Nc1cccc2ccc[nH+]c12,Nc1cccc2cccnc12,"4,010",6,N,1,0,1,0,SP2,TRUE,TRUE,4,9079,9080
mol4674,Nc1cccc2cc[nH+]cc12,Nc1cccc2ccncc12,"6,060",5,N,1,0,1,0,SP2,TRUE,TRUE,4,9081,9082
mol4675,Nc1cccc2cc[nH+]nc12,Nc1cccc2ccnnc12,"3,680",5,N,1,0,1,0,SP2,TRUE,TRUE,4,9083,9084
mol4676,Nc1cccc2c[nH+]cnc12,Nc1cccc2cncnc12,"2,810",4,N,1,0,1,0,SP2,TRUE,TRUE,4,9085,9086
mol4677,Nc1cccc2[nH+]c3ccccc3cc12,Nc1cccc2nc3ccccc3cc12,"6,040",13,N,1,0,1,0,SP2,TRUE,TRUE,4,9087,9088
mol4678,Nc1cccc2[nH+]cccc12,Nc1cccc2ncccc12,"5,460",7,N,1,0,1,0,SP2,TRUE,TRUE,4,9089,9090
mol4679,Nc1cccc2[nH+]ccnc12,Nc1cccc2nccnc12,"2,620",6,N,1,0,1,0,SP2,TRUE,TRUE,4,9091,9092
mol4680,Nc1cccc2nc[nH+]cc12,Nc1cccc2ncncc12,"3,570",5,N,1,0,1,0,SP2,TRUE,TRUE,4,9093,9094
mol4681,Nc1cccc2n[nH+]ccc12,Nc1cccc2nnccc12,"2,700",6,N,1,0,1,0,SP2,TRUE,TRUE,4,9095,9096
mol4682,[NH3+]c1ccccc1,Nc1ccccc1,"4,600",6,N,1,0,3,2,SP3,FALSE,FALSE,4,9097,9098
mol4683,[NH3+]c1ccccc1-c1ccccc1,Nc1ccccc1-c1ccccc1,"3,810",12,N,1,0,3,2,SP3,FALSE,FALSE,4,9099,9100
mol4684,[NH3+]c1ccccc1-c1nc2ccccc2s1,Nc1ccccc1-c1nc2ccccc2s1,"2,600",15,N,1,0,3,2,SP3,FALSE,FALSE,4,9101,9102
mol4685,[NH3+]c1ccccc1Br,Nc1ccccc1Br,"2,400",6,N,1,0,3,2,SP3,FALSE,FALSE,4,9103,9104
mol4686,Nc1ccccc1C(=O)O,Nc1ccccc1C(=O)[O-],"3,475",8,O,0,-1,1,0,SP2,FALSE,FALSE,2,9105,9106
mol4687,[NH3+]c1ccccc1Cl,Nc1ccccc1Cl,"2,640",6,N,1,0,3,2,SP3,FALSE,FALSE,4,9107,9108
mol4688,[NH3+]c1ccccc1F,Nc1ccccc1F,"3,080",6,N,1,0,3,2,SP3,FALSE,FALSE,4,9109,9110
mol4689,Nc1ccccc1[NH3+],Nc1ccccc1N,"4,430",7,N,1,0,3,2,SP3,FALSE,FALSE,4,9111,9112
mol4690,Nc1cccc[nH+]1,Nc1ccccn1,"6,843",3,N,1,0,1,0,SP2,TRUE,TRUE,4,9113,9114
mol4691,Nc1ccc[nH+]c1,Nc1cccnc1,"6,055",4,N,1,0,1,0,SP2,TRUE,TRUE,4,9115,9116
mol4692,Nc1cccnc1C(=O)O,Nc1cccnc1C(=O)[O-],"7,180",8,O,0,-1,1,0,SP2,FALSE,FALSE,2,9117,9118
mol4693,Nc1ccc[nH+]c1N,Nc1cccnc1N,"6,840",4,N,1,0,1,0,SP2,TRUE,TRUE,4,9119,9120
mol4694,Nc1ccc[nH+]c1N1CCc2ccccc2C1,Nc1cccnc1N1CCc2ccccc2C1,"5,000",15,N,1,0,1,0,SP2,TRUE,TRUE,4,9121,9122
mol4695,Nc1cccn[nH+]1,Nc1cccnn1,"5,190",3,N,1,0,1,0,SP2,TRUE,TRUE,4,9123,9124
mol4696,Nc1ccn(C2CC(F)C(CO)O2)c(=O)[nH+]1,Nc1ccn(C2CC(F)C(CO)O2)c(=O)n1,"4,220",5,N,1,0,1,0,SP2,TRUE,TRUE,4,9125,9126
mol4697,Nc1ccn([C@H]2CC[C@@H](CO)O2)c(=O)[nH+]1,Nc1ccn([C@H]2CC[C@@H](CO)O2)c(=O)n1,"4,420",5,N,1,0,1,0,SP2,TRUE,TRUE,4,9127,9128
mol4698,Nc1cc[nH+][nH]1,Nc1ccn[nH]1,"4,110",2,N,1,0,1,0,SP2,TRUE,TRUE,4,9129,9130
mol4699,Nc1cc[nH+]c(N)n1,Nc1ccnc(N)n1,"7,260",2,N,1,0,1,0,SP2,TRUE,TRUE,4,9131,9132
mol4700,Nc1cc[nH+]cn1,Nc1ccncn1,"5,705",2,N,1,0,1,0,SP2,TRUE,TRUE,4,9133,9134
mol4701,Nc1cc[nH+]nc1,Nc1ccnnc1,"6,690",2,N,1,0,1,0,SP2,TRUE,TRUE,4,9135,9136
mol4702,Nc1c[nH][nH+]c1,Nc1cn[nH]c1,"5,570",3,N,1,0,1,0,SP2,TRUE,TRUE,4,9137,9138
mol4703,Nc1c[nH+]c2cc3ccccc3cc2c1,Nc1cnc2cc3ccccc3cc2c1,"4,780",13,N,1,0,1,0,SP2,TRUE,TRUE,4,9139,9140
mol4704,Nc1cnc2ccccc2[nH+]1,Nc1cnc2ccccc2n1,"3,930",9,N,1,0,1,0,SP2,TRUE,TRUE,4,9141,9142
mol4705,Nc1c[nH+]cc2ccccc12,Nc1cncc2ccccc12,"6,280",7,N,1,0,1,0,SP2,TRUE,TRUE,4,9143,9144
mol4706,Nc1cncc[nH+]1,Nc1cnccn1,"3,140",2,N,1,0,1,0,SP2,TRUE,TRUE,4,9145,9146
mol4707,Nc1c[nH+]cn1[C@H]1O[C@@H](CO)[C@H](O)[C@@H]1O,Nc1cncn1[C@H]1O[C@@H](CO)[C@H](O)[C@@H]1O,"6,050",4,N,1,0,1,0,SP2,TRUE,TRUE,4,9147,9148
mol4709,Nc1cn[nH+]c2ccccc12,Nc1cnnc2ccccc12,"6,840",9,N,1,0,1,0,SP2,TRUE,TRUE,4,9149,9150
mol4710,Nc1n[nH]c(-c2cc[nH+]cc2)n1,Nc1n[nH]c(-c2ccncc2)n1,"3,560",2,N,1,0,1,0,SP2,TRUE,TRUE,4,9151,9152
mol4711,Nc1[nH][nH+]c(N)c1/N=N/c1ccccc1,Nc1n[nH]c(N)c1/N=N/c1ccccc1,"3,430",11,N,1,0,1,0,SP2,TRUE,TRUE,4,9153,9154
mol4712,Nc1[nH][nH+]c(N)c1/N=N/c1ccccc1O,Nc1n[nH]c(N)c1/N=N/c1ccccc1O,"5,865",11,N,1,0,1,0,SP2,TRUE,TRUE,4,9155,9156
mol4713,Nc1[nH+][nH]c2ccccc12,Nc1n[nH]c2ccccc12,"3,150",7,N,1,0,1,0,SP2,TRUE,TRUE,4,9157,9158
mol4714,Nc1[nH]c(NCc2ccccc2)cc(=S)[nH+]1,Nc1nc(=S)cc(NCc2ccccc2)[nH]1,"3,330",12,N,1,0,1,0,SP2,TRUE,TRUE,4,9159,9160
mol4716,Nc1nc(C(F)(F)F)c2[nH]cnc2n1,Nc1nc(C(F)(F)F)c2[n-]cnc2n1,"8,870",1,N,0,-1,1,0,SP2,TRUE,TRUE,3,9161,9162
mol4717,Nc1nc(Cl)cc(NCc2ccccc2)[nH+]1,Nc1nc(Cl)cc(NCc2ccccc2)n1,"3,560",13,N,1,0,1,0,SP2,TRUE,TRUE,4,9163,9164
mol4718,NC1=NC(=O)[NH2+]C(N)=N1,Nc1nc(N)[nH]c(=O)n1,"6,950",1,N,1,0,2,1,SP3,FALSE,TRUE,4,9165,9166
mol4719,Nc1nc2nc(N)[nH+]c(N)c2[nH]1,Nc1nc(N)c2[nH]c(N)nc2n1,"4,320",2,N,1,0,1,0,SP2,TRUE,TRUE,4,9167,9168
mol4721,Nc1nc2c(cnn2-c2ccccc2)c(N)[nH+]1,Nc1nc(N)c2cnn(-c3ccccc3)c2n1,"4,490",12,N,1,0,1,0,SP2,TRUE,TRUE,4,9169,9170
mol4722,Nc1nc(Nc2ccccc2)nc(N)[nH+]1,Nc1nc(N)nc(Nc2ccccc2)n1,"4,650",10,N,1,0,1,0,SP2,TRUE,TRUE,4,9171,9172
mol4723,Nc1nc(NCc2ccccc2)cc(Oc2ccc(Cl)cc2)[nH+]1,Nc1nc(NCc2ccccc2)cc(Oc2ccc(Cl)cc2)n1,"4,770",11,N,1,0,1,0,SP2,TRUE,TRUE,4,9173,9174
mol4724,Nc1nc2c(ncn2[C@@H]2C=C[C@H](CO)C2)c(=O)[nH]1,Nc1nc2c(ncn2[C@@H]2C=C[C@H](CO)C2)c(=O)[n-]1,"9,680",5,N,0,-1,1,0,SP2,TRUE,TRUE,3,9175,9176
mol4725,Nc1nc2c(ncn2[C@H]2O[C@@H](CO)[C@H](O)[C@@H]2O)c(=O)[nH]1,Nc1nc2c(ncn2[C@H]2O[C@@H](CO)[C@H](O)[C@@H]2O)c(=O)[n-]1,"9,410",5,N,0,-1,1,0,SP2,TRUE,TRUE,3,9177,9178
mol4727,Nc1[nH]c2cc3ccccc3cc2[nH+]1,Nc1nc2cc3ccccc3cc2[nH]1,"7,010",12,N,1,0,1,0,SP2,TRUE,TRUE,4,9179,9180
mol4728,Nc1[nH+]c2ccc(OC(F)(F)F)cc2s1,Nc1nc2ccc(OC(F)(F)F)cc2s1,"6,500",13,N,1,0,1,0,SP2,TRUE,TRUE,4,9181,9182
mol4730,Nc1[nH+]c2ccccc2c2ccccc12,Nc1nc2ccccc2c2ccccc12,"7,310",12,N,1,0,1,0,SP2,TRUE,TRUE,4,9183,9184
mol4731,Nc1nc2ccccc2[nH+]c1N,Nc1nc2ccccc2nc1N,"4,700",9,N,1,0,1,0,SP2,TRUE,TRUE,4,9185,9186
mol4732,Nc1[nH+]c2ccccc2s1,Nc1nc2ccccc2s1,"4,510",6,N,1,0,1,0,SP2,TRUE,TRUE,4,9187,9188
mol4733,Nc1[nH+]cc(-c2ccccc2)s1,Nc1ncc(-c2ccccc2)s1,"4,900",8,N,1,0,1,0,SP2,TRUE,TRUE,4,9189,9190
mol4734,Nc1[nH+]cc(Br)s1,Nc1ncc(Br)s1,"3,610",4,N,1,0,1,0,SP2,TRUE,TRUE,4,9191,9192
mol4735,Nc1[nH+]cc(Cl)s1,Nc1ncc(Cl)s1,"3,660",4,N,1,0,1,0,SP2,TRUE,TRUE,4,9193,9194
mol4736,Nc1[nH+]cc(Sc2ccccc2)s1,Nc1ncc(Sc2ccccc2)s1,"4,160",9,N,1,0,1,0,SP2,TRUE,TRUE,4,9195,9196
mol4737,Nc1nc2ccccc2c[nH+]1,Nc1ncc2ccccc2n1,"4,800",7,N,1,0,1,0,SP2,TRUE,TRUE,4,9197,9198
mol4738,Nc1nc2c(c[nH+]1)ncn2[C@H]1O[C@@H](CO)[C@H](O)[C@@H]1O,Nc1ncc2ncn([C@H]3O[C@@H](CO)[C@H](O)[C@@H]3O)c2n1,"3,400",5,N,1,0,1,0,SP2,TRUE,TRUE,4,9199,9200
mol4740,Nc1nc(-c2csc(N)n2)cc[nH+]1,Nc1nccc(-c2csc(N)n2)n1,"3,300",2,N,1,0,1,0,SP2,TRUE,TRUE,4,9201,9202
mol4741,Nc1nccc(=O)[nH]1,Nc1nccc(=O)[n-]1,"9,420",4,N,0,-1,1,0,SP2,TRUE,TRUE,3,9203,9204
mol4743,Nc1nccc[nH+]1,Nc1ncccn1,"3,550",4,N,1,0,1,0,SP2,TRUE,TRUE,4,9205,9206
mol4744,Nc1[nH+]ccs1,Nc1nccs1,"5,440",4,N,1,0,1,0,SP2,TRUE,TRUE,4,9207,9208
mol4745,Nc1[nH+]cnc2c1cnn2-c1ccccc1,Nc1ncnc2c1cnn2-c1ccccc1,"3,890",12,N,1,0,1,0,SP2,TRUE,TRUE,4,9209,9210
mol4746,Nc1[nH+]cnc2c1cnn2CCO,Nc1ncnc2c1cnn2CCO,"4,290",3,N,1,0,1,0,SP2,TRUE,TRUE,4,9211,9212
mol4747,Nc1[nH+]cnc2c1ncn2C1CCCCC1,Nc1ncnc2c1ncn2C1CCCCC1,"4,190",1,N,1,0,1,0,SP2,TRUE,TRUE,4,9213,9214
mol4748,Nc1[nH+]cnc2c1ncn2[C@@H]1O[C@H](CO)[C@@H](O)[C@H]1O,Nc1ncnc2c1ncn2[C@@H]1O[C@H](CO)[C@@H](O)[C@H]1O,"3,600",1,N,1,0,1,0,SP2,TRUE,TRUE,4,9215,9216
mol4749,Nc1[nH+]cnc2c1ncn2[C@H]1O[C@@H](CO)[C@H](O)[C@@H]1O,Nc1ncnc2c1ncn2[C@H]1O[C@@H](CO)[C@H](O)[C@@H]1O,"3,530",1,N,1,0,1,0,SP2,TRUE,TRUE,4,9217,9218
mol4750,Nc1nc[nH+]c2ccccc12,Nc1ncnc2ccccc12,"5,790",9,N,1,0,1,0,SP2,TRUE,TRUE,4,9219,9220
mol4751,Nc1ncnc2cn[nH]c12,Nc1ncnc2cn[n-]c12,"10,150",8,N,0,-1,1,0,SP2,TRUE,TRUE,3,9221,9222
mol4752,Nc1[nH+]cnc2ncn([C@H]3O[C@H](CO)[C@@H](O)[C@H]3O)c12,Nc1ncnc2ncn([C@H]3O[C@H](CO)[C@@H](O)[C@H]3O)c12,"3,900",1,N,1,0,1,0,SP2,TRUE,TRUE,4,9223,9224
mol4753,Nc1nn[nH]n1,Nc1nn[n-]n1,"5,980",2,N,0,-1,1,0,SP2,TRUE,TRUE,3,9225,9226
mol4754,Nc1nc(N)c(-c2cccc(Cl)c2Cl)n[nH+]1,Nc1nnc(-c2cccc(Cl)c2Cl)c(N)n1,"5,320",12,N,1,0,1,0,SP2,TRUE,TRUE,4,9227,9228
mol4755,Nc1nnc(S(N)(=O)=O)s1,[NH-]S(=O)(=O)c1nnc(N)s1,"7,690",8,N,0,-1,2,1,SP3,FALSE,FALSE,3,9229,9230
mol4756,Nc1[nH+]ncc2ccccc12,Nc1nncc2ccccc12,"6,600",8,N,1,0,1,0,SP2,TRUE,TRUE,4,9231,9232
mol4757,Nc1nnnn1CC(=O)O,Nc1nnnn1CC(=O)[O-],"2,380",3,O,0,-1,1,0,SP2,FALSE,FALSE,2,9233,9234
mol4758,Nc1noc(C2=CCC[NH2+]C2)n1,Nc1noc(C2=CCCNC2)n1,"8,250",2,N,1,0,2,1,SP3,FALSE,TRUE,4,9235,9236
mol4759,Nc1noc(C2C[NH+]3CC[NH+]2CC3)n1,Nc1noc(C2CN3CC[NH+]2CC3)n1,"6,300",2,N,1,0,1,0,SP3,FALSE,TRUE,4,9237,9238
mol4760,Nc1[nH+]sc2ccccc12,Nc1nsc2ccccc12,"2,450",7,N,1,0,1,0,SP2,TRUE,TRUE,4,9239,9240
mol4761,[NH3+]n1ccccc1=O,Nn1ccccc1=O,"2,100",7,N,1,0,3,2,SP3,FALSE,FALSE,4,9241,9242
mol4762,O=C(/C=C/c1c[nH+]c[nH]1)OCCCl,O=C(/C=C/c1cnc[nH]1)OCCCl,"4,800",4,N,1,0,1,0,SP2,TRUE,TRUE,4,9243,9244
mol4763,O=C(C1CCN(c2cc[nH+]cc2)CC1)N1CCN(S(=O)(=O)c2ccc(Br)cc2)CC1,O=C(C1CCN(c2ccncc2)CC1)N1CCN(S(=O)(=O)c2ccc(Br)cc2)CC1,"9,200",26,N,1,0,1,0,SP2,TRUE,TRUE,4,9245,9246
mol4764,O=C(C1CCN(c2cc[nH+]cc2F)CC1)N1CCN(S(=O)(=O)c2ccc(C(F)(F)F)cc2)CC1,O=C(C1CCN(c2ccncc2F)CC1)N1CCN(S(=O)(=O)c2ccc(C(F)(F)F)cc2)CC1,"6,700",30,N,1,0,1,0,SP2,TRUE,TRUE,4,9248,9247
mol4765,O=C(C1CCN(c2cc[nH+]cn2)CC1)N1CCN(S(=O)(=O)c2ccc(Br)cc2)CC1,O=C(C1CCN(c2ccncn2)CC1)N1CCN(S(=O)(=O)c2ccc(Br)cc2)CC1,"6,100",26,N,1,0,1,0,SP2,TRUE,TRUE,4,9249,9250
mol4766,O=C(C=C([OH2+])c1ccccc1)C(F)(F)F,O=C(C=C(O)c1ccccc1)C(F)(F)F,"6,300",14,O,1,0,2,1,SP2,FALSE,FALSE,3,9251,9252
mol4767,O=C(C=C(O)c1ccccc1)Nc1ccccc1,O=C(C=C([O-])c1ccccc1)Nc1ccccc1,"9,540",17,O,0,-1,1,0,SP2,FALSE,FALSE,2,9253,9254
mol4768,O=C(C=C([OH2+])c1cccs1)C(F)(F)F,O=C(C=C(O)c1cccs1)C(F)(F)F,"6,310",13,O,1,0,2,1,SP2,FALSE,FALSE,3,9255,9256
mol4769,O=C(CC(CO[N+](=O)[O-])O[N+](=O)[O-])Oc1ccccc1C(=O)O,O=C(CC(CO[N+](=O)[O-])O[N+](=O)[O-])Oc1ccccc1C(=O)[O-],"3,690",8,O,0,-1,1,0,SP2,FALSE,FALSE,2,9257,9258
mol4770,O=C(CC1c2ccccc2-c2ccccc21)N[C@H](Cc1cc2ccc(F)cc2[nH]1)C(=O)O,O=C(CC1c2ccccc2-c2ccccc21)N[C@H](Cc1cc2ccc(F)cc2[nH]1)C(=O)[O-],"3,900",31,O,0,-1,1,0,SP2,FALSE,FALSE,2,9259,9260
mol4771,O=C(CCC(CO[N+](=O)[O-])O[N+](=O)[O-])Oc1ccccc1C(=O)O,O=C(CCC(CO[N+](=O)[O-])O[N+](=O)[O-])Oc1ccccc1C(=O)[O-],"3,690",8,O,0,-1,1,0,SP2,FALSE,FALSE,2,9261,9262
mol4772,O=C(CCCC(CO[N+](=O)[O-])O[N+](=O)[O-])Oc1ccccc1C(=O)O,O=C(CCCC(CO[N+](=O)[O-])O[N+](=O)[O-])Oc1ccccc1C(=O)[O-],"3,690",8,O,0,-1,1,0,SP2,FALSE,FALSE,2,9263,9264
mol4773,O=C(CCCCC(CO[N+](=O)[O-])O[N+](=O)[O-])Oc1ccccc1C(=O)O,O=C(CCCCC(CO[N+](=O)[O-])O[N+](=O)[O-])Oc1ccccc1C(=O)[O-],"3,690",8,O,0,-1,1,0,SP2,FALSE,FALSE,2,9265,9266
mol4774,O=C(CCCCCCO[N+](=O)[O-])Oc1ccccc1C(=O)O,O=C(CCCCCCO[N+](=O)[O-])Oc1ccccc1C(=O)[O-],"3,690",8,O,0,-1,1,0,SP2,FALSE,FALSE,2,9267,9268
mol4775,O=C(CCCCCO[N+](=O)[O-])Oc1ccccc1C(=O)O,O=C(CCCCCO[N+](=O)[O-])Oc1ccccc1C(=O)[O-],"3,690",8,O,0,-1,1,0,SP2,FALSE,FALSE,2,9269,9270
mol4776,O=C(CCCCO[N+](=O)[O-])Oc1ccccc1C(=O)O,O=C(CCCCO[N+](=O)[O-])Oc1ccccc1C(=O)[O-],"3,690",8,O,0,-1,1,0,SP2,FALSE,FALSE,2,9271,9272
mol4777,O=C(CCCC[NH+]1CCOCC1)c1ccccc1,O=C(CCCCN1CCOCC1)c1ccccc1,"7,500",12,N,1,0,1,0,SP3,FALSE,TRUE,4,9273,9274
mol4778,O=C(CCCC[P+](c1ccccc1)(c1ccccc1)c1ccccc1)[NH2+]S(=O)(=O)c1ccccc1,O=C(CCCC[P+](c1ccccc1)(c1ccccc1)c1ccccc1)NS(=O)(=O)c1ccccc1,"5,120",13,N,1,0,2,1,SP3,FALSE,FALSE,4,9275,9276
mol4779,O=C(CCCO[N+](=O)[O-])Oc1ccccc1C(=O)O,O=C(CCCO[N+](=O)[O-])Oc1ccccc1C(=O)[O-],"3,690",8,O,0,-1,1,0,SP2,FALSE,FALSE,2,9277,9278
mol4780,O=C(CCC[NH+]1CCC(O)(c2ccc(Cl)cc2)CC1)c1ccc(F)cc1,O=C(CCCN1CCC(O)(c2ccc(Cl)cc2)CC1)c1ccc(F)cc1,"8,621",11,N,1,0,1,0,SP3,FALSE,TRUE,4,9279,9280
mol4781,O=C(CCC[NH+]1CCC(O)(c2ccccc2)CC1)c1ccccc1,O=C(CCCN1CCC(O)(c2ccccc2)CC1)c1ccccc1,"8,400",11,N,1,0,1,0,SP3,FALSE,TRUE,4,9281,9282
mol4782,O=C(CCC[NH+]1CCOCC1)c1ccccc1,O=C(CCCN1CCOCC1)c1ccccc1,"7,260",11,N,1,0,1,0,SP3,FALSE,TRUE,4,9284,9283
mol4783,O=C(CCO[N+](=O)[O-])Oc1ccccc1C(=O)O,O=C(CCO[N+](=O)[O-])Oc1ccccc1C(=O)[O-],"3,690",8,O,0,-1,1,0,SP2,FALSE,FALSE,2,9285,9286
mol4784,O=C(CCS(=O)(=O)c1ccc2cc(Cl)ccc2c1)N1CCC(c2c[nH+]c3ccccn23)CC1,O=C(CCS(=O)(=O)c1ccc2cc(Cl)ccc2c1)N1CCC(c2cnc3ccccn23)CC1,"5,900",6,N,1,0,1,0,SP2,TRUE,TRUE,4,9288,9287
mol4785,O=C(CCS(=O)(=O)c1ccc2cc(Cl)ccc2c1)N1CCC(c2c[nH+]c3n2CCCC3)CC1,O=C(CCS(=O)(=O)c1ccc2cc(Cl)ccc2c1)N1CCC(c2cnc3n2CCCC3)CC1,"8,200",26,N,1,0,1,0,SP2,TRUE,TRUE,4,9289,9290
mol4786,O=C(CCS(=O)(=O)c1ccc2cc(Cl)ccc2c1)N1CCC(c2c[nH+]c[nH]2)CC1,O=C(CCS(=O)(=O)c1ccc2cc(Cl)ccc2c1)N1CCC(c2cnc[nH]2)CC1,"6,900",26,N,1,0,1,0,SP2,TRUE,TRUE,4,9291,9292
mol4787,O=C(CC[NH+]1CCCCC1)c1ccccc1,O=C(CCN1CCCCC1)c1ccccc1,"9,230",10,N,1,0,1,0,SP3,FALSE,TRUE,4,9293,9294
mol4788,O=C(CC[NH+]1CCOCC1)C(c1ccccc1)c1ccccc1,O=C(CCN1CCOCC1)C(c1ccccc1)c1ccccc1,"6,390",17,N,1,0,1,0,SP3,FALSE,TRUE,4,9296,9295
mol4789,O=C(CC[NH+]1CCOCC1)c1cccc(Br)c1,O=C(CCN1CCOCC1)c1cccc(Br)c1,"6,800",11,N,1,0,1,0,SP3,FALSE,TRUE,4,9298,9297
mol4790,O=C(CC[NH+]1CCOCC1)c1ccccc1,O=C(CCN1CCOCC1)c1ccccc1,"6,500",10,N,1,0,1,0,SP3,FALSE,TRUE,4,9300,9299
mol4791,O=C(CC[NH2+]CCC(=O)c1ccccc1)c1ccccc1,O=C(CCNCCC(=O)c1ccccc1)c1ccccc1,"8,690",10,N,1,0,2,1,SP3,FALSE,FALSE,4,9301,9302
mol4792,O=C(CCc1c(Cl)cccc1Cl)N[C@H](Cc1cc2ccc(F)cc2[nH]1)C(=O)O,O=C(CCc1c(Cl)cccc1Cl)N[C@H](Cc1cc2ccc(F)cc2[nH]1)C(=O)[O-],"3,900",26,O,0,-1,1,0,SP2,FALSE,FALSE,2,9303,9304
mol4793,O=C(CCc1ccccc1)NO,O=C(CCc1ccccc1)N[O-],"8,180",11,O,0,-1,1,0,SP3,FALSE,FALSE,2,9305,9306
mol4794,O=C(CCl)[NH2+]c1nnc(-c2ccccc2)s1,O=C(CCl)Nc1nnc(-c2ccccc2)s1,"6,900",11,N,1,0,2,1,SP3,FALSE,FALSE,4,9307,9308
mol4795,O=C(CNC(=O)C1=C([O-])C(=O)C=C[NH2+]1)NCc1ccccc1,O=C(CNC(=O)c1[nH]ccc(=O)c1[O-])NCc1ccccc1,"6,200",20,N,1,0,2,1,SP3,FALSE,TRUE,4,9309,9310
mol4796,O=C(C[NH+]1CCC(S(=O)(=O)c2ccccc2)CC1)c1ccc(F)cc1F,O=C(CN1CCC(S(=O)(=O)c2ccccc2)CC1)c1ccc(F)cc1F,"6,300",12,N,1,0,1,0,SP3,FALSE,TRUE,4,9312,9311
mol4797,O=C(C[NH+]1CCCCC1)NCc1ccccc1,O=C(CN1CCCCC1)NCc1ccccc1,"7,710",11,N,1,0,1,0,SP3,FALSE,TRUE,4,9313,9314
mol4798,O=C(C[NH+]1CCCCC1)Nc1ccccc1,O=C(CN1CCCCC1)Nc1ccccc1,"7,850",10,N,1,0,1,0,SP3,FALSE,TRUE,4,9315,9316
mol4799,O=C(C[NH+]1CCOCC1)NCc1ccccc1,O=C(CN1CCOCC1)NCc1ccccc1,"4,980",11,N,1,0,1,0,SP3,FALSE,TRUE,4,9318,9317
mol4800,O=C(C[NH+]1CCOCC1)c1ccccc1,O=C(CN1CCOCC1)c1ccccc1,"5,970",9,N,1,0,1,0,SP3,FALSE,TRUE,4,9320,9319
mol4801,O=C(Cc1ccc2ccc3ccc[nH+]c3c2n1)c1ccccc1,O=C(Cc1ccc2ccc3cccnc3c2n1)c1ccccc1,"4,400",19,N,1,0,1,0,SP2,TRUE,TRUE,4,9321,9322
mol4802,O=C(Cc1cccc2ccccc12)N[C@H](Cc1cc2ccc(F)cc2[nH]1)C(=O)O,O=C(Cc1cccc2ccccc12)N[C@H](Cc1cc2ccc(F)cc2[nH]1)C(=O)[O-],"3,910",28,O,0,-1,1,0,SP2,FALSE,FALSE,2,9323,9324
mol4803,O=C(Cc1ccccc1)C(C[NH+]1CCOCC1)c1ccccc1,O=C(Cc1ccccc1)C(CN1CCOCC1)c1ccccc1,"6,170",11,N,1,0,1,0,SP3,FALSE,TRUE,4,9326,9325
mol4804,O=C(Cc1ccccc1)NC1CC[NH+](CCCN2C(=O)COc3ccccc32)CC1,O=C(Cc1ccccc1)NC1CCN(CCCN2C(=O)COc3ccccc32)CC1,"7,900",13,N,1,0,1,0,SP3,FALSE,TRUE,4,9327,9328
mol4805,O=C(Cc1ccccc1)NO,O=C(Cc1ccccc1)N[O-],"9,260",10,O,0,-1,1,0,SP3,FALSE,FALSE,2,9329,9330
mol4806,O=C(Cc1ccccc1Nc1c(Cl)cccc1Cl)OCCCC[NH+]1CCOCC1,O=C(Cc1ccccc1Nc1c(Cl)cccc1Cl)OCCCCN1CCOCC1,"8,400",14,N,1,0,1,0,SP3,FALSE,TRUE,4,9331,9332
mol4807,O=C(Cc1ccccc1Nc1c(Cl)cccc1Cl)OCCC[NH+]1CCOCC1,O=C(Cc1ccccc1Nc1c(Cl)cccc1Cl)OCCCN1CCOCC1,"7,990",13,N,1,0,1,0,SP3,FALSE,TRUE,4,9333,9334
mol4808,O=C(Cc1ccccc1Nc1c(Cl)cccc1Cl)OCC[NH+]1CCOCC1,O=C(Cc1ccccc1Nc1c(Cl)cccc1Cl)OCCN1CCOCC1,"7,520",12,N,1,0,1,0,SP3,FALSE,TRUE,4,9335,9336
mol4809,O=C(Cc1cccc[nH+]1)c1ccccc1,O=C(Cc1ccccn1)c1ccccc1,"4,675",14,N,1,0,1,0,SP2,TRUE,TRUE,4,9337,9338
mol4810,O=C(Cc1ccc[nH+]c1)c1ccccc1,O=C(Cc1cccnc1)c1ccccc1,"6,500",13,N,1,0,1,0,SP2,TRUE,TRUE,4,9339,9340
mol4811,O=C(Cc1cc[nH+]cc1)c1ccccc1,O=C(Cc1ccncc1)c1ccccc1,"5,520",12,N,1,0,1,0,SP2,TRUE,TRUE,4,9341,9342
mol4812,O=C(N1CCC(c2cc[nH+]cc2)CC1)N1CCN(S(=O)(=O)c2ccc(Cl)cc2)CC1,O=C(N1CCC(c2ccncc2)CC1)N1CCN(S(=O)(=O)c2ccc(Cl)cc2)CC1,"5,800",26,N,1,0,1,0,SP2,TRUE,TRUE,4,9343,9344
mol4813,O=C(N1CCN(c2cc[nH+]cc2Cl)CC1)N1CCN(S(=O)(=O)c2ccc(Cl)cc2)CC1,O=C(N1CCN(c2ccncc2Cl)CC1)N1CCN(S(=O)(=O)c2ccc(Cl)cc2)CC1,"5,800",26,N,1,0,1,0,SP2,TRUE,TRUE,4,9346,9345
mol4814,O=C(N1CCOCC1)N1CCC(Oc2ccc3c(c2)CC[NH+](C2CCC2)CC3)CC1,O=C(N1CCOCC1)N1CCC(Oc2ccc3c(c2)CCN(C2CCC2)CC3)CC1,"9,200",23,N,1,0,1,0,SP3,FALSE,TRUE,4,9347,9348
mol4815,O=C(N=Cc1cccc[nH+]1)C1CCCC1C(=O)N1CCCC1,O=C(N=Cc1ccccn1)C1CCCC1C(=O)N1CCCC1,"4,400",3,N,1,0,1,0,SP2,TRUE,TRUE,4,9349,9350
mol4816,O=C(NC1CCC([NH+]2CCCCC2)CC1)[C@H]1C[C@@H]1c1ccccc1,O=C(NC1CCC(N2CCCCC2)CC1)[C@H]1C[C@@H]1c1ccccc1,"9,600",18,N,1,0,1,0,SP3,FALSE,TRUE,4,9351,9352
mol4817,O=C(NC1CCCCC1)C1=C(O)CC(Cc2ccccc2)NC1=O,O=C(NC1CCCCC1)C1=C([O-])CC(Cc2ccccc2)NC1=O,"6,500",23,O,0,-1,1,0,SP2,FALSE,FALSE,2,9353,9354
mol4818,O=C(NC1CC[NH+](CCc2c[nH]c3ccccc23)CC1)c1ccccc1,O=C(NC1CCN(CCc2c[nH]c3ccccc23)CC1)c1ccccc1,"7,700",12,N,1,0,1,0,SP3,FALSE,TRUE,4,9355,9356
mol4819,O=C(NCC1CCCC1)c1c[nH+]c(Nc2ccc(Cl)cc2Cl)cc1C(F)(F)F,O=C(NCC1CCCC1)c1cnc(Nc2ccc(Cl)cc2Cl)cc1C(F)(F)F,"2,630",14,N,1,0,1,0,SP2,TRUE,TRUE,4,9357,9358
mol4820,O=C(NCC1CCCCC1)c1c[nH+]c(Nc2cccc(Cl)c2)cc1C(F)(F)F,O=C(NCC1CCCCC1)c1cnc(Nc2cccc(Cl)c2)cc1C(F)(F)F,"2,630",13,N,1,0,1,0,SP2,TRUE,TRUE,4,9359,9360
mol4821,O=C(NCC1CCCC[NH2+]1)c1cc(OCC(F)(F)F)ccc1OCC(F)(F)F,O=C(NCC1CCCCN1)c1cc(OCC(F)(F)F)ccc1OCC(F)(F)F,"9,295",21,N,1,0,2,1,SP3,FALSE,TRUE,4,9361,9362
mol4822,O=C(NCC1CCOCC1)c1c[nH+]c(Nc2ccc(Cl)cc2Cl)cc1C(F)(F)F,O=C(NCC1CCOCC1)c1cnc(Nc2ccc(Cl)cc2Cl)cc1C(F)(F)F,"2,630",14,N,1,0,1,0,SP2,TRUE,TRUE,4,9363,9364
mol4823,O=C(NCC1CCOCC1)c1c[nH+]c(Nc2cccc(Cl)c2)cc1C(F)(F)F,O=C(NCC1CCOCC1)c1cnc(Nc2cccc(Cl)c2)cc1C(F)(F)F,"2,630",13,N,1,0,1,0,SP2,TRUE,TRUE,4,9365,9366
mol4824,O=C(NCC1CCOCC1)c1c[nH+]c(Nc2cccc(F)c2)cc1C(F)(F)F,O=C(NCC1CCOCC1)c1cnc(Nc2cccc(F)c2)cc1C(F)(F)F,"2,630",13,N,1,0,1,0,SP2,TRUE,TRUE,4,9367,9368
mol4825,O=C(NCCCC[NH+]1CCN(c2cccc(OCCF)c2)CC1)c1ccc2nonc2c1,O=C(NCCCCN1CCN(c2cccc(OCCF)c2)CC1)c1ccc2nonc2c1,"7,470",13,N,1,0,1,0,SP3,FALSE,TRUE,4,9369,9370
mol4826,O=C(NCCCC[NH+]1CCN(c2ccccc2OCCF)CC1)c1ccc2nonc2c1,O=C(NCCCCN1CCN(c2ccccc2OCCF)CC1)c1ccc2nonc2c1,"7,780",9,N,1,0,1,0,SP3,FALSE,TRUE,4,9371,9372
mol4827,O=C(NCCC[NH+]1CCOCC1)c1ccc(Cl)cc1,O=C(NCCCN1CCOCC1)c1ccc(Cl)cc1,"6,810",12,N,1,0,1,0,SP3,FALSE,TRUE,4,9374,9373
mol4828,O=C(NCCC[NH2+]C1CCCCC1)[C@H]1C[C@@H]1c1ccccc1,O=C(NCCCNC1CCCCC1)[C@H]1C[C@@H]1c1ccccc1,"10,300",15,N,1,0,2,1,SP3,FALSE,FALSE,4,9375,9376
mol4829,O=C(NCC[NH+]1CCCC1)[C@H]1C[C@@H]1c1ccccc1,O=C(NCCN1CCCC1)[C@H]1C[C@@H]1c1ccccc1,"9,200",14,N,1,0,1,0,SP3,FALSE,TRUE,4,9377,9378
mol4830,O=C(NCC[NH+]1CCN(c2ccc(Cl)cc2)CC1)c1ccc(F)cc1,O=C(NCCN1CCN(c2ccc(Cl)cc2)CC1)c1ccc(F)cc1,"6,460",11,N,1,0,1,0,SP3,FALSE,TRUE,4,9380,9379
mol4831,O=C(NCC[NH+]1CCN(c2noc3ccccc23)CC1)c1ccc(F)cc1,O=C(NCCN1CCN(c2noc3ccccc23)CC1)c1ccc(F)cc1,"6,430",12,N,1,0,1,0,SP3,FALSE,TRUE,4,9382,9381
mol4832,O=C(NCC[NH+]1CCOCC1)c1ccc(Cl)cc1,O=C(NCCN1CCOCC1)c1ccc(Cl)cc1,"6,255",11,N,1,0,1,0,SP3,FALSE,TRUE,4,9384,9383
mol4833,O=C(NCCc1cccc[nH+]1)C1=CCCC1C(=O)N1CCCC1,O=C(NCCc1ccccn1)C1=CCCC1C(=O)N1CCCC1,"4,400",3,N,1,0,1,0,SP2,TRUE,TRUE,4,9385,9386
mol4834,O=C(NCCc1ccc[nH+]c1)C1=CCCC1C(=O)N1CCCC1,O=C(NCCc1cccnc1)C1=CCCC1C(=O)N1CCCC1,"4,400",4,N,1,0,1,0,SP2,TRUE,TRUE,4,9387,9388
mol4835,O=C(NCCc1cc[nH+]cc1)C1=CCCC1C(=O)N1CCCC1,O=C(NCCc1ccncc1)C1=CCCC1C(=O)N1CCCC1,"4,400",2,N,1,0,1,0,SP2,TRUE,TRUE,4,9389,9390
mol4836,O=C(NCc1ccc(F)cc1)c1c[nH+]c(Nc2cccc(Br)c2)cc1C(F)(F)F,O=C(NCc1ccc(F)cc1)c1cnc(Nc2cccc(Br)c2)cc1C(F)(F)F,"2,630",13,N,1,0,1,0,SP2,TRUE,TRUE,4,9391,9392
mol4837,O=C(NCc1ccc(S(=O)(=O)c2cc(F)cc(F)c2)cc1)c1ccc2[nH+]ccn2c1,O=C(NCc1ccc(S(=O)(=O)c2cc(F)cc(F)c2)cc1)c1ccc2nccn2c1,"5,300",14,N,1,0,1,0,SP2,TRUE,TRUE,4,9393,9394
mol4838,O=C(NCc1ccc[nH+]c1)C1=CCCC1C(=O)N1CCCC1,O=C(NCc1cccnc1)C1=CCCC1C(=O)N1CCCC1,"4,400",4,N,1,0,1,0,SP2,TRUE,TRUE,4,9395,9396
mol4839,O=C(NCc1cc[nH+]cc1)C1=CCCC1C(=O)N1CCCC1,O=C(NCc1ccncc1)C1=CCCC1C(=O)N1CCCC1,"4,400",2,N,1,0,1,0,SP2,TRUE,TRUE,4,9397,9398
mol4840,O=C(NNc1ccc(Br)cc1)c1cc[nH+]cc1,O=C(NNc1ccc(Br)cc1)c1ccncc1,"4,030",13,N,1,0,1,0,SP2,TRUE,TRUE,4,9399,9400
mol4841,O=C(NO)C1CCCCC1,O=C(N[O-])C1CCCCC1,"9,870",9,O,0,-1,1,0,SP3,FALSE,FALSE,2,9401,9402
mol4842,O=C(NO)Nc1ccccc1,O=C(N[O-])Nc1ccccc1,"10,300",10,O,0,-1,1,0,SP3,FALSE,FALSE,2,9403,9404
mol4843,O=C(NO)c1cccc2ccccc12,O=C(N[O-])c1cccc2ccccc12,"7,700",13,O,0,-1,1,0,SP3,FALSE,FALSE,2,9405,9406
mol4844,O=C(NO)c1ccccc1,O=C(N[O-])c1ccccc1,"8,710",9,O,0,-1,1,0,SP3,FALSE,FALSE,2,9407,9408
mol4845,O=C(NO)c1ccccn1,O=C(N[O-])c1ccccn1,"8,600",9,O,0,-1,1,0,SP3,FALSE,FALSE,2,9409,9410
mol4846,O=C(NOCCO)c1ccc2c[nH+]cn2c1Nc1ccc(I)cc1F,O=C(NOCCO)c1ccc2cncn2c1Nc1ccc(I)cc1F,"4,300",16,N,1,0,1,0,SP2,TRUE,TRUE,4,9411,9412
mol4847,O=C1C=C[NH2+]C(C(=O)N[C@@H](Cc2ccccc2)C(=O)NCc2ccccc2)=C1[O-],O=C(N[C@@H](Cc1ccccc1)C(=O)NCc1ccccc1)c1[nH]ccc(=O)c1[O-],"6,000",27,N,1,0,2,1,SP3,FALSE,TRUE,4,9413,9414
mol4848,O=C(N[C@H](Cc1cc2ccc(F)cc2[nH]1)C(=O)O)c1ccc2ccccc2c1,O=C(N[C@H](Cc1cc2ccc(F)cc2[nH]1)C(=O)[O-])c1ccc2ccccc2c1,"3,920",27,O,0,-1,1,0,SP2,FALSE,FALSE,2,9415,9416
mol4849,O=C(N[C@@H]1C[C@H]2CC[C@@H](C1)[NH+]2Cc1ccccc1)c1cccc2c1OCCO2,O=C(N[C@@H]1C[C@H]2CC[C@@H](C1)N2Cc1ccccc1)c1cccc2c1OCCO2,"8,680",7,N,1,0,1,0,SP3,FALSE,TRUE,4,9417,9418
mol4850,O=C(Nc1cc(Cl)ccc1O)OCC(Cl)Cl,O=C(Nc1cc(Cl)ccc1[O-])OCC(Cl)Cl,"10,400",15,O,0,-1,1,0,SP2,FALSE,FALSE,2,9419,9420
mol4851,O=C(Nc1cc(Cl)ccc1O)Oc1cccc(C(F)(F)F)c1,O=C(Nc1cc(Cl)ccc1[O-])Oc1cccc(C(F)(F)F)c1,"8,970",16,O,0,-1,1,0,SP2,FALSE,FALSE,2,9421,9422
mol4852,O=C(Nc1cc(Cl)ccc1O)Oc1cccc(Cl)c1,O=C(Nc1cc(Cl)ccc1[O-])Oc1cccc(Cl)c1,"9,020",17,O,0,-1,1,0,SP2,FALSE,FALSE,2,9423,9424
mol4853,O=C(Nc1cc(Cl)ccc1O)Oc1ccccc1,O=C(Nc1cc(Cl)ccc1[O-])Oc1ccccc1,"10,000",16,O,0,-1,1,0,SP2,FALSE,FALSE,2,9425,9426
mol4854,O=C(Nc1ccc(Br)cc1C(=O)O)c1cccc(S(=O)(=O)N2CCOCC2)c1,O=C(Nc1ccc(Br)cc1C(=O)[O-])c1cccc(S(=O)(=O)N2CCOCC2)c1,"2,790",26,O,0,-1,1,0,SP2,FALSE,FALSE,2,9427,9428
mol4855,O=C(Nc1ccc(C(F)(F)F)nc1)C1=C(O)CC(Cc2ccccc2)NC1=O,O=C(Nc1ccc(C(F)(F)F)nc1)C1=C([O-])CC(Cc2ccccc2)NC1=O,"6,500",27,O,0,-1,1,0,SP2,FALSE,FALSE,2,9429,9430
mol4856,O=C(Nc1ccc(C2CCCCC2)cc1)C1=C(O)CC(C2CCCCC2)NC1=O,O=C(Nc1ccc(C2CCCCC2)cc1)C1=C([O-])CC(C2CCCCC2)NC1=O,"6,500",28,O,0,-1,1,0,SP2,FALSE,FALSE,2,9431,9432
mol4857,O=C(Nc1ccc(C2CCCCC2)cc1)C1=C(O)CC(Cc2ccccc2)NC1=O,O=C(Nc1ccc(C2CCCCC2)cc1)C1=C([O-])CC(Cc2ccccc2)NC1=O,"6,500",29,O,0,-1,1,0,SP2,FALSE,FALSE,2,9433,9434
mol4858,O=C(Nc1ccc(C2CCCCC2)cc1)C1=C(O)CC(c2ccccc2)NC1=O,O=C(Nc1ccc(C2CCCCC2)cc1)C1=C([O-])CC(c2ccccc2)NC1=O,"6,500",28,O,0,-1,1,0,SP2,FALSE,FALSE,2,9435,9436
mol4859,O=C(Nc1ccc(C2CCCCC2)cc1)C1=C(O)C[C@@H](c2ccccc2)NC1=O,O=C(Nc1ccc(C2CCCCC2)cc1)C1=C([O-])C[C@@H](c2ccccc2)NC1=O,"6,500",28,O,0,-1,1,0,SP2,FALSE,FALSE,2,9437,9438
mol4860,O=C(Nc1ccc(C2CCCCC2)cc1)C1=C(O)C[C@H](c2ccccc2)NC1=O,O=C(Nc1ccc(C2CCCCC2)cc1)C1=C([O-])C[C@H](c2ccccc2)NC1=O,"6,500",28,O,0,-1,1,0,SP2,FALSE,FALSE,2,9439,9440
mol4861,O=C(Nc1ccc(Cl)cc1C(=O)O)c1cccc(S(=O)(=O)N2CCOCC2)c1,O=C(Nc1ccc(Cl)cc1C(=O)[O-])c1cccc(S(=O)(=O)N2CCOCC2)c1,"2,810",26,O,0,-1,1,0,SP2,FALSE,FALSE,2,9441,9442
mol4862,O=C(Nc1ccc(F)cc1C(=O)O)c1cccc(S(=O)(=O)N2CCOCC2)c1,O=C(Nc1ccc(F)cc1C(=O)[O-])c1cccc(S(=O)(=O)N2CCOCC2)c1,"2,920",26,O,0,-1,1,0,SP2,FALSE,FALSE,2,9443,9444
mol4863,O=C(Nc1ccc(Nc2c3ccccc3[nH+]c3ccccc23)cc1)c1ccccc1,O=C(Nc1ccc(Nc2c3ccccc3nc3ccccc23)cc1)c1ccccc1,"7,390",23,N,1,0,1,0,SP2,TRUE,TRUE,4,9445,9446
mol4864,O=C(Nc1ccc(Nc2ccccc2)cc1)C1=C(O)CC(Cc2ccccc2)NC1=O,O=C(Nc1ccc(Nc2ccccc2)cc1)C1=C([O-])CC(Cc2ccccc2)NC1=O,"6,500",30,O,0,-1,1,0,SP2,FALSE,FALSE,2,9447,9448
mol4865,O=C(Nc1ccc(Oc2ccccc2)cc1)C1=C(O)CC(Cc2ccccc2)NC1=O,O=C(Nc1ccc(Oc2ccccc2)cc1)C1=C([O-])CC(Cc2ccccc2)NC1=O,"6,500",30,O,0,-1,1,0,SP2,FALSE,FALSE,2,9449,9450
mol4866,O=C(Nc1ccc(S(=O)(=O)c2ccccc2)cc1)C1=C(O)CC(Cc2ccccc2)NC1=O,O=C(Nc1ccc(S(=O)(=O)c2ccccc2)cc1)C1=C([O-])CC(Cc2ccccc2)NC1=O,"6,500",32,O,0,-1,1,0,SP2,FALSE,FALSE,2,9451,9452
mol4867,O=C(Nc1cccc(OCc2cc(F)cc(F)c2)c1)C1CCN(c2cc[nH+]cc2)CC1,O=C(Nc1cccc(OCc2cc(F)cc(F)c2)c1)C1CCN(c2ccncc2)CC1,"9,200",28,N,1,0,1,0,SP2,TRUE,TRUE,4,9453,9454
mol4868,O=C(Nc1cccc(OCc2ccc(F)cc2)c1)C1CCN(c2cc[nH+]cc2)CC1,O=C(Nc1cccc(OCc2ccc(F)cc2)c1)C1CCN(c2ccncc2)CC1,"8,900",27,N,1,0,1,0,SP2,TRUE,TRUE,4,9455,9456
mol4870,O=C(Nc1cccc(OCc2ccc(F)cc2)c1)C1CCN(c2nccc[nH+]2)CC1,O=C(Nc1cccc(OCc2ccc(F)cc2)c1)C1CCN(c2ncccn2)CC1,"6,000",29,N,1,0,1,0,SP2,TRUE,TRUE,4,9457,9458
mol4871,O=C(Nc1cccc(OCc2ccc(F)cc2)c1)C1CC[NH2+]CC1,O=C(Nc1cccc(OCc2ccc(F)cc2)c1)C1CCNCC1,"9,800",21,N,1,0,2,1,SP3,FALSE,TRUE,4,9459,9460
mol4872,O=C(Nc1cccc(OCc2ccc3c(c2)OCO3)c1)C1CCN(c2cc[nH+]cc2)CC1,O=C(Nc1cccc(OCc2ccc3c(c2)OCO3)c1)C1CCN(c2ccncc2)CC1,"9,100",29,N,1,0,1,0,SP2,TRUE,TRUE,4,9461,9462
mol4873,O=C(Nc1cccc(OCc2cccc(F)c2)c1)C1CCN(c2cc[nH+]cc2)CC1,O=C(Nc1cccc(OCc2cccc(F)c2)c1)C1CCN(c2ccncc2)CC1,"9,000",27,N,1,0,1,0,SP2,TRUE,TRUE,4,9463,9464
mol4874,O=C(Nc1cccc(OCc2ccccc2F)c1)C1CCN(c2cc[nH+]cc2)CC1,O=C(Nc1cccc(OCc2ccccc2F)c1)C1CCN(c2ccncc2)CC1,"9,200",26,N,1,0,1,0,SP2,TRUE,TRUE,4,9465,9466
mol4875,O=C(Nc1ccccc1C(=O)O)c1cccc(S(=O)(=O)N2CCOCC2)c1,O=C(Nc1ccccc1C(=O)[O-])c1cccc(S(=O)(=O)N2CCOCC2)c1,"3,180",8,O,0,-1,1,0,SP2,FALSE,FALSE,2,9467,9468
mol4876,O=C(Nc1cccc[nH+]1)c1ccccc1,O=C(Nc1ccccn1)c1ccccc1,"3,330",14,N,1,0,1,0,SP2,TRUE,TRUE,4,9469,9470
mol4877,O=C(Nc1ccc[nH+]c1)c1ccccc1,O=C(Nc1cccnc1)c1ccccc1,"3,800",13,N,1,0,1,0,SP2,TRUE,TRUE,4,9471,9472
mol4878,O=C(Nc1cc[nH+]cc1)c1ccccc1,O=C(Nc1ccncc1)c1ccccc1,"5,320",12,N,1,0,1,0,SP2,TRUE,TRUE,4,9473,9474
mol4879,O=C(OCc1ccccc1)c1ccc(O)cc1,O=C(OCc1ccccc1)c1ccc([O-])cc1,"8,310",16,O,0,-1,1,0,SP2,FALSE,FALSE,2,9475,9476
mol4880,O=C(OCc1ccccc1)c1ccc[nH+]c1,O=C(OCc1ccccc1)c1cccnc1,"3,940",14,N,1,0,1,0,SP2,TRUE,TRUE,4,9477,9478
mol4881,O=C(O[OH2+])c1ccccc1,O=C(OO)c1ccccc1,"7,300",9,O,1,0,2,1,SP3,FALSE,FALSE,3,9479,9480
mol4882,O=C(O[C@@H]1C[C@@H]2[NH2+][C@H](C1)[C@@H]1O[C@@H]12)[C@H](CO)c1ccccc1,O=C(O[C@@H]1C[C@@H]2N[C@H](C1)[C@@H]1O[C@@H]12)[C@H](CO)c1ccccc1,"7,090",20,N,1,0,2,1,SP3,FALSE,TRUE,4,9482,9481
mol4883,O=C(O[C@@H]1C[C@H]2CC[C@@H](C1)[NH2+]2)[C@H](CO)c1ccccc1,O=C(O[C@@H]1C[C@H]2CC[C@@H](C1)N2)[C@H](CO)c1ccccc1,"10,280",19,N,1,0,2,1,SP3,FALSE,TRUE,4,9483,9484
mol4884,O=C(O[C@H]1O[C@@H](C(=O)O)[C@H](O)[C@@H](O)[C@@H]1O)c1ccccc1,O=C(O[C@H]1O[C@@H](C(=O)[O-])[C@H](O)[C@@H](O)[C@@H]1O)c1ccccc1,"2,850",17,O,0,-1,1,0,SP2,FALSE,FALSE,2,9485,9486
mol4885,O=C(Oc1ccc(Cl)cc1)C1c2ccccc2-c2ccccc21,O=C(Oc1ccc(Cl)cc1)[c-]1c2ccccc2c2ccccc21,"10,320",12,C,0,-1,1,0,SP3,FALSE,TRUE,4,9487,9488
mol4886,O=C(Oc1cccc(Cl)c1)C1c2ccccc2-c2ccccc21,O=C(Oc1cccc(Cl)c1)[c-]1c2ccccc2c2ccccc21,"10,240",12,C,0,-1,1,0,SP3,FALSE,TRUE,4,9489,9490
mol4887,O=C([C@H]1C[C@@H]1c1ccccc1)N1CCC([NH+]2CCCC2)CC1,O=C([C@H]1C[C@@H]1c1ccccc1)N1CCC(N2CCCC2)CC1,"9,300",17,N,1,0,1,0,SP3,FALSE,TRUE,4,9491,9492
mol4888,O=C([C@H]1C[C@@H]1c1ccccc1)N1CCC([NH+]2CCCCC2)CC1,O=C([C@H]1C[C@@H]1c1ccccc1)N1CCC(N2CCCCC2)CC1,"9,300",17,N,1,0,1,0,SP3,FALSE,TRUE,4,9493,9494
mol4889,O=C(O)/C(I)=C/c1ccccc1,O=C([O-])/C(I)=C/c1ccccc1,"3,300",10,O,0,-1,1,0,SP2,FALSE,FALSE,2,9495,9496
mol4890,O=C(O)/C(I)=C\c1ccccc1,O=C([O-])/C(I)=C\c1ccccc1,"2,240",10,O,0,-1,1,0,SP2,FALSE,FALSE,2,9497,9498
mol4891,O=C(O)/C=C(\I)c1ccccc1,O=C([O-])/C=C(\I)c1ccccc1,"3,400",10,O,0,-1,1,0,SP2,FALSE,FALSE,2,9499,9500
mol4892,O=C(O)/C=C/C(=O)c1ccccc1,O=C([O-])/C=C/C(=O)c1ccccc1,"3,340",12,O,0,-1,1,0,SP2,FALSE,FALSE,2,9501,9502
mol4893,O=C(O)/C=C/CCl,O=C([O-])/C=C/CCl,"4,140",5,O,0,-1,1,0,SP2,FALSE,FALSE,2,9503,9504
mol4894,O=C(O)/C=C/SC1CCCCC1,O=C([O-])/C=C/SC1CCCCC1,"4,700",11,O,0,-1,1,0,SP2,FALSE,FALSE,2,9505,9506
mol4895,O=C(O)/C=C/c1ccc2c(c1)OCO2,O=C([O-])/C=C/c1ccc2c(c1)OCO2,"4,600",10,O,0,-1,1,0,SP2,FALSE,FALSE,2,9507,9508
mol4896,O=C(O)/C=C/c1cccc(C(F)(F)F)c1,O=C([O-])/C=C/c1cccc(C(F)(F)F)c1,"4,600",14,O,0,-1,1,0,SP2,FALSE,FALSE,2,9509,9510
mol4897,O=C(O)/C=C/c1cccc(Cl)c1,O=C([O-])/C=C/c1cccc(Cl)c1,"4,800",11,O,0,-1,1,0,SP2,FALSE,FALSE,2,9511,9512
mol4898,O=C(O)/C=C/c1ccccc1,O=C([O-])/C=C/c1ccccc1,"4,425",10,O,0,-1,1,0,SP2,FALSE,FALSE,2,9513,9514
mol4899,O=C(O)/C=C/c1ccco1,O=C([O-])/C=C/c1ccco1,"4,290",9,O,0,-1,1,0,SP2,FALSE,FALSE,2,9515,9516
mol4900,O=C(O)/C=C/c1cccs1,O=C([O-])/C=C/c1cccs1,"4,250",9,O,0,-1,1,0,SP2,FALSE,FALSE,2,9517,9518
mol4901,O=C(O)/C=C/c1ccoc1,O=C([O-])/C=C/c1ccoc1,"4,310",9,O,0,-1,1,0,SP2,FALSE,FALSE,2,9519,9520
mol4902,O=C(O)/C=C\SC1CCCCC1,O=C([O-])/C=C\SC1CCCCC1,"4,950",11,O,0,-1,1,0,SP2,FALSE,FALSE,2,9521,9522
mol4903,O=C(O)/C=C\c1cccc(Cl)c1,O=C([O-])/C=C\c1cccc(Cl)c1,"3,710",11,O,0,-1,1,0,SP2,FALSE,FALSE,2,9523,9524
mol4904,O=C(O)/C=C\c1ccccc1,O=C([O-])/C=C\c1ccccc1,"3,880",10,O,0,-1,1,0,SP2,FALSE,FALSE,2,9525,9526
mol4905,O=C(O)C#COc1ccccc1,O=C([O-])C#COc1ccccc1,"3,090",11,O,0,-1,1,0,SP2,FALSE,FALSE,2,9527,9528
mol4906,O=C(O)C#CSc1ccccc1,O=C([O-])C#CSc1ccccc1,"2,110",11,O,0,-1,1,0,SP2,FALSE,FALSE,2,9529,9530
mol4907,O=C(O)C#Cc1ccccc1,O=C([O-])C#Cc1ccccc1,"2,260",10,O,0,-1,1,0,SP2,FALSE,FALSE,2,9531,9532
mol4908,O=C(O)C(=O)C(c1ccccc1)c1ccccc1,O=C([O-])C(=O)C(c1ccccc1)c1ccccc1,"2,780",17,O,0,-1,1,0,SP2,FALSE,FALSE,2,9533,9534
mol4909,O=C(O)C(=O)Cc1ccccc1,O=C([O-])C(=O)Cc1ccccc1,"2,680",11,O,0,-1,1,0,SP2,FALSE,FALSE,2,9535,9536
mol4910,O=C(O)C(CO)c1ccccc1,O=C([O-])C(CO)c1ccccc1,"4,230",11,O,0,-1,1,0,SP2,FALSE,FALSE,2,9537,9538
mol4911,O=C(O)C(F)c1ccccc1,O=C([O-])C(F)c1ccccc1,"2,450",9,O,0,-1,1,0,SP2,FALSE,FALSE,2,9539,9540
mol4912,O=C(O)C(O)(c1ccccc1)c1ccccc1,O=C([O-])C(O)(c1ccccc1)c1ccccc1,"3,050",15,O,0,-1,1,0,SP2,FALSE,FALSE,2,9541,9542
mol4913,O=C(O)C(O)c1ccccc1,O=C([O-])C(O)c1ccccc1,"4,865",9,O,0,-1,1,0,SP2,FALSE,FALSE,2,9543,9544
mol4914,O=C(O)C(c1ccc(-c2ccccc2)cc1)C(O)C1CCCCC1,O=C([O-])C(c1ccc(-c2ccccc2)cc1)C(O)C1CCCCC1,"4,190",23,O,0,-1,1,0,SP2,FALSE,FALSE,2,9545,9546
mol4915,O=C(O)C(c1ccc(-c2ccccc2)cc1)C(O)Cc1ccccc1,O=C([O-])C(c1ccc(-c2ccccc2)cc1)C(O)Cc1ccccc1,"4,290",23,O,0,-1,1,0,SP2,FALSE,FALSE,2,9547,9548
mol4916,O=C(O)C(c1ccc(-c2ccccc2)cc1)C(O)c1ccccc1,O=C([O-])C(c1ccc(-c2ccccc2)cc1)C(O)c1ccccc1,"4,250",23,O,0,-1,1,0,SP2,FALSE,FALSE,2,9549,9550
mol4917,O=C(O)C(c1ccc(-c2ccccc2)cc1)C1(O)CCCC1,O=C([O-])C(c1ccc(-c2ccccc2)cc1)C1(O)CCCC1,"3,650",15,O,0,-1,1,0,SP2,FALSE,FALSE,2,9551,9552
mol4918,O=C(O)C(c1ccc(-c2ccccc2)cc1)C1(O)CCCCC1,O=C([O-])C(c1ccc(-c2ccccc2)cc1)C1(O)CCCCC1,"3,590",15,O,0,-1,1,0,SP2,FALSE,FALSE,2,9553,9554
mol4919,O=C(O)C(c1ccc(C2CCCCC2)cc1)C(O)c1ccccc1,O=C([O-])C(c1ccc(C2CCCCC2)cc1)C(O)c1ccccc1,"4,240",22,O,0,-1,1,0,SP2,FALSE,FALSE,2,9555,9556
mol4920,O=C(O)C1(O)CCC1,O=C([O-])C1(O)CCC1,"3,880",6,O,0,-1,1,0,SP2,FALSE,FALSE,2,9557,9558
mol4921,O=C(O)C1(O)CCCC1,O=C([O-])C1(O)CCCC1,"4,110",7,O,0,-1,1,0,SP2,FALSE,FALSE,2,9559,9560
mol4922,O=C(O)C1(O)CCCCC1,O=C([O-])C1(O)CCCCC1,"4,180",8,O,0,-1,1,0,SP2,FALSE,FALSE,2,9561,9562
mol4923,O=C(O)C1(O)CCCCCC1,O=C([O-])C1(O)CCCCCC1,"4,040",9,O,0,-1,1,0,SP2,FALSE,FALSE,2,9563,9564
mol4924,O=C(O)C1(O)c2ccccc2-c2ccccc21,O=C([O-])C1(O)c2ccccc2-c2ccccc21,"2,920",15,O,0,-1,1,0,SP2,FALSE,FALSE,2,9565,9566
mol4925,O=C(O)C12CC3(F)CC(F)(CC(F)(C3)C1)C2,O=C([O-])C12CC3(F)CC(F)(CC(F)(C3)C1)C2,"3,240",15,O,0,-1,1,0,SP2,FALSE,FALSE,2,9567,9568
mol4926,O=C(O)C12CC3CC(CC(C3)C1)C2,O=C([O-])C12CC3CC(CC(C3)C1)C2,"4,950",12,O,0,-1,1,0,SP2,FALSE,FALSE,2,9569,9570
mol4927,O=C(O)C12CC3CC(CC(F)(C3)C1)C2,O=C([O-])C12CC3CC(CC(F)(C3)C1)C2,"4,220",13,O,0,-1,1,0,SP2,FALSE,FALSE,2,9571,9572
mol4928,O=C(O)C12CCC(C1)C2,O=C([O-])C12CCC(C1)C2,"3,960",8,O,0,-1,1,0,SP2,FALSE,FALSE,2,9573,9574
mol4929,O=C(O)C12CCC(CC1)C2,O=C([O-])C12CCC(CC1)C2,"4,890",9,O,0,-1,1,0,SP2,FALSE,FALSE,2,9575,9576
mol4930,O=C(O)C12CCC(O)(CC1)CC2,O=C([O-])C12CCC(O)(CC1)CC2,"6,330",10,O,0,-1,1,0,SP2,FALSE,FALSE,2,9577,9578
mol4931,O=C(O)C1=C(CO)CC1,O=C([O-])C1=C(CO)CC1,"4,160",8,O,0,-1,1,0,SP2,FALSE,FALSE,2,9579,9580
mol4932,O=C(O)C1=C(CO)CCC1,O=C([O-])C1=C(CO)CCC1,"4,540",7,O,0,-1,1,0,SP2,FALSE,FALSE,2,9581,9582
mol4933,O=C(O)C1=C/C=C\C=C/C=C\1,O=C([O-])C1=C/C=C\C=C/C=C\1,"4,400",10,O,0,-1,1,0,SP2,FALSE,FALSE,2,9583,9584
mol4934,O=C(O)C1C2CCC1CC2,O=C([O-])C1C2CCC1CC2,"4,850",9,O,0,-1,1,0,SP2,FALSE,FALSE,2,9585,9586
mol4935,O=C(O)C1C=Cc2ccccc21,O=C([O-])C1C=Cc2ccccc21,"3,920",11,O,0,-1,1,0,SP2,FALSE,FALSE,2,9587,9588
mol4936,O=C(O)C1CC1,O=C([O-])C1CC1,"4,830",5,O,0,-1,1,0,SP2,FALSE,FALSE,2,9589,9590
mol4937,O=C(O)C1CC1(Br)Br,O=C([O-])C1CC1(Br)Br,"3,570",7,O,0,-1,1,0,SP2,FALSE,FALSE,2,9591,9592
mol4938,O=C(O)C1CC1(Cl)Cl,O=C([O-])C1CC1(Cl)Cl,"3,510",7,O,0,-1,1,0,SP2,FALSE,FALSE,2,9593,9594
mol4939,O=C(O)C1CCC1,O=C([O-])C1CCC1,"4,790",6,O,0,-1,1,0,SP2,FALSE,FALSE,2,9595,9596
mol4940,O=C(O)C1CCCC1,O=C([O-])C1CCCC1,"4,990",7,O,0,-1,1,0,SP2,FALSE,FALSE,2,9597,9598
mol4941,O=C(O)C1CCCCC1,O=C([O-])C1CCCCC1,"4,890",8,O,0,-1,1,0,SP2,FALSE,FALSE,2,9599,9600
mol4942,O=C(O)C1CCCCO1,O=C([O-])C1CCCCO1,"3,840",8,O,0,-1,1,0,SP2,FALSE,FALSE,2,9601,9602
mol4943,O=C(O)C1CCCCn2nnnc21,O=C([O-])C1CCCCn2nnnc21,"3,400",12,O,0,-1,1,0,SP2,FALSE,FALSE,2,9603,9604
mol4944,O=C(O)C1CCCOC1,O=C([O-])C1CCCOC1,"4,250",8,O,0,-1,1,0,SP2,FALSE,FALSE,2,9605,9606
mol4945,O=C([O-])C1CCC[NH2+]1,O=C([O-])C1CCCN1,"10,610",3,N,1,0,2,1,SP3,FALSE,TRUE,4,9607,9608
mol4946,O=C(O)C1CCCc2ccccc2O1,O=C([O-])C1CCCc2ccccc2O1,"3,630",13,O,0,-1,1,0,SP2,FALSE,FALSE,2,9609,9610
mol4947,O=C(O)C1CCOc2ccc(Cl)cc21,O=C([O-])C1CCOc2ccc(Cl)cc21,"4,900",13,O,0,-1,1,0,SP2,FALSE,FALSE,2,9611,9612
mol4948,O=C([O-])C1CC[NH2+]1,O=C([O-])C1CCN1,"9,540",2,N,1,0,2,1,SP3,FALSE,TRUE,4,9613,9614
mol4949,O=C(O)C1CCc2ccccc2O1,O=C([O-])C1CCc2ccccc2O1,"3,380",12,O,0,-1,1,0,SP2,FALSE,FALSE,2,9615,9616
mol4950,O=C(O)C1COCCO1,O=C([O-])C1COCCO1,"3,150",8,O,0,-1,1,0,SP2,FALSE,FALSE,2,9617,9618
mol4951,O=C(O)C1Cc2ccccc2O1,O=C([O-])C1Cc2ccccc2O1,"3,250",11,O,0,-1,1,0,SP2,FALSE,FALSE,2,9619,9620
mol4952,O=C(O)C1SCc2ccccc21,O=C([O-])C1SCc2ccccc21,"5,320",11,O,0,-1,1,0,SP2,FALSE,FALSE,2,9621,9622
mol4953,O=C(O)C1c2ccccc2-c2ccccc21,O=C([O-])C1c2ccccc2-c2ccccc21,"2,765",15,O,0,-1,1,0,SP2,FALSE,FALSE,2,9623,9624
mol4954,O=C(O)C1c2ccccc2Oc2ccccc21,O=C([O-])C1c2ccccc2Oc2ccccc21,"3,890",16,O,0,-1,1,0,SP2,FALSE,FALSE,2,9625,9626
mol4955,O=C(O)C=C=Cc1ccccc1,O=C([O-])C=C=Cc1ccccc1,"3,700",11,O,0,-1,1,0,SP2,FALSE,FALSE,2,9627,9628
mol4956,O=C(O)CBr,O=C([O-])CBr,"2,870",3,O,0,-1,1,0,SP2,FALSE,FALSE,2,9629,9630
mol4957,O=C(O)CC#Cc1ccccc1,O=C([O-])CC#Cc1ccccc1,"3,440",11,O,0,-1,1,0,SP2,FALSE,FALSE,2,9631,9632
mol4958,O=C(O)CC(F)(F)F,O=C([O-])CC(F)(F)F,"3,060",3,O,0,-1,1,0,SP2,FALSE,FALSE,2,9633,9634
mol4959,O=C(O)CC(O)c1ccccc1,O=C([O-])CC(O)c1ccccc1,"4,400",10,O,0,-1,1,0,SP2,FALSE,FALSE,2,9635,9636
mol4960,O=C(O)CC(c1ccccc1)c1ccccc1Cl,O=C([O-])CC(c1ccccc1)c1ccccc1Cl,"4,700",10,O,0,-1,1,0,SP2,FALSE,FALSE,2,9637,9638
mol4961,O=C(O)CC1CCCCC1,O=C([O-])CC1CCCCC1,"4,800",9,O,0,-1,1,0,SP2,FALSE,FALSE,2,9639,9640
mol4962,O=C(O)CC1CCCCO1,O=C([O-])CC1CCCCO1,"4,390",9,O,0,-1,1,0,SP2,FALSE,FALSE,2,9641,9642
mol4963,O=C(O)CC1NC(=O)c2ccccc2O1,O=C([O-])CC1NC(=O)c2ccccc2O1,"4,900",14,O,0,-1,1,0,SP2,FALSE,FALSE,2,9643,9644
mol4964,O=C(O)CCBr,O=C([O-])CCBr,"3,860",5,O,0,-1,1,0,SP2,FALSE,FALSE,2,9645,9646
mol4965,O=C(O)CCC(=O)c1ccc(-c2ccccc2)cc1,O=C([O-])CCC(=O)c1ccc(-c2ccccc2)cc1,"4,460",18,O,0,-1,1,0,SP2,FALSE,FALSE,2,9647,9648
mol4966,O=C(O)CCC(=O)c1ccc2ccccc2c1,O=C([O-])CCC(=O)c1ccc2ccccc2c1,"4,960",16,O,0,-1,1,0,SP2,FALSE,FALSE,2,9649,9650
mol4967,O=C(O)CCC(=O)c1cccc2ccccc12,O=C([O-])CCC(=O)c1cccc2ccccc12,"4,480",16,O,0,-1,1,0,SP2,FALSE,FALSE,2,9651,9652
mol4968,O=C(O)CCC1CCCCC1,O=C([O-])CCC1CCCCC1,"4,910",10,O,0,-1,1,0,SP2,FALSE,FALSE,2,9653,9654
mol4969,O=C(O)CCCC1CCCCC1,O=C([O-])CCCC1CCCCC1,"4,950",11,O,0,-1,1,0,SP2,FALSE,FALSE,2,9655,9656
mol4970,O=C(O)CCCCC1CCSS1,O=C([O-])CCCCC1CCSS1,"4,820",11,O,0,-1,1,0,SP2,FALSE,FALSE,2,9657,9658
mol4971,O=C(O)CCCC[P+](c1ccccc1)(c1ccccc1)c1ccccc1,O=C([O-])CCCC[P+](c1ccccc1)(c1ccccc1)c1ccccc1,"5,190",13,O,0,-1,1,0,SP2,FALSE,FALSE,2,9659,9660
mol4972,O=C(O)CCCCc1ccccc1,O=C([O-])CCCCc1ccccc1,"4,880",12,O,0,-1,1,0,SP2,FALSE,FALSE,2,9661,9662
mol4973,O=C(O)CCCN1C(=O)S/C(=C\C=C\c2ccccc2)C1=O,O=C([O-])CCCN1C(=O)S/C(=C\C=C\c2ccccc2)C1=O,"3,890",21,O,0,-1,1,0,SP2,FALSE,FALSE,2,9663,9664
mol4974,O=C(O)CCCO,O=C([O-])CCCO,"4,720",4,O,0,-1,1,0,SP2,FALSE,FALSE,2,9665,9666
mol4975,O=C(O)CCCOC(=O)CCCBr,O=C([O-])CCCOC(=O)CCCBr,"4,600",4,O,0,-1,1,0,SP2,FALSE,FALSE,2,9667,9668
mol4976,O=C(O)CCCP,O=C([O-])CCCP,"4,530",4,O,0,-1,1,0,SP2,FALSE,FALSE,2,9669,9670
mol4977,O=C(O)CCC[C@@H]1c2ccccc2C[C@H]1NC(=O)c1cc2cc(F)ccc2[nH]1,O=C([O-])CCC[C@@H]1c2ccccc2C[C@H]1NC(=O)c1cc2cc(F)ccc2[nH]1,"4,240",14,O,0,-1,1,0,SP2,FALSE,FALSE,2,9671,9672
mol4978,O=C(O)CCCc1c[nH]c2ccccc12,O=C([O-])CCCc1c[nH]c2ccccc12,"4,820",14,O,0,-1,1,0,SP2,FALSE,FALSE,2,9673,9674
mol4979,O=C(O)CCCc1ccc(N(CCCl)CCCl)cc1,O=C([O-])CCCc1ccc(N(CCCl)CCCl)cc1,"5,800",11,O,0,-1,1,0,SP2,FALSE,FALSE,2,9675,9676
mol4980,O=C(O)CCCc1ccccc1,O=C([O-])CCCc1ccccc1,"4,780",11,O,0,-1,1,0,SP2,FALSE,FALSE,2,9677,9678
mol4981,O=C(O)CCCc1cccs1,O=C([O-])CCCc1cccs1,"4,540",10,O,0,-1,1,0,SP2,FALSE,FALSE,2,9679,9680
mol4982,O=C(O)CCCl,O=C([O-])CCCl,"4,040",5,O,0,-1,1,0,SP2,FALSE,FALSE,2,9681,9682
mol4983,O=C(O)CCP,O=C([O-])CCP,"4,230",5,O,0,-1,1,0,SP2,FALSE,FALSE,2,9683,9684
mol4984,O=C(O)CC[C@H]1CC[C@H](O)CC1,O=C([O-])CC[C@H]1CC[C@H](O)CC1,"4,860",11,O,0,-1,1,0,SP2,FALSE,FALSE,2,9685,9686
mol4985,O=C(O)CCc1c[nH]c2ccccc12,O=C([O-])CCc1c[nH]c2ccccc12,"4,870",13,O,0,-1,1,0,SP2,FALSE,FALSE,2,9687,9688
mol4986,O=C(O)CCc1ccc(Br)cc1,O=C([O-])CCc1ccc(Br)cc1,"4,330",10,O,0,-1,1,0,SP2,FALSE,FALSE,2,9689,9690
mol4987,O=C(O)CCc1ccc(Cl)cc1,O=C([O-])CCc1ccc(Cl)cc1,"4,650",10,O,0,-1,1,0,SP2,FALSE,FALSE,2,9691,9692
mol4988,O=C(O)CCc1ccccc1,O=C([O-])CCc1ccccc1,"4,615",10,O,0,-1,1,0,SP2,FALSE,FALSE,2,9693,9694
mol4989,O=C(O)CCc1ccco1,O=C([O-])CCc1ccco1,"4,360",9,O,0,-1,1,0,SP2,FALSE,FALSE,2,9695,9696
mol4990,O=C(O)CCc1cccs1,O=C([O-])CCc1cccs1,"4,340",9,O,0,-1,1,0,SP2,FALSE,FALSE,2,9697,9698
mol4991,O=C(O)CCc1ccoc1,O=C([O-])CCc1ccoc1,"4,440",9,O,0,-1,1,0,SP2,FALSE,FALSE,2,9699,9700
mol4992,O=C(O)CCc1ccsc1,O=C([O-])CCc1ccsc1,"4,450",9,O,0,-1,1,0,SP2,FALSE,FALSE,2,9701,9702
mol4993,O=C(O)CCc1nc(-c2ccccc2)c(-c2ccccc2)o1,O=C([O-])CCc1nc(-c2ccccc2)c(-c2ccccc2)o1,"5,050",15,O,0,-1,1,0,SP2,FALSE,FALSE,2,9703,9704
mol4994,O=C(O)CCc1nnnn1-c1ccccc1,O=C([O-])CCc1nnnn1-c1ccccc1,"5,000",15,O,0,-1,1,0,SP2,FALSE,FALSE,2,9705,9706
mol4995,O=C(O)CCl,O=C([O-])CCl,"2,850",3,O,0,-1,1,0,SP2,FALSE,FALSE,2,9707,9708
mol4996,O=C(O)CF,O=C([O-])CF,"2,610",3,O,0,-1,1,0,SP2,FALSE,FALSE,2,9709,9710
mol4997,O=C(O)CI,O=C([O-])CI,"3,160",3,O,0,-1,1,0,SP2,FALSE,FALSE,2,9711,9712
mol4998,O=C(O)CN(Cc1ccccc1)S(=O)(=O)c1ccc(OC(F)F)cc1,O=C([O-])CN(Cc1ccccc1)S(=O)(=O)c1ccc(OC(F)F)cc1,"3,400",11,O,0,-1,1,0,SP2,FALSE,FALSE,2,9713,9714
mol4999,O=C(O)CN1C(=O)c2cccc3cccc(c23)C1=O,O=C([O-])CN1C(=O)c2cccc3cccc(c23)C1=O,"4,800",18,O,0,-1,1,0,SP2,FALSE,FALSE,2,9715,9716
mol5000,O=C(O)CO,O=C([O-])CO,"3,670",3,O,0,-1,1,0,SP2,FALSE,FALSE,2,9717,9718
mol5001,O=C(O)COc1cc2c(c(Cl)c1Cl)C(=O)C(C1CCCC1)C2,O=C([O-])COc1cc2c(c(Cl)c1Cl)C(=O)C(C1CCCC1)C2,"3,900",10,O,0,-1,1,0,SP2,FALSE,FALSE,2,9719,9720
mol5002,O=C(O)COc1cc2c(c(Cl)c1Cl)C(=O)C(CC1CCCC1)C2,O=C([O-])COc1cc2c(c(Cl)c1Cl)C(=O)C(CC1CCCC1)C2,"3,800",10,O,0,-1,1,0,SP2,FALSE,FALSE,2,9721,9722
mol5003,O=C(O)COc1cc2c(c(Cl)c1Cl)C1=CC(=O)CCC1(C1CCCC1)C2,O=C([O-])COc1cc2c(c(Cl)c1Cl)C1=CC(=O)CCC1(C1CCCC1)C2,"3,830",10,O,0,-1,1,0,SP2,FALSE,FALSE,2,9723,9724
mol5004,O=C(O)COc1ccccc1,O=C([O-])COc1ccccc1,"3,175",10,O,0,-1,1,0,SP2,FALSE,FALSE,2,9725,9726
mol5005,O=C(O)CP,O=C([O-])CP,"4,070",3,O,0,-1,1,0,SP2,FALSE,FALSE,2,9727,9728
mol5006,O=C(O)CS/C=C/c1ccccc1,O=C([O-])CS/C=C/c1ccccc1,"3,500",12,O,0,-1,1,0,SP2,FALSE,FALSE,2,9729,9730
mol5007,O=C(O)CSC(c1ccccc1)(c1ccccc1)c1ccccc1,O=C([O-])CSC(c1ccccc1)(c1ccccc1)c1ccccc1,"4,320",23,O,0,-1,1,0,SP2,FALSE,FALSE,2,9731,9732
mol5008,O=C(O)CSCCc1ccccc1,O=C([O-])CSCCc1ccccc1,"3,800",12,O,0,-1,1,0,SP2,FALSE,FALSE,2,9733,9734
mol5009,O=C(O)CSCc1ccccc1,O=C([O-])CSCc1ccccc1,"3,730",11,O,0,-1,1,0,SP2,FALSE,FALSE,2,9735,9736
mol5010,O=C(O)CSc1ccccc1,O=C([O-])CSc1ccccc1,"3,520",10,O,0,-1,1,0,SP2,FALSE,FALSE,2,9737,9738
mol5011,O=C(O)C[C@@H]1c2ccccc2C[C@H]1NC(=O)c1cc2cc(F)ccc2[nH]1,O=C([O-])C[C@@H]1c2ccccc2C[C@H]1NC(=O)c1cc2cc(F)ccc2[nH]1,"3,950",12,O,0,-1,1,0,SP2,FALSE,FALSE,2,9739,9740
mol5012,O=C(O)C[C@]1(O)C[C@@H]2C=C[C@H]1C2,O=C([O-])C[C@]1(O)C[C@@H]2C=C[C@H]1C2,"4,360",10,O,0,-1,1,0,SP2,FALSE,FALSE,2,9741,9742
mol5013,O=C(O)C[C@]1(O)C[C@@H]2CC[C@H]1C2,O=C([O-])C[C@]1(O)C[C@@H]2CC[C@H]1C2,"4,460",10,O,0,-1,1,0,SP2,FALSE,FALSE,2,9743,9744
mol5014,O=C(O)C[C@]1(O)C[C@H]2C=C[C@@H]1C2,O=C([O-])C[C@]1(O)C[C@H]2C=C[C@@H]1C2,"4,360",10,O,0,-1,1,0,SP2,FALSE,FALSE,2,9745,9746
mol5015,O=C(O)C[C@]1(O)C[C@H]2CC[C@@H]1C2,O=C([O-])C[C@]1(O)C[C@H]2CC[C@@H]1C2,"4,570",10,O,0,-1,1,0,SP2,FALSE,FALSE,2,9747,9748
mol5016,O=C([O-])C[NH+]1CCCCC1,O=C([O-])CN1CCCCC1,"10,350",3,N,1,0,1,0,SP3,FALSE,TRUE,4,9749,9750
mol5017,O=C(O)Cc1c(-c2ccccc2)ccc2ccccc12,O=C([O-])Cc1c(-c2ccccc2)ccc2ccccc12,"6,900",19,O,0,-1,1,0,SP2,FALSE,FALSE,2,9751,9752
mol5018,O=C(O)Cc1c[nH]c2ccccc12,O=C([O-])Cc1c[nH]c2ccccc12,"4,390",12,O,0,-1,1,0,SP2,FALSE,FALSE,2,9753,9754
mol5019,O=C(O)Cc1cc(-c2ccccc2)c2ccccc2c1,O=C([O-])Cc1cc(-c2ccccc2)c2ccccc2c1,"7,000",19,O,0,-1,1,0,SP2,FALSE,FALSE,2,9755,9756
mol5020,O=C(O)Cc1cc(-c2ccccc2)cc2ccccc12,O=C([O-])Cc1cc(-c2ccccc2)cc2ccccc12,"6,700",19,O,0,-1,1,0,SP2,FALSE,FALSE,2,9757,9758
mol5021,O=C(O)Cc1cc(F)ccc1Nc1c(Cl)cccc1Cl,O=C([O-])Cc1cc(F)ccc1Nc1c(Cl)cccc1Cl,"4,020",17,O,0,-1,1,0,SP2,FALSE,FALSE,2,9759,9760
mol5022,O=C(O)Cc1cc2ccccc2cc1-c1ccccc1,O=C([O-])Cc1cc2ccccc2cc1-c1ccccc1,"7,100",19,O,0,-1,1,0,SP2,FALSE,FALSE,2,9761,9762
mol5023,O=C(O)Cc1ccc(-c2ccccc2)c2ccccc12,O=C([O-])Cc1ccc(-c2ccccc2)c2ccccc12,"6,800",19,O,0,-1,1,0,SP2,FALSE,FALSE,2,9763,9764
mol5024,O=C(O)Cc1ccc(-c2ccccc2)cc1,O=C([O-])Cc1ccc(-c2ccccc2)cc1,"4,460",15,O,0,-1,1,0,SP2,FALSE,FALSE,2,9765,9766
mol5025,O=C(O)Cc1ccc(Cl)s1,O=C([O-])Cc1ccc(Cl)s1,"3,890",8,O,0,-1,1,0,SP2,FALSE,FALSE,2,9767,9768
mol5026,O=C(O)Cc1ccc2c(-c3ccccc3)cccc2c1,O=C([O-])Cc1ccc2c(-c3ccccc3)cccc2c1,"6,600",19,O,0,-1,1,0,SP2,FALSE,FALSE,2,9769,9770
mol5027,O=C(O)Cc1ccc2cc(-c3ccccc3)ccc2c1,O=C([O-])Cc1ccc2cc(-c3ccccc3)ccc2c1,"6,600",19,O,0,-1,1,0,SP2,FALSE,FALSE,2,9771,9772
mol5028,O=C(O)Cc1ccc2ccc(-c3ccccc3)cc2c1,O=C([O-])Cc1ccc2ccc(-c3ccccc3)cc2c1,"6,700",19,O,0,-1,1,0,SP2,FALSE,FALSE,2,9773,9774
mol5029,O=C(O)Cc1ccc2cccc(-c3ccccc3)c2c1,O=C([O-])Cc1ccc2cccc(-c3ccccc3)c2c1,"6,800",19,O,0,-1,1,0,SP2,FALSE,FALSE,2,9775,9776
mol5030,O=C(O)Cc1ccc2ccccc2c1,O=C([O-])Cc1ccc2ccccc2c1,"4,260",13,O,0,-1,1,0,SP2,FALSE,FALSE,2,9777,9778
mol5031,O=C(O)Cc1ccc2ccccc2c1-c1ccccc1,O=C([O-])Cc1ccc2ccccc2c1-c1ccccc1,"7,200",19,O,0,-1,1,0,SP2,FALSE,FALSE,2,9779,9780
mol5032,O=C(O)Cc1cccc2c(-c3ccccc3)cccc12,O=C([O-])Cc1cccc2c(-c3ccccc3)cccc12,"6,700",19,O,0,-1,1,0,SP2,FALSE,FALSE,2,9781,9782
mol5033,O=C(O)Cc1cccc2cc(-c3ccccc3)ccc12,O=C([O-])Cc1cccc2cc(-c3ccccc3)ccc12,"6,900",19,O,0,-1,1,0,SP2,FALSE,FALSE,2,9783,9784
mol5034,O=C(O)Cc1cccc2ccc(-c3ccccc3)cc12,O=C([O-])Cc1cccc2ccc(-c3ccccc3)cc12,"6,900",19,O,0,-1,1,0,SP2,FALSE,FALSE,2,9785,9786
mol5035,O=C(O)Cc1cccc2ccccc12,O=C([O-])Cc1cccc2ccccc12,"4,240",13,O,0,-1,1,0,SP2,FALSE,FALSE,2,9787,9788
mol5036,O=C(O)Cc1cccc2oc(-c3ccc(Cl)cc3)nc12,O=C([O-])Cc1cccc2oc(-c3ccc(Cl)cc3)nc12,"6,100",19,O,0,-1,1,0,SP2,FALSE,FALSE,2,9789,9790
mol5037,O=C(O)Cc1cccc2oc(-c3ccccc3)nc12,O=C([O-])Cc1cccc2oc(-c3ccccc3)nc12,"6,300",18,O,0,-1,1,0,SP2,FALSE,FALSE,2,9791,9792
mol5038,O=C(O)Cc1ccccc1,O=C([O-])Cc1ccccc1,"4,270",9,O,0,-1,1,0,SP2,FALSE,FALSE,2,9793,9794
mol5039,O=C(O)Cc1ccccc1Nc1c(Cl)cccc1Br,O=C([O-])Cc1ccccc1Nc1c(Cl)cccc1Br,"4,200",9,O,0,-1,1,0,SP2,FALSE,FALSE,2,9795,9796
mol5040,O=C(O)Cc1ccccc1Nc1c(Cl)cccc1Cl,O=C([O-])Cc1ccccc1Nc1c(Cl)cccc1Cl,"4,256",9,O,0,-1,1,0,SP2,FALSE,FALSE,2,9797,9798
mol5041,O=C(O)Cc1ccccc1Nc1c(Cl)cccc1I,O=C([O-])Cc1ccccc1Nc1c(Cl)cccc1I,"4,240",9,O,0,-1,1,0,SP2,FALSE,FALSE,2,9799,9800
mol5042,O=C(O)Cc1ccccc1Nc1c(F)cccc1F,O=C([O-])Cc1ccccc1Nc1c(F)cccc1F,"4,090",9,O,0,-1,1,0,SP2,FALSE,FALSE,2,9801,9802
mol5043,O=C(O)Cc1ccccc1Nc1cc(Cl)cc(Cl)c1,O=C([O-])Cc1ccccc1Nc1cc(Cl)cc(Cl)c1,"4,310",9,O,0,-1,1,0,SP2,FALSE,FALSE,2,9803,9804
mol5044,O=C(O)Cc1ccccc1Nc1cc(Cl)ccc1Cl,O=C([O-])Cc1ccccc1Nc1cc(Cl)ccc1Cl,"4,100",9,O,0,-1,1,0,SP2,FALSE,FALSE,2,9805,9806
mol5045,O=C(O)Cc1ccccc1Nc1ccc(Cl)c(Cl)c1,O=C([O-])Cc1ccccc1Nc1ccc(Cl)c(Cl)c1,"4,300",9,O,0,-1,1,0,SP2,FALSE,FALSE,2,9807,9808
mol5046,O=C(O)Cc1ccccc1Nc1cccc(Cl)c1Cl,O=C([O-])Cc1ccccc1Nc1cccc(Cl)c1Cl,"4,200",9,O,0,-1,1,0,SP2,FALSE,FALSE,2,9809,9810
mol5047,O=C(O)Cc1ccccc1Nc1ccccc1,O=C([O-])Cc1ccccc1Nc1ccccc1,"4,100",16,O,0,-1,1,0,SP2,FALSE,FALSE,2,9811,9812
mol5048,O=C(O)Cc1ccco1,O=C([O-])Cc1ccco1,"3,720",8,O,0,-1,1,0,SP2,FALSE,FALSE,2,9813,9814
mol5049,O=C(O)Cc1cccs1,O=C([O-])Cc1cccs1,"3,850",8,O,0,-1,1,0,SP2,FALSE,FALSE,2,9815,9816
mol5050,O=C(O)Cc1ccoc1,O=C([O-])Cc1ccoc1,"4,070",8,O,0,-1,1,0,SP2,FALSE,FALSE,2,9817,9818
mol5051,O=C(O)Cc1ccsc1,O=C([O-])Cc1ccsc1,"4,070",8,O,0,-1,1,0,SP2,FALSE,FALSE,2,9819,9820
mol5052,O=C(O)Cc1nn(Cc2nc3cc(C(F)(F)F)ccc3s2)c(=O)c2ccccc12,O=C([O-])Cc1nn(Cc2nc3cc(C(F)(F)F)ccc3s2)c(=O)c2ccccc12,"3,000",28,O,0,-1,1,0,SP2,FALSE,FALSE,2,9821,9822
mol5053,O=C(O)Cc1nnnn1-c1ccccc1,O=C([O-])Cc1nnnn1-c1ccccc1,"3,100",14,O,0,-1,1,0,SP2,FALSE,FALSE,2,9823,9824
mol5054,O=C(O)Cn1c2ccccc2c2ccccc21,O=C([O-])Cn1c2ccccc2c2ccccc21,"3,550",16,O,0,-1,1,0,SP2,FALSE,FALSE,2,9825,9826
mol5055,O=C(O)Cn1ccc2ccccc21,O=C([O-])Cn1ccc2ccccc21,"3,400",12,O,0,-1,1,0,SP2,FALSE,FALSE,2,9827,9828
mol5056,O=C(O)Cn1cccc1,O=C([O-])Cn1cccc1,"3,300",8,O,0,-1,1,0,SP2,FALSE,FALSE,2,9829,9830
mol5057,O=C(O)Cn1cnnn1,O=C([O-])Cn1cnnn1,"2,270",8,O,0,-1,1,0,SP2,FALSE,FALSE,2,9831,9832
mol5058,O=C(O)Cn1ncnn1,O=C([O-])Cn1ncnn1,"2,120",8,O,0,-1,1,0,SP2,FALSE,FALSE,2,9833,9834
mol5059,O=C(O)Cn1nnnc1-c1ccccc1,O=C([O-])Cn1nnnc1-c1ccccc1,"2,110",14,O,0,-1,1,0,SP2,FALSE,FALSE,2,9835,9836
mol5060,O=C(O)[C@@H]1CCCC[C@@H]1O,O=C([O-])[C@@H]1CCCC[C@@H]1O,"4,800",8,O,0,-1,1,0,SP2,FALSE,FALSE,2,9837,9838
mol5061,O=C(O)[C@@H]1CCC[C@H](O)C1,O=C([O-])[C@@H]1CCC[C@H](O)C1,"4,600",9,O,0,-1,1,0,SP2,FALSE,FALSE,2,9839,9840
mol5062,O=C([O-])[C@@H]1CCC[NH2+]1,O=C([O-])[C@@H]1CCCN1,"10,560",3,N,1,0,2,1,SP3,FALSE,TRUE,4,9841,9842
mol5063,O=C([O-])[C@@H]1C[C@@H](O)C[NH2+]1,O=C([O-])[C@@H]1C[C@@H](O)CN1,"9,640",3,N,1,0,2,1,SP3,FALSE,TRUE,4,9843,9844
mol5064,O=C(O)[C@@H]1C[C@@H]1Br,O=C([O-])[C@@H]1C[C@@H]1Br,"4,090",6,O,0,-1,1,0,SP2,FALSE,FALSE,2,9845,9846
mol5065,O=C(O)[C@@H]1C[C@@H]1Cl,O=C([O-])[C@@H]1C[C@@H]1Cl,"4,120",6,O,0,-1,1,0,SP2,FALSE,FALSE,2,9847,9848
mol5066,O=C(O)[C@@H]1C[C@@H]1c1ccccc1,O=C([O-])[C@@H]1C[C@@H]1c1ccccc1,"4,820",11,O,0,-1,1,0,SP2,FALSE,FALSE,2,9849,9850
mol5067,O=C([O-])[C@@H]1C[C@H](Cc2cccc(F)c2)C[NH2+]1,O=C([O-])[C@@H]1C[C@H](Cc2cccc(F)c2)CN1,"10,100",11,N,1,0,2,1,SP3,FALSE,TRUE,4,9851,9852
mol5068,O=C([O-])[C@@H]1C[C@H](Oc2cccc(Cl)c2)C[NH2+]1,O=C([O-])[C@@H]1C[C@H](Oc2cccc(Cl)c2)CN1,"8,900",11,N,1,0,2,1,SP3,FALSE,TRUE,4,9853,9854
mol5069,O=C(O)[C@@H]1O[C@H](Oc2ccc(-c3ccccc3)cc2)[C@@H](O)[C@H](O)[C@H]1O,O=C([O-])[C@@H]1O[C@H](Oc2ccc(-c3ccccc3)cc2)[C@@H](O)[C@H](O)[C@H]1O,"3,100",21,O,0,-1,1,0,SP2,FALSE,FALSE,2,9855,9856
mol5070,O=C(O)[C@@H]1O[C@H](Oc2ccc(Br)cc2)[C@@H](O)[C@H](O)[C@H]1O,O=C([O-])[C@@H]1O[C@H](Oc2ccc(Br)cc2)[C@@H](O)[C@H](O)[C@H]1O,"3,020",15,O,0,-1,1,0,SP2,FALSE,FALSE,2,9857,9858
mol5071,O=C(O)[C@@H]1O[C@H](Oc2ccc(I)cc2)[C@@H](O)[C@H](O)[C@H]1O,O=C([O-])[C@@H]1O[C@H](Oc2ccc(I)cc2)[C@@H](O)[C@H](O)[C@H]1O,"3,280",15,O,0,-1,1,0,SP2,FALSE,FALSE,2,9859,9860
mol5072,O=C(O)[C@@H]1O[C@H](Oc2ccc3[nH]c(=O)ccc3c2)[C@@H](O)[C@H](O)[C@H]1O,O=C([O-])[C@@H]1O[C@H](Oc2ccc3[nH]c(=O)ccc3c2)[C@@H](O)[C@H](O)[C@H]1O,"3,410",20,O,0,-1,1,0,SP2,FALSE,FALSE,2,9861,9862
mol5073,O=C(O)[C@@H]1O[C@H](Oc2ccc3[nH]ccc(=O)c3c2)[C@@H](O)[C@H](O)[C@H]1O,O=C([O-])[C@@H]1O[C@H](Oc2ccc3[nH]ccc(=O)c3c2)[C@@H](O)[C@H](O)[C@H]1O,"3,425",15,O,0,-1,1,0,SP2,FALSE,FALSE,2,9863,9864
mol5074,O=C(O)[C@]1(Cl)[C@@H]2CCC[C@@H]21,O=C([O-])[C@]1(Cl)[C@@H]2CCC[C@@H]21,"2,820",8,O,0,-1,1,0,SP2,FALSE,FALSE,2,9865,9866
mol5075,O=C(O)[C@H](O)c1ccccc1,O=C([O-])[C@H](O)c1ccccc1,"3,410",9,O,0,-1,1,0,SP2,FALSE,FALSE,2,9867,9868
mol5076,O=C(O)[C@H]1CCCC[C@@H]1O,O=C([O-])[C@H]1CCCC[C@@H]1O,"4,680",8,O,0,-1,1,0,SP2,FALSE,FALSE,2,9869,9870
mol5077,O=C(O)[C@H]1CCC[C@H](O)C1,O=C([O-])[C@H]1CCC[C@H](O)C1,"4,820",9,O,0,-1,1,0,SP2,FALSE,FALSE,2,9871,9872
mol5078,O=C(O)[C@H]1CC[C@@H](O)CC1,O=C([O-])[C@H]1CC[C@@H](O)CC1,"4,840",9,O,0,-1,1,0,SP2,FALSE,FALSE,2,9873,9874
mol5079,O=C(O)[C@H]1CC[C@H](O)CC1,O=C([O-])[C@H]1CC[C@H](O)CC1,"4,680",9,O,0,-1,1,0,SP2,FALSE,FALSE,2,9875,9876
mol5080,O=C(O)[C@H]1C[C@@H]1Cl,O=C([O-])[C@H]1C[C@@H]1Cl,"4,120",6,O,0,-1,1,0,SP2,FALSE,FALSE,2,9877,9878
mol5081,O=C(O)[C@H]1C[C@@H]1c1ccc(Cl)cc1,O=C([O-])[C@H]1C[C@@H]1c1ccc(Cl)cc1,"4,530",11,O,0,-1,1,0,SP2,FALSE,FALSE,2,9879,9880
mol5082,O=C(O)[C@H]1C[C@@H]1c1cccc(Cl)c1,O=C([O-])[C@H]1C[C@@H]1c1cccc(Cl)c1,"4,510",12,O,0,-1,1,0,SP2,FALSE,FALSE,2,9881,9882
mol5083,O=C(O)[C@H]1C[C@@H]1c1ccccc1,O=C([O-])[C@H]1C[C@@H]1c1ccccc1,"4,540",11,O,0,-1,1,0,SP2,FALSE,FALSE,2,9883,9884
mol5084,O=C(O)[C@H]1C[C@@H]2CC[C@H]1C2,O=C([O-])[C@H]1C[C@@H]2CC[C@H]1C2,"5,020",9,O,0,-1,1,0,SP2,FALSE,FALSE,2,9885,9886
mol5085,O=C(O)[C@H]1C[C@H]2CC[C@@H]1C2,O=C([O-])[C@H]1C[C@H]2CC[C@@H]1C2,"5,080",9,O,0,-1,1,0,SP2,FALSE,FALSE,2,9887,9888
mol5086,O=C(O)[C@H]1[C@@H]2C=C[C@H]1CC2,O=C([O-])[C@H]1[C@@H]2C=C[C@H]1CC2,"4,580",9,O,0,-1,1,0,SP2,FALSE,FALSE,2,9889,9890
mol5087,O=C(O)[C@@]1(Cl)[C@@H]2CCC[C@@H]21,O=C([O-])[C@@]1(Cl)[C@@H]2CCC[C@@H]21,"3,030",8,O,0,-1,1,0,SP2,FALSE,FALSE,2,9891,9892
mol5088,O=C(O)c1c2ccccc2cc2ccccc12,O=C([O-])c1c2ccccc2cc2ccccc12,"3,650",16,O,0,-1,1,0,SP2,FALSE,FALSE,2,9893,9894
mol5089,O=C([O-])c1c2ccccc2[nH+]c2ccccc12,O=C([O-])c1c2ccccc2nc2ccccc12,"4,000",13,N,1,0,1,0,SP2,TRUE,TRUE,4,9895,9896
mol5090,O=C(O)c1c[nH]c2cc(Cl)c(-c3ccc(C4(O)CCC4)cc3)cc12,O=C([O-])c1c[nH]c2cc(Cl)c(-c3ccc(C4(O)CCC4)cc3)cc12,"4,700",18,O,0,-1,1,0,SP2,FALSE,FALSE,2,9897,9898
mol5091,O=C(O)c1c[nH]c2cc(Cl)c(-c3ccc(C4CCCCO4)cc3)cc12,O=C([O-])c1c[nH]c2cc(Cl)c(-c3ccc(C4CCCCO4)cc3)cc12,"4,900",18,O,0,-1,1,0,SP2,FALSE,FALSE,2,9899,9900
mol5092,O=C(O)c1c[nH]c2cc(Cl)c(-c3ccc(OCCO)cc3)cc12,O=C([O-])c1c[nH]c2cc(Cl)c(-c3ccc(OCCO)cc3)cc12,"4,800",18,O,0,-1,1,0,SP2,FALSE,FALSE,2,9901,9902
mol5093,O=C(O)c1c[nH]c2cc(F)c(-c3ccc(C4(O)CCC4)cc3)c(F)c12,O=C([O-])c1c[nH]c2cc(F)c(-c3ccc(C4(O)CCC4)cc3)c(F)c12,"4,900",18,O,0,-1,1,0,SP2,FALSE,FALSE,2,9903,9904
mol5094,O=C(O)c1c[nH]c2cc(F)c(-c3ccc(C4(O)CCC4)cc3)cc12,O=C([O-])c1c[nH]c2cc(F)c(-c3ccc(C4(O)CCC4)cc3)cc12,"4,800",18,O,0,-1,1,0,SP2,FALSE,FALSE,2,9905,9906
mol5095,O=C(O)c1c[nH]c2cc(F)c(-c3ccc([C@@H]4CCCCO4)cc3)c(F)c12,O=C([O-])c1c[nH]c2cc(F)c(-c3ccc([C@@H]4CCCCO4)cc3)c(F)c12,"5,000",18,O,0,-1,1,0,SP2,FALSE,FALSE,2,9907,9908
mol5096,O=C(O)c1c[nH]c2ccccc12,O=C([O-])c1c[nH]c2ccccc12,"5,270",11,O,0,-1,1,0,SP2,FALSE,FALSE,2,9909,9910
mol5097,O=C(O)c1cc(-c2ccc(F)cc2F)ccc1O,O=C([O-])c1cc(-c2ccc(F)cc2F)ccc1O,"3,150",16,O,0,-1,1,0,SP2,FALSE,FALSE,2,9911,9912
mol5098,O=C(O)c1cc(-c2ccccc2)oc(=O)c1,O=C([O-])c1cc(-c2ccccc2)oc(=O)c1,"3,300",15,O,0,-1,1,0,SP2,FALSE,FALSE,2,9913,9914
mol5099,O=C(O)c1cc(Br)ccc1O,O=C([O-])c1cc(Br)ccc1O,"3,900",9,O,0,-1,1,0,SP2,FALSE,FALSE,2,9915,9916
mol5100,O=C(O)c1cc(Br)cs1,O=C([O-])c1cc(Br)cs1,"3,110",7,O,0,-1,1,0,SP2,FALSE,FALSE,2,9917,9918
mol5101,O=C(O)c1cc(Cl)ccc1O,O=C([O-])c1cc(Cl)ccc1O,"3,900",9,O,0,-1,1,0,SP2,FALSE,FALSE,2,9919,9920
mol5102,O=C(O)c1cc(Cl)co1,O=C([O-])c1cc(Cl)co1,"2,690",7,O,0,-1,1,0,SP2,FALSE,FALSE,2,9921,9922
mol5103,O=C(O)c1cc(I)ccc1O,O=C([O-])c1cc(I)ccc1O,"3,900",9,O,0,-1,1,0,SP2,FALSE,FALSE,2,9923,9924
mol5104,O=C(O)c1cc2ccccc2[nH]1,O=C([O-])c1cc2ccccc2[nH]1,"3,790",11,O,0,-1,1,0,SP2,FALSE,FALSE,2,9925,9926
mol5105,O=C(O)c1cc2ccccc2cc1O,O=C([O-])c1cc2ccccc2cc1O,"2,710",12,O,0,-1,1,0,SP2,FALSE,FALSE,2,9927,9928
mol5106,O=C(O)c1cc2ccccc2o1,O=C([O-])c1cc2ccccc2o1,"2,840",11,O,0,-1,1,0,SP2,FALSE,FALSE,2,9929,9930
mol5107,O=C(O)c1cc2ccccc2oc1=O,O=C([O-])c1cc2ccccc2oc1=O,"3,600",13,O,0,-1,1,0,SP2,FALSE,FALSE,2,9931,9932
mol5108,O=C(O)c1cc2ccccc2s1,O=C([O-])c1cc2ccccc2s1,"3,100",11,O,0,-1,1,0,SP2,FALSE,FALSE,2,9933,9934
mol5109,O=C(O)c1cc2occc2[nH]1,O=C([O-])c1cc2occc2[nH]1,"4,045",10,O,0,-1,1,0,SP2,FALSE,FALSE,2,9935,9936
mol5110,O=C(O)c1cc2sccc2[nH]1,O=C([O-])c1cc2sccc2[nH]1,"3,880",10,O,0,-1,1,0,SP2,FALSE,FALSE,2,9937,9938
mol5111,O=C(O)c1cc[n+]([O-])cc1,O=C([O-])c1cc[n+]([O-])cc1,"2,860",9,O,0,-1,1,0,SP2,FALSE,FALSE,2,9939,9940
mol5112,O=C(O)c1cc[nH]c1,O=C([O-])c1cc[nH]c1,"4,980",7,O,0,-1,1,0,SP2,FALSE,FALSE,2,9941,9942
mol5113,O=C(O)c1ccc(-c2ccc(Cl)c(O[C@H]3O[C@H](CO)[C@@H](O)[C@H](O)[C@@H]3O)c2)cc1,O=C([O-])c1ccc(-c2ccc(Cl)c(O[C@H]3O[C@H](CO)[C@@H](O)[C@H](O)[C@@H]3O)c2)cc1,"3,410",27,O,0,-1,1,0,SP2,FALSE,FALSE,2,9943,9944
mol5114,O=C(O)c1ccc(-c2ccc(O[C@H]3O[C@H](CO)[C@@H](O)[C@H](O)[C@@H]3O)c(Cl)c2)cc1,O=C([O-])c1ccc(-c2ccc(O[C@H]3O[C@H](CO)[C@@H](O)[C@H](O)[C@@H]3O)c(Cl)c2)cc1,"3,980",27,O,0,-1,1,0,SP2,FALSE,FALSE,2,9945,9946
mol5115,O=C(O)c1ccc(-c2ccc(O[C@H]3O[C@H](CO)[C@@H](O)[C@H](O)[C@@H]3O)cc2)cc1,O=C([O-])c1ccc(-c2ccc(O[C@H]3O[C@H](CO)[C@@H](O)[C@H](O)[C@@H]3O)cc2)cc1,"3,880",26,O,0,-1,1,0,SP2,FALSE,FALSE,2,9947,9948
mol5116,O=C(O)c1ccc(-c2ccc(O[C@H]3O[C@H](CO)[C@@H](O)[C@H](O)[C@@H]3O)cc2Cl)cc1,O=C([O-])c1ccc(-c2ccc(O[C@H]3O[C@H](CO)[C@@H](O)[C@H](O)[C@@H]3O)cc2Cl)cc1,"3,950",27,O,0,-1,1,0,SP2,FALSE,FALSE,2,9949,9950
mol5117,O=C(O)c1ccc(-c2cccc(O[C@H]3O[C@H](CO)[C@@H](O)[C@H](O)[C@@H]3O)c2)cc1,O=C([O-])c1ccc(-c2cccc(O[C@H]3O[C@H](CO)[C@@H](O)[C@H](O)[C@@H]3O)c2)cc1,"3,600",26,O,0,-1,1,0,SP2,FALSE,FALSE,2,9951,9952
mol5118,O=C(O)c1ccc(/N=C/c2ccccc2)cc1,O=C([O-])c1ccc(/N=C/c2ccccc2)cc1,"4,470",16,O,0,-1,1,0,SP2,FALSE,FALSE,2,9953,9954
mol5119,O=C(O)c1ccc(=O)oc1,O=C([O-])c1ccc(=O)oc1,"3,260",9,O,0,-1,1,0,SP2,FALSE,FALSE,2,9955,9956
mol5120,O=C(O)c1ccc(Br)cc1,O=C([O-])c1ccc(Br)cc1,"3,930",8,O,0,-1,1,0,SP2,FALSE,FALSE,2,9957,9958
mol5121,O=C(O)c1ccc(Br)s1,O=C([O-])c1ccc(Br)s1,"3,300",7,O,0,-1,1,0,SP2,FALSE,FALSE,2,9959,9960
mol5122,O=C(O)c1ccc(C2CC2)cc1,O=C([O-])c1ccc(C2CC2)cc1,"4,420",11,O,0,-1,1,0,SP2,FALSE,FALSE,2,9961,9962
mol5123,O=C(O)c1ccc(CCl)cc1,O=C([O-])c1ccc(CCl)cc1,"4,130",10,O,0,-1,1,0,SP2,FALSE,FALSE,2,9963,9964
mol5124,O=C(O)c1ccc(CO)cc1,O=C([O-])c1ccc(CO)cc1,"4,180",10,O,0,-1,1,0,SP2,FALSE,FALSE,2,9965,9966
mol5125,O=C(O)c1ccc(Cl)c(Cl)c1,O=C([O-])c1ccc(Cl)c(Cl)c1,"3,900",8,O,0,-1,1,0,SP2,FALSE,FALSE,2,9967,9968
mol5126,O=C(O)c1ccc(Cl)cc1,O=C([O-])c1ccc(Cl)cc1,"3,938",8,O,0,-1,1,0,SP2,FALSE,FALSE,2,9969,9970
mol5127,O=C(O)c1ccc(Cl)cc1Cl,O=C([O-])c1ccc(Cl)cc1Cl,"2,740",10,O,0,-1,1,0,SP2,FALSE,FALSE,2,9971,9972
mol5128,O=C(O)c1ccc(Cl)s1,O=C([O-])c1ccc(Cl)s1,"3,410",7,O,0,-1,1,0,SP2,FALSE,FALSE,2,9973,9974
mol5129,O=C(O)c1ccc(F)cc1,O=C([O-])c1ccc(F)cc1,"4,150",8,O,0,-1,1,0,SP2,FALSE,FALSE,2,9975,9976
mol5130,O=C(O)c1ccc(I)cc1,O=C([O-])c1ccc(I)cc1,"3,930",8,O,0,-1,1,0,SP2,FALSE,FALSE,2,9977,9978
mol5131,O=C(O)c1ccc(I)o1,O=C([O-])c1ccc(I)o1,"2,940",7,O,0,-1,1,0,SP2,FALSE,FALSE,2,9979,9980
mol5132,O=C(O)c1ccc(OCc2ccccc2)cc1,O=C([O-])c1ccc(OCc2ccccc2)cc1,"4,440",16,O,0,-1,1,0,SP2,FALSE,FALSE,2,9981,9982
mol5133,O=C(O)c1ccc(Oc2ccccc2)cc1,O=C([O-])c1ccc(Oc2ccccc2)cc1,"4,520",15,O,0,-1,1,0,SP2,FALSE,FALSE,2,9983,9984
mol5134,O=C(O)c1ccc2[nH]ccc2c1,O=C([O-])c1ccc2[nH]ccc2c1,"4,100",11,O,0,-1,1,0,SP2,FALSE,FALSE,2,9985,9986
mol5135,O=C(O)c1ccc2cc3ccccc3cc2c1,O=C([O-])c1ccc2cc3ccccc3cc2c1,"4,180",16,O,0,-1,1,0,SP2,FALSE,FALSE,2,9987,9988
mol5136,O=C(O)c1ccc2ccccc2c1,O=C([O-])c1ccc2ccccc2c1,"4,325",12,O,0,-1,1,0,SP2,FALSE,FALSE,2,9989,9990
mol5137,O=C(O)c1ccc2ccccc2n1,O=C([O-])c1ccc2ccccc2n1,"4,970",12,O,0,-1,1,0,SP2,FALSE,FALSE,2,9991,9992
mol5138,O=C(O)c1ccc[n+]([O-])c1,O=C([O-])c1ccc[n+]([O-])c1,"2,950",9,O,0,-1,1,0,SP2,FALSE,FALSE,2,9993,9994
mol5139,O=C(O)c1ccc[nH]1,O=C([O-])c1ccc[nH]1,"4,350",7,O,0,-1,1,0,SP2,FALSE,FALSE,2,9995,9996
mol5140,O=C(O)c1cccc(=O)cc1,O=C([O-])c1cccc(=O)cc1,"3,200",10,O,0,-1,1,0,SP2,FALSE,FALSE,2,9997,9998
mol5141,O=C(O)c1cccc(Br)c1,O=C([O-])c1cccc(Br)c1,"3,863",9,O,0,-1,1,0,SP2,FALSE,FALSE,2,9999,10000
mol5142,O=C(O)c1cccc(C(F)(F)F)c1,O=C([O-])c1cccc(C(F)(F)F)c1,"3,790",12,O,0,-1,1,0,SP2,FALSE,FALSE,2,10001,10002
mol5143,O=C(O)c1cccc(C2CC2)c1,O=C([O-])c1cccc(C2CC2)c1,"4,280",8,O,0,-1,1,0,SP2,FALSE,FALSE,2,10003,10004
mol5144,O=C(O)c1cccc(Cl)c1,O=C([O-])c1cccc(Cl)c1,"3,867",9,O,0,-1,1,0,SP2,FALSE,FALSE,2,10005,10006
mol5145,O=C(O)c1cccc(F)c1,O=C([O-])c1cccc(F)c1,"3,885",9,O,0,-1,1,0,SP2,FALSE,FALSE,2,10007,10008
mol5146,O=C(O)c1cccc(I)c1,O=C([O-])c1cccc(I)c1,"3,877",9,O,0,-1,1,0,SP2,FALSE,FALSE,2,10009,10010
mol5147,O=C(O)c1cccc(Oc2ccccc2)c1,O=C([O-])c1cccc(Oc2ccccc2)c1,"3,950",15,O,0,-1,1,0,SP2,FALSE,FALSE,2,10011,10012
mol5148,O=C(O)c1cccc2cc3ccccc3cc12,O=C([O-])c1cccc2cc3ccccc3cc12,"3,700",13,O,0,-1,1,0,SP2,FALSE,FALSE,2,10013,10014
mol5149,O=C(O)c1cccc2ccccc12,O=C([O-])c1cccc2ccccc12,"3,700",12,O,0,-1,1,0,SP2,FALSE,FALSE,2,10015,10016
mol5150,O=C(O)c1cccc[n+]1[O-],O=C([O-])c1cccc[n+]1[O-],"3,540",9,O,0,-1,1,0,SP2,FALSE,FALSE,2,10017,10018
mol5151,O=C(O)c1ccccc1,O=C([O-])c1ccccc1,"4,019",8,O,0,-1,1,0,SP2,FALSE,FALSE,2,10019,10020
mol5152,O=C(O)c1ccccc1-c1ccccc1,O=C([O-])c1ccccc1-c1ccccc1,"3,460",14,O,0,-1,1,0,SP2,FALSE,FALSE,2,10021,10022
mol5153,O=C(O)c1ccccc1Br,O=C([O-])c1ccccc1Br,"2,930",8,O,0,-1,1,0,SP2,FALSE,FALSE,2,10023,10024
mol5154,O=C(O)c1ccccc1C(=O)c1ccccc1,O=C([O-])c1ccccc1C(=O)c1ccccc1,"3,540",16,O,0,-1,1,0,SP2,FALSE,FALSE,2,10025,10026
mol5155,O=C(O)c1ccccc1CO,O=C([O-])c1ccccc1CO,"3,840",10,O,0,-1,1,0,SP2,FALSE,FALSE,2,10027,10028
mol5156,O=C(O)c1ccccc1Cl,O=C([O-])c1ccccc1Cl,"3,430",8,O,0,-1,1,0,SP2,FALSE,FALSE,2,10029,10030
mol5157,O=C(O)c1ccccc1F,O=C([O-])c1ccccc1F,"3,435",8,O,0,-1,1,0,SP2,FALSE,FALSE,2,10031,10032
mol5158,O=C(O)c1ccccc1I,O=C([O-])c1ccccc1I,"2,930",8,O,0,-1,1,0,SP2,FALSE,FALSE,2,10033,10034
mol5159,O=C(O)c1ccccc1O,O=C([O-])c1ccccc1O,"3,354",8,O,0,-1,1,0,SP2,FALSE,FALSE,2,10035,10036
mol5160,O=C(O)c1ccccc1O[C@H]1O[C@@H](CO)[C@H](O)[C@@H](O)[C@@H]1O,O=C([O-])c1ccccc1O[C@H]1O[C@@H](CO)[C@H](O)[C@@H](O)[C@@H]1O,"3,600",8,O,0,-1,1,0,SP2,FALSE,FALSE,2,10037,10038
mol5161,O=C(O)c1ccccc1Oc1ccccc1,O=C([O-])c1ccccc1Oc1ccccc1,"3,530",15,O,0,-1,1,0,SP2,FALSE,FALSE,2,10039,10040
mol5162,O=C(O)c1cccccc1=O,O=C([O-])c1cccccc1=O,"3,730",10,O,0,-1,1,0,SP2,FALSE,FALSE,2,10041,10042
mol5163,O=C(O)c1ccccn1,O=C([O-])c1ccccn1,"5,320",8,O,0,-1,1,0,SP2,FALSE,FALSE,2,10043,10044
mol5164,O=C(O)c1cccnn1,O=C([O-])c1cccnn1,"3,000",8,O,0,-1,1,0,SP2,FALSE,FALSE,2,10045,10046
mol5165,O=C(O)c1ccco1,O=C([O-])c1ccco1,"3,180",7,O,0,-1,1,0,SP2,FALSE,FALSE,2,10047,10048
mol5166,O=C(O)c1cccs1,O=C([O-])c1cccs1,"3,460",7,O,0,-1,1,0,SP2,FALSE,FALSE,2,10049,10050
mol5167,O=C(O)c1ccn[nH]1,O=C([O-])c1ccn[nH]1,"3,840",7,O,0,-1,1,0,SP2,FALSE,FALSE,2,10051,10052
mol5168,O=C(O)c1ccnc2ccccc12,O=C([O-])c1ccnc2ccccc12,"4,760",12,O,0,-1,1,0,SP2,FALSE,FALSE,2,10053,10054
mol5169,O=C(O)c1ccnnc1,O=C([O-])c1ccnnc1,"2,800",8,O,0,-1,1,0,SP2,FALSE,FALSE,2,10055,10056
mol5170,O=C(O)c1ccoc1,O=C([O-])c1ccoc1,"3,940",7,O,0,-1,1,0,SP2,FALSE,FALSE,2,10057,10058
mol5171,O=C(O)c1ccsc1,O=C([O-])c1ccsc1,"4,030",7,O,0,-1,1,0,SP2,FALSE,FALSE,2,10059,10060
mol5172,O=C(O)c1cnc(Br)s1,O=C([O-])c1cnc(Br)s1,"2,960",8,O,0,-1,1,0,SP2,FALSE,FALSE,2,10061,10062
mol5173,O=C(O)c1cnc(Cl)s1,O=C([O-])c1cnc(Cl)s1,"3,000",8,O,0,-1,1,0,SP2,FALSE,FALSE,2,10063,10064
mol5174,O=C(O)c1cnccn1,O=C([O-])c1cnccn1,"2,800",8,O,0,-1,1,0,SP2,FALSE,FALSE,2,10065,10066
mol5175,O=C(O)c1cncs1,O=C([O-])c1cncs1,"2,990",7,O,0,-1,1,0,SP2,FALSE,FALSE,2,10067,10068
mol5176,O=C(O)c1cnoc1,O=C([O-])c1cnoc1,"3,390",7,O,0,-1,1,0,SP2,FALSE,FALSE,2,10069,10070
mol5177,O=C(O)c1coc2ccccc12,O=C([O-])c1coc2ccccc12,"4,180",11,O,0,-1,1,0,SP2,FALSE,FALSE,2,10071,10072
mol5179,O=C(O)c1csc(Br)c1,O=C([O-])c1csc(Br)c1,"3,700",8,O,0,-1,1,0,SP2,FALSE,FALSE,2,10073,10074
mol5180,O=C(O)c1csc(Br)n1,O=C([O-])c1csc(Br)n1,"3,280",8,O,0,-1,1,0,SP2,FALSE,FALSE,2,10075,10076
mol5181,O=C(O)c1csc(Cl)c1,O=C([O-])c1csc(Cl)c1,"3,800",8,O,0,-1,1,0,SP2,FALSE,FALSE,2,10077,10078
mol5182,O=C(O)c1csc(Cl)n1,O=C([O-])c1csc(Cl)n1,"3,300",8,O,0,-1,1,0,SP2,FALSE,FALSE,2,10079,10080
mol5183,O=C(O)c1csc2ccccc12,O=C([O-])c1csc2ccccc12,"4,240",11,O,0,-1,1,0,SP2,FALSE,FALSE,2,10081,10082
mol5184,O=C(O)c1cscn1,O=C([O-])c1cscn1,"3,270",7,O,0,-1,1,0,SP2,FALSE,FALSE,2,10083,10084
mol5185,O=C(O)c1cssc1=S,O=C([O-])c1cssc1=S,"2,800",8,O,0,-1,1,0,SP2,FALSE,FALSE,2,10085,10086
mol5186,O=C(O)c1nccc2ccccc12,O=C([O-])c1nccc2ccccc12,"4,970",12,O,0,-1,1,0,SP2,FALSE,FALSE,2,10087,10088
mol5187,O=C(O)c1nccs1,O=C([O-])c1nccs1,"2,570",7,O,0,-1,1,0,SP2,FALSE,FALSE,2,10089,10090
mol5188,O=C(O)c1nsc2ccccc12,O=C([O-])c1nsc2ccccc12,"2,760",11,O,0,-1,1,0,SP2,FALSE,FALSE,2,10091,10092
mol5189,O=C(S)c1ccccc1,O=C([S-])c1ccccc1,"2,440",8,S,0,-1,1,0,SP3,FALSE,FALSE,2,10093,10094
mol5190,O=C(c1cc2cc(OC3CC[NH+](C4CC4)CC3)ccc2[nH]1)N1CCOCC1,O=C(c1cc2cc(OC3CCN(C4CC4)CC3)ccc2[nH]1)N1CCOCC1,"7,700",10,N,1,0,1,0,SP3,FALSE,TRUE,4,10095,10096
mol5191,O=C(c1cc2cc(OC3CC[NH+](C4CC4)CC3)ccc2n1CC(F)(F)F)N1CCOCC1,O=C(c1cc2cc(OC3CCN(C4CC4)CC3)ccc2n1CC(F)(F)F)N1CCOCC1,"7,500",10,N,1,0,1,0,SP3,FALSE,TRUE,4,10097,10098
mol5192,O=C(c1cc2cc(OC3CC[NH+](C4CCC4)CC3)ccc2n1CC(F)(F)F)N1CCOCC1,O=C(c1cc2cc(OC3CCN(C4CCC4)CC3)ccc2n1CC(F)(F)F)N1CCOCC1,"9,100",10,N,1,0,1,0,SP3,FALSE,TRUE,4,10099,10100
mol5193,O=C(c1cc2cc(OC3CC[NH+](C4COC4)CC3)ccc2n1CC(F)(F)F)N1CCOCC1,O=C(c1cc2cc(OC3CCN(C4COC4)CC3)ccc2n1CC(F)(F)F)N1CCOCC1,"6,400",10,N,1,0,1,0,SP3,FALSE,TRUE,4,10102,10101
mol5194,O=C(c1cc2cc(OCCC[NH+]3CCCCC3)ccc2[nH]1)N1CCOCC1,O=C(c1cc2cc(OCCCN3CCCCC3)ccc2[nH]1)N1CCOCC1,"10,000",10,N,1,0,1,0,SP3,FALSE,TRUE,4,10103,10104
mol5195,O=C(c1ccc(C(F)(F)F)cc1)N1CCC(=Cc2ccc(C3=[NH+]CCO3)cc2)CC1,O=C(c1ccc(C(F)(F)F)cc1)N1CCC(=Cc2ccc(C3=NCCO3)cc2)CC1,"4,700",26,N,1,0,1,0,SP2,FALSE,TRUE,4,10105,10106
mol5196,O=C(c1ccc(Cl)cc1)c1ccc(OC2C[NH+]3CCC2CC3)cc1,O=C(c1ccc(Cl)cc1)c1ccc(OC2CN3CCC2CC3)cc1,"9,100",18,N,1,0,1,0,SP3,FALSE,TRUE,4,10107,10108
mol5197,O=C(c1ccc(Cl)cc1)c1ccc2n1CCC2C(=O)O,O=C(c1ccc(Cl)cc1)c1ccc2n1CCC2C(=O)[O-],"3,400",18,O,0,-1,1,0,SP2,FALSE,FALSE,2,10109,10110
mol5198,O=C(c1ccc(Cl)cc1)c1ccn[nH]1,O=C(c1ccc(Cl)cc1)c1ccn[n-]1,"11,870",12,N,0,-1,1,0,SP2,TRUE,TRUE,3,10111,10112
mol5199,O=C(c1ccc(Cl)cc1[NH2+]S(=O)(=O)c1cccc2nonc12)N1CCCCC1,O=C(c1ccc(Cl)cc1NS(=O)(=O)c1cccc2nonc12)N1CCCCC1,"6,180",9,N,1,0,2,1,SP3,FALSE,FALSE,4,10113,10114
mol5200,O=C(c1ccc(Cl)cc1[NH2+]S(=O)(=O)c1cccc2nsnc12)N1CCCCC1,O=C(c1ccc(Cl)cc1NS(=O)(=O)c1cccc2nsnc12)N1CCCCC1,"5,470",9,N,1,0,2,1,SP3,FALSE,FALSE,4,10115,10116
mol5201,O=C(c1ccc(F)cc1)c1ccc2n1CCC2C(=O)O,O=C(c1ccc(F)cc1)c1ccc2n1CCC2C(=O)[O-],"3,510",18,O,0,-1,1,0,SP2,FALSE,FALSE,2,10117,10118
mol5202,O=C(c1ccc2c(c1)cc(C(=O)N1CCOCC1)n2CC(F)(F)F)N1CC[NH+](C2CCC2)CC1,O=C(c1ccc2c(c1)cc(C(=O)N1CCOCC1)n2CC(F)(F)F)N1CCN(C2CCC2)CC1,"6,800",11,N,1,0,1,0,SP3,FALSE,TRUE,4,10120,10119
mol5203,O=C(c1ccc2cc(OCCC[NH+]3CCCCC3)ccc2c1)N1CCC(CO)CC1,O=C(c1ccc2cc(OCCCN3CCCCC3)ccc2c1)N1CCC(CO)CC1,"9,600",14,N,1,0,1,0,SP3,FALSE,TRUE,4,10121,10122
mol5204,O=C(c1ccc2cc(OCCC[NH+]3CCCCC3)ccc2n1)N1CCC1,O=C(c1ccc2cc(OCCCN3CCCCC3)ccc2n1)N1CCC1,"9,400",14,N,1,0,1,0,SP3,FALSE,TRUE,4,10123,10124
mol5205,O=C(c1ccc2ccccc2c1)c1ccc2n1CCC2C(=O)O,O=C(c1ccc2ccccc2c1)c1ccc2n1CCC2C(=O)[O-],"3,440",22,O,0,-1,1,0,SP2,FALSE,FALSE,2,10125,10126
mol5206,O=C(c1ccc2n1CCC2C(=O)O)C1CCC1,O=C(c1ccc2n1CCC2C(=O)[O-])C1CCC1,"3,540",10,O,0,-1,1,0,SP2,FALSE,FALSE,2,10127,10128
mol5207,O=C(c1cccc(Cl)c1)c1ccc2n1CCC2C(=O)O,O=C(c1cccc(Cl)c1)c1ccc2n1CCC2C(=O)[O-],"3,440",19,O,0,-1,1,0,SP2,FALSE,FALSE,2,10129,10130
mol5208,O=C(c1cccc(F)c1)c1ccc2n1CCC2C(=O)O,O=C(c1cccc(F)c1)c1ccc2n1CCC2C(=O)[O-],"3,460",19,O,0,-1,1,0,SP2,FALSE,FALSE,2,10131,10132
mol5209,O=C(c1ccccc1)N(O)c1ccccc1,O=C(c1ccccc1)N([O-])c1ccccc1,"7,870",15,O,0,-1,1,0,SP3,FALSE,FALSE,2,10133,10134
mol5210,O=C(c1ccccc1)N1CC[NH2+]CC1,O=C(c1ccccc1)N1CCNCC1,"7,790",11,N,1,0,2,1,SP3,FALSE,TRUE,4,10135,10136
mol5211,O=C(c1ccccc1)c1ccc([OH2+])[n+]([O-])c1,O=C(c1ccccc1)c1ccc(O)[n+]([O-])c1,"5,130",15,O,1,0,2,1,SP2,FALSE,FALSE,3,10137,10138
mol5212,O=C(c1ccccc1)c1ccc(O)cc1,O=C(c1ccccc1)c1ccc([O-])cc1,"8,010",14,O,0,-1,1,0,SP2,FALSE,FALSE,2,10139,10140
mol5213,O=C(c1ccccc1)c1ccc2n1CCC2C(=O)O,O=C(c1ccccc1)c1ccc2n1CCC2C(=O)[O-],"3,497",18,O,0,-1,1,0,SP2,FALSE,FALSE,2,10141,10142
mol5214,O=C(c1ccccc1)c1cccc(O)c1,O=C(c1ccccc1)c1cccc([O-])c1,"9,000",14,O,0,-1,1,0,SP2,FALSE,FALSE,2,10143,10144
mol5215,O=C(c1ccccc1)c1ccccc1O,O=C(c1ccccc1)c1ccccc1[O-],"9,300",14,O,0,-1,1,0,SP2,FALSE,FALSE,2,10145,10146
mol5216,O=C(c1ccccc1)c1ccn[nH]1,O=C(c1ccccc1)c1ccn[n-]1,"11,970",12,N,0,-1,1,0,SP2,TRUE,TRUE,3,10147,10148
mol5217,O=C(c1ccccc1C(F)(F)F)N(CC1CCC1)[C@H]1CC[NH2+]C1,O=C(c1ccccc1C(F)(F)F)N(CC1CCC1)[C@H]1CCNC1,"9,500",17,N,1,0,2,1,SP3,FALSE,TRUE,4,10149,10150
mol5218,O=C(c1ccccc1Cl)c1ccc2n1CCC2C(=O)O,O=C(c1ccccc1Cl)c1ccc2n1CCC2C(=O)[O-],"4,330",18,O,0,-1,1,0,SP2,FALSE,FALSE,2,10151,10152
mol5219,O=C(c1cccs1)N1CCCC1c1ccc(-c2cccc(Cl)c2)[nH+]c1,O=C(c1cccs1)N1CCCC1c1ccc(-c2cccc(Cl)c2)nc1,"3,600",12,N,1,0,1,0,SP2,TRUE,TRUE,4,10153,10154
mol5220,O=C(c1cccs1)N1CC[NH+](CCOc2ccc(Cl)cc2)CC1,O=C(c1cccs1)N1CCN(CCOc2ccc(Cl)cc2)CC1,"6,350",10,N,1,0,1,0,SP3,FALSE,TRUE,4,10156,10155
mol5221,O=C(c1cccs1)N1CC[NH+](CCOc2ccc(Cl)cc2Cl)CC1,O=C(c1cccs1)N1CCN(CCOc2ccc(Cl)cc2Cl)CC1,"5,230",10,N,1,0,1,0,SP3,FALSE,TRUE,4,10158,10157
mol5222,O=C(c1cnccn1)N1CCCC1c1ccc(-c2cccc(Cl)c2)[nH+]c1,O=C(c1cnccn1)N1CCCC1c1ccc(-c2cccc(Cl)c2)nc1,"3,400",12,N,1,0,1,0,SP2,TRUE,TRUE,4,10159,10160
mol5223,O=C(c1cncs1)N1CCCC1c1ccc(-c2cccc(Cl)c2)[nH+]c1,O=C(c1cncs1)N1CCCC1c1ccc(-c2cccc(Cl)c2)nc1,"3,600",12,N,1,0,1,0,SP2,TRUE,TRUE,4,10161,10162
mol5224,O=C(c1nnc(-c2ccccc2)o1)N1CC(Oc2ccc(C[NH+]3CC4(CCCO4)C3)cc2)C1,O=C(c1nnc(-c2ccccc2)o1)N1CC(Oc2ccc(CN3CC4(CCCO4)C3)cc2)C1,"8,400",25,N,1,0,1,0,SP3,FALSE,TRUE,4,10163,10164
mol5225,O=C(c1nnc(-c2ccccc2)o1)N1CC(Oc2ccc(C[NH+]3CC4(CCOC4)C3)cc2)C1,O=C(c1nnc(-c2ccccc2)o1)N1CC(Oc2ccc(CN3CC4(CCOC4)C3)cc2)C1,"8,600",25,N,1,0,1,0,SP3,FALSE,TRUE,4,10165,10166
mol5226,O=C(c1nnc(-c2ccccc2)o1)N1CC(Oc2ccc(C[NH+]3CC4(COC4)C3)cc2)C1,O=C(c1nnc(-c2ccccc2)o1)N1CC(Oc2ccc(CN3CC4(COC4)C3)cc2)C1,"8,000",25,N,1,0,1,0,SP3,FALSE,TRUE,4,10167,10168
mol5227,O=C(c1nnc(-c2ccccc2)o1)N1CCC(Oc2ccc(C[NH+]3CCC(O)C3)cc2)CC1,O=C(c1nnc(-c2ccccc2)o1)N1CCC(Oc2ccc(CN3CCC(O)C3)cc2)CC1,"8,900",27,N,1,0,1,0,SP3,FALSE,TRUE,4,10169,10170
mol5228,O=C1/C(=C/c2ccccc2)CN(C(=O)c2ccc(OCC[NH+]3CCOCC3)cc2)C/C1=C\c1ccccc1,O=C1/C(=C/c2ccccc2)CN(C(=O)c2ccc(OCCN3CCOCC3)cc2)C/C1=C\c1ccccc1,"8,500",32,N,1,0,1,0,SP3,FALSE,TRUE,4,10171,10172
mol5229,O=C1C(=NS(=O)(=O)c2ccccc2)C(c2ccc(Cl)cc2)C(=O)c2ccccc21,O=c1c(=NS(=O)(=O)c2ccccc2)[c+](-c2ccc(Cl)cc2)c(=O)c2ccccc12,"5,000",11,C,0,1,1,0,SP3,FALSE,TRUE,4,10174,10173
mol5230,O=C1C(=NS(=O)(=O)c2ccccc2)C(c2cccc(Cl)c2)C(=O)c2ccccc21,O=c1c(=NS(=O)(=O)c2ccccc2)[c+](-c2cccc(Cl)c2)c(=O)c2ccccc12,"4,500",11,C,0,1,1,0,SP3,FALSE,TRUE,4,10176,10175
mol5231,O=C1C(=NS(=O)(=O)c2ccccc2)C(c2ccccc2Cl)C(=O)c2ccccc21,O=c1c(=NS(=O)(=O)c2ccccc2)[c+](-c2ccccc2Cl)c(=O)c2ccccc12,"4,900",11,C,0,1,1,0,SP3,FALSE,TRUE,4,10178,10177
mol5232,O=C1C(=NS(=O)(=O)c2ccccc2)C(c2ccco2)C(=O)c2ccccc21,O=c1c(=NS(=O)(=O)c2ccccc2)[c+](-c2ccco2)c(=O)c2ccccc12,"5,100",11,C,0,1,1,0,SP3,FALSE,TRUE,4,10180,10179
mol5233,O=C1C(=NS(=O)(=O)c2ccccc2)C(c2ccoc2)C(=O)c2ccccc21,O=c1c(=NS(=O)(=O)c2ccccc2)[c+](-c2ccoc2)c(=O)c2ccccc12,"5,000",11,C,0,1,1,0,SP3,FALSE,TRUE,4,10182,10181
mol5234,O=C1C(=O)c2ccccc2C(=O)C1=C(O)c1ccccc1,O=C1C(=O)c2ccccc2C(=O)C1=C([O-])c1ccccc1,"2,170",20,O,0,-1,1,0,SP2,FALSE,FALSE,2,10183,10184
mol5235,O=C1C(=O)c2ccccc2C(O)=C1/C=C/c1ccccc1,O=C1C(=O)c2ccccc2C([O-])=C1/C=C/c1ccccc1,"4,440",20,O,0,-1,1,0,SP2,FALSE,FALSE,2,10185,10186
mol5236,O=C1C(=O)c2ccccc2C(O)=C1Cc1ccccc1,O=C1C(=O)c2ccccc2C([O-])=C1Cc1ccccc1,"4,900",19,O,0,-1,1,0,SP2,FALSE,FALSE,2,10187,10188
mol5237,O=C1C(=O)c2ccccc2C(O)=C1c1ccccc1,O=C1C(=O)c2ccccc2C([O-])=C1c1ccccc1,"4,350",18,O,0,-1,1,0,SP2,FALSE,FALSE,2,10189,10190
mol5238,O=C1C(Cc2ccccc2)=C(O)c2ccccc21,O=C1C(Cc2ccccc2)=C([O-])c2ccccc21,"5,900",17,O,0,-1,1,0,SP2,FALSE,FALSE,2,10191,10192
mol5239,O=C1C=C(O)C(C2CCCCC2)CC1,O=C1C=C([O-])C(C2CCCCC2)CC1,"5,500",13,O,0,-1,1,0,SP2,FALSE,FALSE,2,10193,10194
mol5240,O=C1C=C(O)C(Cc2ccc(Br)cc2)C1,O=C1C=C([O-])C(Cc2ccc(Br)cc2)C1,"3,960",13,O,0,-1,1,0,SP2,FALSE,FALSE,2,10195,10196
mol5241,O=C1C=C(O)C(Cc2ccccc2)C1,O=C1C=C([O-])C(Cc2ccccc2)C1,"4,010",13,O,0,-1,1,0,SP2,FALSE,FALSE,2,10197,10198
mol5242,O=C1C=C(O)CC1,O=C1C=C([O-])CC1,"4,350",6,O,0,-1,1,0,SP2,FALSE,FALSE,2,10199,10200
mol5243,O=C1C=C(O)CC2(CCCCC2)C1,O=C1C=C([O-])CC2(CCCCC2)C1,"5,200",12,O,0,-1,1,0,SP2,FALSE,FALSE,2,10201,10202
mol5244,O=C1C=C(O)CCC1,O=C1C=C([O-])CCC1,"5,260",7,O,0,-1,1,0,SP2,FALSE,FALSE,2,10203,10204
mol5245,O=C1C=C(O)CSC1,O=C1C=C([O-])CSC1,"4,340",7,O,0,-1,1,0,SP2,FALSE,FALSE,2,10205,10206
mol5246,O=C1C=C(O)c2ccccc2C1=O,O=C1C=C([O-])c2ccccc2C1=O,"3,190",12,O,0,-1,1,0,SP2,FALSE,FALSE,2,10207,10208
mol5248,O=C1C=C[NH+]2C[C@@H]3C[C@@H](C[NH+]4CCCC[C@H]34)[C@@H]2C1,O=C1C=C[NH+]2C[C@@H]3C[C@@H](CN4CCCC[C@H]34)[C@@H]2C1,"9,250",3,N,1,0,1,0,SP3,FALSE,TRUE,4,10209,10210
mol5249,O=C1CC(c2ccccc2)CC(O)=C1Nc1ccccc1Cl,O=C1CC(c2ccccc2)CC([O-])=C1Nc1ccccc1Cl,"4,600",21,O,0,-1,1,0,SP2,FALSE,FALSE,2,10211,10212
mol5250,O=C1CC(c2ccccc2)CC(O)=C1Oc1ccccc1Cl,O=C1CC(c2ccccc2)CC([O-])=C1Oc1ccccc1Cl,"3,700",21,O,0,-1,1,0,SP2,FALSE,FALSE,2,10213,10214
mol5251,O=C1CC(c2ccccc2)CC(O)=C1Sc1ccccc1Cl,O=C1CC(c2ccccc2)CC([O-])=C1Sc1ccccc1Cl,"3,000",21,O,0,-1,1,0,SP2,FALSE,FALSE,2,10215,10216
mol5252,O=C1CC(c2ccccc2)NC(=O)N1,O=C1CC(c2ccccc2)NC(=O)[N-]1,"11,220",10,N,0,-1,1,0,SP2,FALSE,TRUE,3,10217,10218
mol5253,O=C1CC2OCC=C3C4CC5[NH+](CCC56c5ccccc5N1C6C24)[C@H]3S(=O)(=O)[O-],O=C1CC2OCC=C3C4CC5N(CCC56c5ccccc5N1C6C24)[C@H]3S(=O)(=O)[O-],"3,200",9,N,1,0,1,0,SP3,FALSE,TRUE,4,10220,10219
mol5254,O=C1CCC(=O)N1,O=C1CCC(=O)[N-]1,"9,590",4,N,0,-1,1,0,SP2,FALSE,TRUE,3,10221,10222
mol5255,O=C1CCC(C(=O)O)N1,O=C1CCC(C(=O)[O-])N1,"3,250",8,O,0,-1,1,0,SP2,FALSE,FALSE,2,10223,10224
mol5256,O=C1CCC(O)=C1Cc1ccc(Br)cc1,O=C1CCC([O-])=C1Cc1ccc(Br)cc1,"4,200",13,O,0,-1,1,0,SP2,FALSE,FALSE,2,10225,10226
mol5257,O=C1CCC(O)=C1Cc1ccccc1,O=C1CCC([O-])=C1Cc1ccccc1,"4,440",13,O,0,-1,1,0,SP2,FALSE,FALSE,2,10227,10228
mol5258,O=C1CCC(O)=C1O,O=C1CCC([O-])=C1O,"4,800",6,O,0,-1,1,0,SP2,FALSE,FALSE,2,10229,10230
mol5259,O=C1CCCC(=O)N1,O=C1CCCC(=O)[N-]1,"11,430",4,N,0,-1,1,0,SP2,FALSE,TRUE,3,10231,10232
mol5260,O=C1CCCC(=O)N1O,O=C1CCCC(=O)N1[O-],"7,600",8,O,0,-1,1,0,SP3,FALSE,FALSE,2,10233,10234
mol5261,O=C1CCCC1=CO,O=C1CCCC1=C[O-],"5,830",4,O,0,-1,1,0,SP2,FALSE,FALSE,2,10235,10236
mol5263,O=C1CCCCC1=CO,O=C1CCCCC1=C[O-],"6,350",7,O,0,-1,1,0,SP2,FALSE,FALSE,2,10237,10238
mol5264,O=C1CCC[C@H]2[C@H]3C[C@@H](CN12)[C@@H]1CCCC[NH+]1C3,O=C1CCC[C@H]2[C@H]3C[C@@H](CN12)[C@@H]1CCCCN1C3,"9,400",3,N,1,0,1,0,SP3,FALSE,TRUE,4,10239,10240
mol5265,O=C1CCC[C@H]2[C@H]3C[C@@H](CN12)[C@H]1CCCC[NH+]1C3,O=C1CCC[C@H]2[C@H]3C[C@@H](CN12)[C@H]1CCCCN1C3,"9,200",3,N,1,0,1,0,SP3,FALSE,TRUE,4,10241,10242
mol5266,O=C1CCC[NH+](Cc2ccc3c(c2)OCO3)C1,O=C1CCCN(Cc2ccc3c(c2)OCO3)C1,"7,600",7,N,1,0,1,0,SP3,FALSE,TRUE,4,10243,10244
mol5267,O=C1CCCc2nc3c(ccn4cc[nH+]c34)cc21,O=C1CCCc2nc3c(ccn4ccnc34)cc21,"2,000",5,N,1,0,1,0,SP2,TRUE,TRUE,4,10245,10246
mol5268,O=C1CCO[NH2+]1,O=C1CCON1,"6,700",3,N,1,0,2,1,SP3,FALSE,TRUE,4,10247,10248
mol5269,O=C1CC[C@@H](C(=O)O)N1,O=C1CC[C@@H](C(=O)[O-])N1,"3,400",8,O,0,-1,1,0,SP2,FALSE,FALSE,2,10249,10250
mol5270,O=C1CC[C@H]2N1CC[C@H]1c3ccccc3CC[NH+]12,O=C1CC[C@H]2N1CC[C@H]1c3ccccc3CCN12,"4,890",8,N,1,0,1,0,SP3,FALSE,TRUE,4,10252,10251
mol5271,O=C1CC[NH+](Cc2ccc3c(c2)OCO3)C1,O=C1CCN(Cc2ccc3c(c2)OCO3)C1,"6,100",7,N,1,0,1,0,SP3,FALSE,TRUE,4,10254,10253
mol5272,O=C1CC[NH+](Cc2ccc3c(c2)OCO3)CC1,O=C1CCN(Cc2ccc3c(c2)OCO3)CC1,"7,500",7,N,1,0,1,0,SP3,FALSE,TRUE,4,10255,10256
mol5273,O=C1CCc2ccccc2N1CCC[NH+]1CCC(c2ccc3[nH]ccc3c2)CC1,O=C1CCc2ccccc2N1CCCN1CCC(c2ccc3[nH]ccc3c2)CC1,"9,000",14,N,1,0,1,0,SP3,FALSE,TRUE,4,10257,10258
mol5274,O=C1CCc2ccccc2N1CCC[NH+]1CCC(n2c(=O)[nH]c3ccccc32)CC1,O=C1CCc2ccccc2N1CCCN1CCC(n2c(=O)[nH]c3ccccc32)CC1,"7,600",14,N,1,0,1,0,SP3,FALSE,TRUE,4,10259,10260
mol5275,O=C1CN(C(=O)c2ccccc2)C(=S)[NH2+]1,O=C1CN(C(=O)c2ccccc2)C(=S)N1,"6,500",12,N,1,0,2,1,SP3,FALSE,TRUE,4,10261,10262
mol5276,O=C1CNC(=O)N1,O=C1CNC(=O)[N-]1,"9,120",3,N,0,-1,1,0,SP2,FALSE,TRUE,3,10263,10264
mol5277,O=C1CS(=O)(=O)c2ccccc21,O=C1[CH-]S(=O)(=O)c2ccccc21,"7,650",8,C,0,-1,2,1,SP3,FALSE,TRUE,4,10265,10266
mol5278,O=C1CSC(=O)N1,O=C1CSC(=O)[N-]1,"6,680",3,N,0,-1,1,0,SP2,FALSE,TRUE,3,10267,10268
mol5279,O=C1CSC(=S)N1,O=C1CSC(=S)[N-]1,"6,480",3,N,0,-1,1,0,SP2,FALSE,TRUE,3,10269,10270
mol5280,O=C1C[C@@H]2OCC=C3C[NH+]4CC[C@@]56c7ccccc7N1[C@H]5C2[C@@]3(S(=O)(=O)[O-])C[C@H]46,O=C1C[C@@H]2OCC=C3CN4CC[C@@]56c7ccccc7N1[C@H]5C2[C@@]3(S(=O)(=O)[O-])C[C@H]46,"7,530",9,N,1,0,1,0,SP3,FALSE,TRUE,4,10271,10272
mol5281,O=C1C[C@H]2OCC(S(=O)(=O)[O-])=C3C[NH+]4CC[C@@]56c7ccccc7N1[C@@H]5[C@@H]2[C@@H]3C[C@@H]46,O=C1C[C@H]2OCC(S(=O)(=O)[O-])=C3CN4CC[C@@]56c7ccccc7N1[C@@H]5[C@@H]2[C@@H]3C[C@@H]46,"7,540",9,N,1,0,1,0,SP3,FALSE,TRUE,4,10273,10274
mol5282,O=C1C[C@H]2OCC=C3C[NH+]4CC[C@@]56c7ccccc7N1[C@@H]5[C@@H]2[C@@H]3C[C@@H]46,O=C1C[C@H]2OCC=C3CN4CC[C@@]56c7ccccc7N1[C@@H]5[C@@H]2[C@@H]3C[C@@H]46,"8,180",9,N,1,0,1,0,SP3,FALSE,TRUE,4,10275,10276
mol5283,O=C1C[NH+]2CCC1CC2,O=C1CN2CCC1CC2,"7,270",2,N,1,0,1,0,SP3,FALSE,TRUE,4,10278,10277
mol5284,O=C1Cc2c1ccc([OH2+])c2Br,O=C1Cc2c1ccc(O)c2Br,"5,750",10,O,1,0,2,1,SP2,FALSE,FALSE,3,10279,10280
mol5285,O=C1Cc2cc([OH2+])ccc21,O=C1Cc2cc(O)ccc21,"7,240",6,O,1,0,2,1,SP2,FALSE,FALSE,3,10281,10282
mol5286,O=C1Cn2c(cc3ccccc32)C(=O)N1,O=c1[cH-]n2c(cc3ccccc32)c(=O)[nH]1,"9,300",9,C,0,-1,2,1,SP3,FALSE,TRUE,4,10283,10284
mol5287,O=C1N=C(Cc2ccccc2)C(=O)N1,O=C1N=C(Cc2ccccc2)C(=O)[N-]1,"8,600",11,N,0,-1,1,0,SP2,FALSE,TRUE,3,10285,10286
mol5288,O=C1NC(=O)C(Cc2ccccc2)N1,O=C1[N-]C(=O)C(Cc2ccccc2)N1,"9,030",10,N,0,-1,1,0,SP2,FALSE,TRUE,3,10287,10288
mol5289,O=C1NC(=O)C(N2C(=O)c3cccc4cccc(c34)C2=O)N1,O=C1[N-]C(=O)C(N2C(=O)c3cccc4cccc(c34)C2=O)N1,"9,500",18,N,0,-1,1,0,SP2,FALSE,TRUE,3,10289,10290
mol5290,O=C1NC(=O)C(c2ccccc2)(c2ccccc2)N1,O=C1[N-]C(=O)C(c2ccccc2)(c2ccccc2)N1,"8,100",9,N,0,-1,1,0,SP2,FALSE,TRUE,3,10291,10292
mol5291,O=C1NC(=O)C2(CCOc3ccc(F)cc32)N1,O=C1[N-]C(=O)C2(CCOc3ccc(F)cc32)N1,"8,300",13,N,0,-1,1,0,SP2,FALSE,TRUE,3,10293,10294
mol5292,O=C1NC(=O)C2CCC12,O=C1[N-]C(=O)C2CCC12,"9,630",6,N,0,-1,1,0,SP2,FALSE,TRUE,3,10295,10296
mol5293,O=C1NC(=O)[C@@H]2CCCC[C@H]12,O=C1[N-]C(=O)[C@@H]2CCCC[C@H]12,"9,720",8,N,0,-1,1,0,SP2,FALSE,TRUE,3,10297,10298
mol5294,O=C1NC(=O)[C@@H]2CCC[C@H]12,O=C1[N-]C(=O)[C@@H]2CCC[C@H]12,"9,530",7,N,0,-1,1,0,SP2,FALSE,TRUE,3,10299,10300
mol5295,O=C1NC(=O)[C@@]2(CCOc3ccc(F)cc32)N1,O=C1[N-]C(=O)[C@@]2(CCOc3ccc(F)cc32)N1,"8,183",13,N,0,-1,1,0,SP2,FALSE,TRUE,3,10301,10302
mol5296,O=C1NC(=O)c2cc(Cl)ccc21,O=C1[N-]C(=O)c2cc(Cl)ccc21,"9,480",9,N,0,-1,1,0,SP2,FALSE,TRUE,3,10303,10304
mol5297,O=C1NC(=O)c2ccccc21,O=C1[N-]C(=O)c2ccccc21,"9,910",8,N,0,-1,1,0,SP2,FALSE,TRUE,3,10305,10306
mol5298,O=C1NC(=S)NC12CCCCC2,O=C1[N-]C(=S)NC12CCCCC2,"8,790",8,N,0,-1,1,0,SP2,FALSE,TRUE,3,10307,10308
mol5299,O=C1NC(c2ccccc2)CC(O)=C1Nc1ccccc1Cl,O=C1NC(c2ccccc2)CC([O-])=C1Nc1ccccc1Cl,"6,000",21,O,0,-1,1,0,SP2,FALSE,FALSE,2,10309,10310
mol5300,O=C1NC(c2ccccc2)CC(O)=C1Sc1ccccc1Cl,O=C1NC(c2ccccc2)CC([O-])=C1Sc1ccccc1Cl,"4,100",21,O,0,-1,1,0,SP2,FALSE,FALSE,2,10311,10312
mol5301,O=C1NCC(c2ccc(F)cc2)C12CC[NH+](C1(c3ccc(F)cc3)CCCCC1)CC2,O=C1NCC(c2ccc(F)cc2)C12CCN(C1(c3ccc(F)cc3)CCCCC1)CC2,"8,750",14,N,1,0,1,0,SP3,FALSE,TRUE,4,10313,10314
mol5302,O=C1NCC(c2ccc(F)cc2)C12CC[NH+](C1CCCCC1(O)c1ccccc1)CC2,O=C1NCC(c2ccc(F)cc2)C12CCN(C1CCCCC1(O)c1ccccc1)CC2,"6,890",12,N,1,0,1,0,SP3,FALSE,TRUE,4,10316,10315
mol5303,O=C1NCC(c2ccccc2)C12CC[NH+](C1(c3ccccc3)CCCOC1)CC2,O=C1NCC(c2ccccc2)C12CCN(C1(c3ccccc3)CCCOC1)CC2,"7,100",14,N,1,0,1,0,SP3,FALSE,TRUE,4,10318,10317
mol5304,O=C1NCC(c2ccccc2)C12CC[NH+](C1(c3ccccc3)CCOCC1)CC2,O=C1NCC(c2ccccc2)C12CCN(C1(c3ccccc3)CCOCC1)CC2,"7,710",14,N,1,0,1,0,SP3,FALSE,TRUE,4,10319,10320
mol5305,O=C1NCC(c2ccccc2)C12CC[NH+](C1CCCCC1(O)c1ccc(F)cc1)CC2,O=C1NCC(c2ccccc2)C12CCN(C1CCCCC1(O)c1ccc(F)cc1)CC2,"8,540",14,N,1,0,1,0,SP3,FALSE,TRUE,4,10321,10322
mol5306,O=C1NC[C@@H](c2ccccc2)C12CC[NH+](C1CCCCC1c1ccccc1)CC2,O=C1NC[C@@H](c2ccccc2)C12CCN(C1CCCCC1c1ccccc1)CC2,"8,850",14,N,1,0,1,0,SP3,FALSE,TRUE,4,10323,10324
mol5307,O=C1Nc2ccc(Cl)cc2C(c2ccccc2Cl)=NC1O,O=C1Nc2ccc(Cl)cc2C(c2ccccc2Cl)=NC1[O-],"11,500",19,O,0,-1,1,0,SP3,FALSE,FALSE,2,10325,10326
mol5308,O=C1Nc2ccccc2C1=O,O=C1[N-]c2ccccc2C1=O,"11,900",10,N,0,-1,1,0,SP2,FALSE,TRUE,3,10327,10328
mol5309,O=C1OC(C(O)CO)C(OCCCCC(CO[N+](=O)[O-])O[N+](=O)[O-])=C1O,O=C1OC(C(O)CO)C(OCCCCC(CO[N+](=O)[O-])O[N+](=O)[O-])=C1[O-],"7,640",14,O,0,-1,1,0,SP2,FALSE,FALSE,2,10329,10330
mol5310,O=C1OC(C(O)CO)C(OCCCCCCO[N+](=O)[O-])=C1O,O=C1OC(C(O)CO)C(OCCCCCCO[N+](=O)[O-])=C1[O-],"7,600",21,O,0,-1,1,0,SP2,FALSE,FALSE,2,10331,10332
mol5311,O=C1OC(C(O)CO)C(OCCCO[N+](=O)[O-])=C1O,O=C1OC(C(O)CO)C(OCCCO[N+](=O)[O-])=C1[O-],"7,550",13,O,0,-1,1,0,SP2,FALSE,FALSE,2,10333,10334
mol5312,O=C1OC(C(O)CO)C(OCCCOc2no[n+]([O-])c2-c2ccccc2)=C1O,O=C1OC(C(O)CO)C(OCCCOc2no[n+]([O-])c2-c2ccccc2)=C1[O-],"7,600",27,O,0,-1,1,0,SP2,FALSE,FALSE,2,10335,10336
mol5313,O=C1OC(C(O)CO)C(OCCCOc2no[n+]([O-])c2S(=O)(=O)c2ccccc2)=C1O,O=C1OC(C(O)CO)C(OCCCOc2no[n+]([O-])c2S(=O)(=O)c2ccccc2)=C1[O-],"7,620",30,O,0,-1,1,0,SP2,FALSE,FALSE,2,10337,10338
mol5314,O=C1OC(C(O)CO)C(O)=C1OCCCCCCO[N+](=O)[O-],O=C1OC(C(O)CO)C([O-])=C1OCCCCCCO[N+](=O)[O-],"3,560",21,O,0,-1,1,0,SP2,FALSE,FALSE,2,10339,10340
mol5315,O=C1OC(C(O)CO)C(O)=C1OCCCO[N+](=O)[O-],O=C1OC(C(O)CO)C([O-])=C1OCCCO[N+](=O)[O-],"3,190",13,O,0,-1,1,0,SP2,FALSE,FALSE,2,10341,10342
mol5316,O=C1OC(C(O)CO)C(O)=C1OCCCOc1no[n+]([O-])c1-c1ccccc1,O=C1OC(C(O)CO)C([O-])=C1OCCCOc1no[n+]([O-])c1-c1ccccc1,"3,440",27,O,0,-1,1,0,SP2,FALSE,FALSE,2,10343,10344
mol5317,O=C1OC(c2ccccc2)CC(O)=C1Oc1ccccc1Cl,O=C1OC(c2ccccc2)CC([O-])=C1Oc1ccccc1Cl,"3,400",21,O,0,-1,1,0,SP2,FALSE,FALSE,2,10345,10346
mol5318,O=C1OC2C3CC4C2C4(C(=O)O)C13Br,O=C1OC2C3CC4C2C4(C(=O)[O-])C13Br,"3,500",13,O,0,-1,1,0,SP2,FALSE,FALSE,2,10347,10348
mol5319,O=C1[C@@H]2C[C@@H](C[NH+]3CCCC[C@@H]23)[C@H]2CCCCN12,O=C1[C@@H]2C[C@@H](CN3CCCC[C@@H]23)[C@H]2CCCCN12,"7,700",3,N,1,0,1,0,SP3,FALSE,TRUE,4,10349,10350
mol5320,O=C1[C@H]2C[C@H](C[NH+]3CCCC=C23)[C@@H]2CCCCN12,O=C1[C@H]2C[C@H](CN3CCCC=C23)[C@@H]2CCCCN12,"9,700",16,N,1,0,1,0,SP3,FALSE,TRUE,4,10351,10352
mol5321,O=C1[C@H]2C[C@H](C[NH+]3CCCC[C@@H]23)C2=CCCCN12,O=C1[C@H]2C[C@H](CN3CCCC[C@@H]23)C2=CCCCN12,"7,700",3,N,1,0,1,0,SP3,FALSE,TRUE,4,10353,10354
mol5322,O=C1NC(=O)/C(=C/c2ccccc2)S1,O=C1[N-]C(=O)/C(=C/c2ccccc2)S1,"6,140",10,N,0,-1,1,0,SP2,FALSE,TRUE,3,10355,10356
mol5324,O=C1NC(=O)C(Cc2ccccc2)S1,O=C1[N-]C(=O)C(Cc2ccccc2)S1,"6,190",10,N,0,-1,1,0,SP2,FALSE,TRUE,3,10357,10358
mol5325,O=C1NC(=O)[C@@]2(CCOc3ccc(Cl)cc32)O1,O=C1[N-]C(=O)[C@@]2(CCOc3ccc(Cl)cc32)O1,"5,600",13,N,0,-1,1,0,SP2,FALSE,TRUE,3,10359,10360
mol5326,O=C1c2ccccc2C(=O)N1[OH2+],O=C1c2ccccc2C(=O)N1O,"6,130",11,O,1,0,2,1,SP3,FALSE,FALSE,3,10361,10362
mol5327,O=C1c2ccccc2CN1C1CC2CCC(C1)[NH+]2Cc1ccccc1,O=C1c2ccccc2CN1C1CC2CCC(C1)N2Cc1ccccc1,"8,710",7,N,1,0,1,0,SP3,FALSE,TRUE,4,10363,10364
mol5328,O=CC1c2ccccc2-c2ccccc21,O=C[C+]1c2ccccc2-c2ccccc21,"6,800",12,C,0,1,1,0,SP3,FALSE,TRUE,4,10366,10365
mol5329,O=CCCCC(=O)O,O=CCCCC(=O)[O-],"5,020",7,O,0,-1,1,0,SP2,FALSE,FALSE,2,10367,10368
mol5330,O=CN(O)c1ccccc1,O=CN([O-])c1ccccc1,"7,920",9,O,0,-1,1,0,SP3,FALSE,FALSE,2,10369,10370
mol5331,O=CN1CC[NH2+]CC1,O=CN1CCNCC1,"7,980",5,N,1,0,2,1,SP3,FALSE,TRUE,4,10371,10372
mol5332,O=CNO,O=CN[O-],"8,770",3,O,0,-1,1,0,SP3,FALSE,FALSE,2,10373,10374
mol5333,O=CO[OH2+],O=COO,"7,100",3,O,1,0,2,1,SP3,FALSE,FALSE,3,10375,10376
mol5334,O=CO,O=C[O-],"3,690",2,O,0,-1,1,0,SP2,FALSE,FALSE,2,10377,10378
mol5335,O=Cc1c(O)cccc1Cl,O=Cc1c([O-])cccc1Cl,"8,260",9,O,0,-1,1,0,SP2,FALSE,FALSE,2,10379,10380
mol5336,O=Cc1c2ccccc2c([OH2+])c2ccccc12,O=Cc1c2ccccc2c(O)c2ccccc12,"6,000",14,O,1,0,2,1,SP2,FALSE,FALSE,3,10381,10382
mol5337,O=Cc1cc(-c2ccccc2)nnc1NCC[NH+]1CCOCC1,O=Cc1cc(-c2ccccc2)nnc1NCCN1CCOCC1,"4,745",15,N,1,0,1,0,SP3,FALSE,TRUE,4,10384,10383
mol5338,O=Cc1cc(Br)ccc1[OH2+],O=Cc1cc(Br)ccc1O,"7,400",9,O,1,0,2,1,SP2,FALSE,FALSE,3,10385,10386
mol5339,O=Cc1cc(Cl)ccc1[OH2+],O=Cc1cc(Cl)ccc1O,"7,400",9,O,1,0,2,1,SP2,FALSE,FALSE,3,10387,10388
mol5340,O=Cc1ccc([OH2+])c2ncccc12,O=Cc1ccc(O)c2ncccc12,"5,715",10,O,1,0,2,1,SP2,FALSE,FALSE,3,10389,10390
mol5341,O=Cc1ccc(O)cc1,O=Cc1ccc([O-])cc1,"7,565",8,O,0,-1,1,0,SP2,FALSE,FALSE,2,10391,10392
mol5342,O=Cc1ccc([OH2+])cc1Cl,O=Cc1ccc(O)cc1Cl,"6,600",6,O,1,0,2,1,SP2,FALSE,FALSE,3,10393,10394
mol5343,O=Cc1cccc(C2C(=O)c3ccccc3C(=O)C2=NC(=O)Cc2ccccc2)c1,O=Cc1cccc([C-]2C(=O)c3ccccc3C(=O)C2=NC(=O)Cc2ccccc2)c1,"11,400",11,C,0,-1,1,0,SP3,FALSE,TRUE,4,10395,10396
mol5344,O=Cc1cccc(C2C(=O)c3ccccc3C(=O)C2=NC(=O)c2ccccc2)c1,O=Cc1cccc([C-]2C(=O)c3ccccc3C(=O)C2=NC(=O)c2ccccc2)c1,"10,900",10,C,0,-1,1,0,SP3,FALSE,TRUE,4,10397,10398
mol5345,O=Cc1cccc(C2C(=O)c3ccccc3C(=O)C2=NS(=O)(=O)c2ccccc2)c1,O=Cc1cccc(-[c+]2c(=NS(=O)(=O)c3ccccc3)c(=O)c3ccccc3c2=O)c1,"5,000",11,C,0,1,1,0,SP3,FALSE,TRUE,4,10400,10399
mol5346,O=Cc1cccc(Cl)c1[OH2+],O=Cc1cccc(Cl)c1O,"6,610",7,O,1,0,2,1,SP2,FALSE,FALSE,3,10401,10402
mol5347,O=Cc1cccc(O)c1,O=Cc1cccc([O-])c1,"8,860",6,O,0,-1,1,0,SP2,FALSE,FALSE,2,10403,10404
mol5348,O=Cc1ccccc1C(=O)O,O=Cc1ccccc1C(=O)[O-],"4,560",10,O,0,-1,1,0,SP2,FALSE,FALSE,2,10405,10406
mol5349,O=Cc1ccccc1O,O=Cc1ccccc1[O-],"8,330",8,O,0,-1,1,0,SP2,FALSE,FALSE,2,10407,10408
mol5350,O=Cc1ccc[nH+]c1,O=Cc1cccnc1,"3,730",4,N,1,0,1,0,SP2,TRUE,TRUE,4,10409,10410
mol5351,O=Cc1cccnc1C(=O)O,O=Cc1cccnc1C(=O)[O-],"3,700",8,O,0,-1,1,0,SP2,FALSE,FALSE,2,10411,10412
mol5352,O=Cc1cc[nH+]c2ccccc12,O=Cc1ccnc2ccccc12,"4,250",9,N,1,0,1,0,SP2,TRUE,TRUE,4,10413,10414
mol5353,O=Cc1cc[nH+]cc1,O=Cc1ccncc1,"4,630",2,N,1,0,1,0,SP2,TRUE,TRUE,4,10415,10416
mol5354,O=Cc1ncccc1[OH2+],O=Cc1ncccc1O,"6,950",8,O,1,0,2,1,SP2,FALSE,FALSE,3,10417,10418
mol5355,O=NC(=O)CCc1ccc(C[NH+](CCc2c[nH]c3ccccc23)CC(F)(F)F)cc1,O=NC(=O)CCc1ccc(CN(CCc2c[nH]c3ccccc23)CC(F)(F)F)cc1,"3,200",11,N,1,0,1,0,SP3,FALSE,FALSE,4,10419,10420
mol5356,O=NC(=O)CCc1ccc(C[NH+](CCc2c[nH]c3ccccc23)CCC(F)(F)F)cc1,O=NC(=O)CCc1ccc(CN(CCc2c[nH]c3ccccc23)CCC(F)(F)F)cc1,"4,750",11,N,1,0,1,0,SP3,FALSE,FALSE,4,10421,10422
mol5357,O=NC(=O)CCc1ccc(C[NH+](CCO)CCc2c[nH]c3ccccc23)cc1,O=NC(=O)CCc1ccc(CN(CCO)CCc2c[nH]c3ccccc23)cc1,"7,500",11,N,1,0,1,0,SP3,FALSE,FALSE,4,10423,10424
mol5358,O=NC(=O)CCc1ccc(C[NH+]2CCCC(c3c(-c4ccccc4)[nH]c4ccccc34)C2)c(F)c1,O=NC(=O)CCc1ccc(CN2CCCC(c3c(-c4ccccc4)[nH]c4ccccc34)C2)c(F)c1,"7,400",19,N,1,0,1,0,SP3,FALSE,TRUE,4,10426,10425
mol5359,O=NC(=O)CCc1ccc(C[NH+]2CCCC(c3c(-c4ccccc4)[nH]c4ccccc34)C2)cc1,O=NC(=O)CCc1ccc(CN2CCCC(c3c(-c4ccccc4)[nH]c4ccccc34)C2)cc1,"7,700",19,N,1,0,1,0,SP3,FALSE,TRUE,4,10427,10428
mol5360,O=NC(=O)CCc1ccc(C[NH+]2CCCC(c3c[nH]c4ccccc34)C2)cc1,O=NC(=O)CCc1ccc(CN2CCCC(c3c[nH]c4ccccc34)C2)cc1,"7,300",13,N,1,0,1,0,SP3,FALSE,TRUE,4,10430,10429
mol5361,O=NC(=O)CCc1ccc(C[NH2+]CCc2c[nH]c3ccccc23)cc1,O=NC(=O)CCc1ccc(CNCCc2c[nH]c3ccccc23)cc1,"7,650",11,N,1,0,2,1,SP3,FALSE,FALSE,4,10431,10432
mol5362,O=NC(c1ccc(Sc2cc(F)cc(C3CCOCC3)c2)cc1)C(F)(F)F,O=N[C-](c1ccc(Sc2cc(F)cc(C3CCOCC3)c2)cc1)C(F)(F)F,"7,680",6,C,0,-1,1,0,SP3,FALSE,FALSE,4,10433,10434
mol5363,O=NC1CCC(N=O)C1=O,O=N[C-]1CCC(N=O)C1=O,"7,950",5,C,0,-1,1,0,SP3,FALSE,TRUE,4,10435,10436
mol5364,O=NCC(=O)CCl,O=N[CH-]C(=O)CCl,"7,900",0,C,0,-1,2,1,SP3,FALSE,FALSE,4,10437,10438
mol5365,O=NCC(=O)CN=O,O=N[CH-]C(=O)CN=O,"7,650",3,C,0,-1,2,1,SP3,FALSE,FALSE,4,10439,10440
mol5366,O=NCC(=O)NCC[NH+]1CCOCC1,O=NCC(=O)NCCN1CCOCC1,"6,190",5,N,1,0,1,0,SP3,FALSE,TRUE,4,10442,10441
mol5367,O=NCC(=O)c1ccc(OCC2CC[NH+](Cc3ccccc3)CC2)nc1,O=NCC(=O)c1ccc(OCC2CCN(Cc3ccccc3)CC2)nc1,"7,800",7,N,1,0,1,0,SP3,FALSE,TRUE,4,10443,10444
mol5368,O=NCC(F)(F)F,O=N[CH-]C(F)(F)F,"8,900",0,C,0,-1,2,1,SP3,FALSE,FALSE,4,10445,10446
mol5369,O=NCc1ccc(O)cc1,O=NCc1ccc([O-])cc1,"10,375",9,O,0,-1,1,0,SP2,FALSE,FALSE,2,10447,10448
mol5370,O=NCc1ccc(OCC2CC[NH+](Cc3ccccc3)CC2)nc1,O=NCc1ccc(OCC2CCN(Cc3ccccc3)CC2)nc1,"11,200",7,N,1,0,1,0,SP3,FALSE,TRUE,4,10449,10450
mol5371,O=NCc1cccc[n+]1COCCOC[n+]1ccccc1CN=O,O=N[CH-]c1cccc[n+]1COCCOC[n+]1ccccc1CN=O,"8,020",21,C,0,-1,2,1,SP3,FALSE,FALSE,4,10451,10452
mol5372,O=NCc1ccccc1O,O=NCc1ccccc1[O-],"9,210",9,O,0,-1,1,0,SP2,FALSE,FALSE,2,10453,10454
mol5373,O=NCc1cccc[nH+]1,O=NCc1ccccn1,"3,400",3,N,1,0,1,0,SP2,TRUE,TRUE,4,10455,10456
mol5374,O=NCc1ccc[nH+]c1,O=NCc1cccnc1,"3,940",4,N,1,0,1,0,SP2,TRUE,TRUE,4,10457,10458
mol5375,O=NCc1cc[nH+]c2ccccc12,O=NCc1ccnc2ccccc12,"4,550",9,N,1,0,1,0,SP2,TRUE,TRUE,4,10459,10460
mol5376,O=NCc1cc[nH+]cc1,O=NCc1ccncc1,"4,580",2,N,1,0,1,0,SP2,TRUE,TRUE,4,10461,10462
mol5377,O=NCc1cnc(OCC2CC[NH+](Cc3ccccc3)CC2)nc1,O=NCc1cnc(OCC2CCN(Cc3ccccc3)CC2)nc1,"10,700",7,N,1,0,1,0,SP3,FALSE,TRUE,4,10463,10464
mol5378,O=Nc1c(O)ccc2ccccc12,O=Nc1c([O-])ccc2ccccc12,"7,770",12,O,0,-1,1,0,SP2,FALSE,FALSE,2,10465,10466
mol5379,O=Nc1c([OH2+])ccc2ncsc12,O=Nc1c(O)ccc2ncsc12,"5,430",11,O,1,0,2,1,SP2,FALSE,FALSE,3,10467,10468
mol5380,O=Nc1ccc2ccccc2c1O,O=Nc1ccc2ccccc2c1[O-],"7,520",10,O,0,-1,1,0,SP2,FALSE,FALSE,2,10469,10470
mol5381,O=P([O-])(O)CCc1ccccc1,O=P([O-])([O-])CCc1ccccc1,"2,340",10,O,0,-1,1,0,SP3,FALSE,FALSE,2,10471,10472
mol5382,O=P1(O)NCCCO1,O=P1([O-])NCCCO1,"4,100",7,O,0,-1,1,0,SP3,FALSE,FALSE,2,10473,10474
mol5383,O=S(=O)(Cc1ccccc1)c1ccccc1O,O=S(=O)(Cc1ccccc1)c1ccccc1[O-],"7,120",16,O,0,-1,1,0,SP2,FALSE,FALSE,2,10475,10476
mol5384,O=S(=O)(Cc1ccccc1)C1=N[NH2+]N=C1,O=S(=O)(Cc1ccccc1)c1cn[nH]n1,"5,150",13,N,1,0,2,1,SP3,FALSE,TRUE,4,10477,10478
mol5385,O=S(=O)(Cc1ccccc1)c1ncc[nH]1,O=S(=O)(Cc1ccccc1)c1ncc[n-]1,"8,670",11,N,0,-1,1,0,SP2,TRUE,TRUE,3,10479,10480
mol5386,O=S(=O)(Cc1ccccc1)C1=NC=N[NH2+]1,O=S(=O)(Cc1ccccc1)c1ncn[nH]1,"6,230",11,N,1,0,2,1,SP3,FALSE,TRUE,4,10481,10482
mol5387,O=S(=O)([NH2+]Br)c1ccccc1,O=S(=O)(NBr)c1ccccc1,"4,950",9,N,1,0,2,1,SP3,FALSE,FALSE,4,10483,10484
mol5388,O=S(=O)(NCc1ccccc1)c1ccc(Br)cc1,O=S(=O)([N-]Cc1ccccc1)c1ccc(Br)cc1,"10,710",7,N,0,-1,1,0,SP3,FALSE,FALSE,3,10485,10486
mol5389,O=S(=O)(N[C@H](CO)C(C(F)(F)F)C(F)(F)F)c1ccc(Cl)s1,O=S(=O)([N-][C@H](CO)C(C(F)(F)F)C(F)(F)F)c1ccc(Cl)s1,"8,300",8,N,0,-1,1,0,SP3,FALSE,FALSE,3,10487,10488
mol5390,O=S(=O)(N[C@H](CO)C(CC(F)(F)F)CC(F)(F)F)c1ccc(Cl)s1,O=S(=O)([N-][C@H](CO)C(CC(F)(F)F)CC(F)(F)F)c1ccc(Cl)s1,"8,900",8,N,0,-1,1,0,SP3,FALSE,FALSE,3,10489,10490
mol5391,O=S(=O)([NH2+]c1cc(Cl)c(Cl)cc1Cn1ccnn1)c1ccc(Cl)s1,O=S(=O)(Nc1cc(Cl)c(Cl)cc1Cn1ccnn1)c1ccc(Cl)s1,"5,300",8,N,1,0,2,1,SP3,FALSE,FALSE,4,10491,10492
mol5392,O=S(=O)([NH2+]c1cc(Cl)ccc1Cn1ccnn1)c1ccc(Cl)c(Cl)c1,O=S(=O)(Nc1cc(Cl)ccc1Cn1ccnn1)c1ccc(Cl)c(Cl)c1,"5,900",9,N,1,0,2,1,SP3,FALSE,FALSE,4,10493,10494
mol5393,O=S(=O)(Nc1ccc(Br)cc1)c1ccccc1,O=S(=O)([N-]c1ccc(Br)cc1)c1ccccc1,"7,780",9,N,0,-1,1,0,SP2,FALSE,FALSE,3,10495,10496
mol5394,O=S(=O)([NH2+]c1ccc(C(F)(F)F)nc1)c1ccccc1C(F)(F)F,O=S(=O)(Nc1ccc(C(F)(F)F)nc1)c1ccccc1C(F)(F)F,"5,100",13,N,1,0,2,1,SP3,FALSE,FALSE,4,10497,10498
mol5395,O=S(=O)([NH2+]c1ccc(Cl)cc1)C(F)(F)F,O=S(=O)(Nc1ccc(Cl)cc1)C(F)(F)F,"3,900",6,N,1,0,2,1,SP3,FALSE,FALSE,4,10499,10500
mol5396,O=S(=O)(Nc1ccc(Cl)cc1)c1ccc(Br)cc1,O=S(=O)([N-]c1ccc(Cl)cc1)c1ccc(Br)cc1,"8,240",6,N,0,-1,1,0,SP2,FALSE,FALSE,3,10501,10502
mol5397,O=S(=O)(Nc1ccc(Cl)cc1)c1ccc(Cl)cc1,O=S(=O)([N-]c1ccc(Cl)cc1)c1ccc(Cl)cc1,"8,300",6,N,0,-1,1,0,SP2,FALSE,FALSE,3,10503,10504
mol5398,O=S(=O)(Nc1ccc(Cl)cc1)c1ccc(F)cc1,O=S(=O)([N-]c1ccc(Cl)cc1)c1ccc(F)cc1,"8,610",6,N,0,-1,1,0,SP2,FALSE,FALSE,3,10505,10506
mol5399,O=S(=O)(Nc1ccc(Cl)cc1)c1ccccc1,O=S(=O)([N-]c1ccc(Cl)cc1)c1ccccc1,"8,330",9,N,0,-1,1,0,SP2,FALSE,FALSE,3,10507,10508
mol5400,O=S(=O)(Nc1ccc(F)cc1)c1ccc(Br)cc1,O=S(=O)([N-]c1ccc(F)cc1)c1ccc(Br)cc1,"8,380",6,N,0,-1,1,0,SP2,FALSE,FALSE,3,10509,10510
mol5401,O=S(=O)(Nc1ccc(F)cc1)c1ccc(Cl)cc1,O=S(=O)([N-]c1ccc(F)cc1)c1ccc(Cl)cc1,"8,410",6,N,0,-1,1,0,SP2,FALSE,FALSE,3,10511,10512
mol5402,O=S(=O)(Nc1ccc(F)cc1)c1ccc(F)cc1,O=S(=O)([N-]c1ccc(F)cc1)c1ccc(F)cc1,"8,730",6,N,0,-1,1,0,SP2,FALSE,FALSE,3,10513,10514
mol5403,O=S(=O)(Nc1ccc(F)cc1)c1ccccc1,O=S(=O)([N-]c1ccc(F)cc1)c1ccccc1,"8,850",9,N,0,-1,1,0,SP2,FALSE,FALSE,3,10515,10516
mol5404,O=S(=O)([NH2+]c1cccc(C(F)(F)F)c1)C(F)(F)F,O=S(=O)(Nc1cccc(C(F)(F)F)c1)C(F)(F)F,"3,500",6,N,1,0,2,1,SP3,FALSE,FALSE,4,10517,10518
mol5405,O=S(=O)(Nc1cccc(C(F)(F)F)c1)c1ccccc1,O=S(=O)([N-]c1cccc(C(F)(F)F)c1)c1ccccc1,"7,630",9,N,0,-1,1,0,SP2,FALSE,FALSE,3,10519,10520
mol5406,O=S(=O)(Nc1cccc(F)c1)c1ccccc1,O=S(=O)([N-]c1cccc(F)c1)c1ccccc1,"7,540",9,N,0,-1,1,0,SP2,FALSE,FALSE,3,10521,10522
mol5407,O=S(=O)([NH2+]c1ccccc1)C(F)(F)F,O=S(=O)(Nc1ccccc1)C(F)(F)F,"4,850",6,N,1,0,2,1,SP3,FALSE,FALSE,4,10523,10524
mol5408,O=S(=O)(Nc1ccccc1)c1ccc(Br)cc1,O=S(=O)([N-]c1ccccc1)c1ccc(Br)cc1,"8,500",6,N,0,-1,1,0,SP2,FALSE,FALSE,3,10525,10526
mol5409,O=S(=O)(Nc1ccccc1)c1ccc(Cl)cc1,O=S(=O)([N-]c1ccccc1)c1ccc(Cl)cc1,"8,225",6,N,0,-1,1,0,SP2,FALSE,FALSE,3,10527,10528
mol5410,O=S(=O)(Nc1ccccc1)c1ccc(F)cc1,O=S(=O)([N-]c1ccccc1)c1ccc(F)cc1,"8,900",6,N,0,-1,1,0,SP2,FALSE,FALSE,3,10529,10530
mol5411,O=S(=O)(Nc1ccccc1)c1cccc(Br)c1,O=S(=O)([N-]c1ccccc1)c1cccc(Br)c1,"8,250",6,N,0,-1,1,0,SP2,FALSE,FALSE,3,10531,10532
mol5412,O=S(=O)(Nc1ccccc1)c1ccccc1,O=S(=O)([N-]c1ccccc1)c1ccccc1,"8,660",6,N,0,-1,1,0,SP2,FALSE,FALSE,3,10533,10534
mol5413,O=S(=O)(Nc1ccccn1)c1ccccc1,O=S(=O)([N-]c1ccccn1)c1ccccc1,"8,200",9,N,0,-1,1,0,SP2,FALSE,FALSE,3,10535,10536
mol5414,O=S(=O)([NH2+]c1cncc(Br)c1)c1ccccc1C(F)(F)F,O=S(=O)(Nc1cncc(Br)c1)c1ccccc1C(F)(F)F,"5,300",13,N,1,0,2,1,SP3,FALSE,FALSE,4,10537,10538
mol5415,O=S(=O)([NH2+]c1nccs1)c1ccccc1,O=S(=O)(Nc1nccs1)c1ccccc1,"5,730",9,N,1,0,2,1,SP3,FALSE,FALSE,4,10539,10540
mol5416,O=S(=O)(Nc1ncccn1)c1ccccc1,O=S(=O)([N-]c1ncccn1)c1ccccc1,"5,910",9,N,0,-1,1,0,SP2,FALSE,FALSE,3,10541,10542
mol5417,O=S(=O)([O-])CC(O)C[NH+]1CCOCC1,O=S(=O)([O-])CC(O)CN1CCOCC1,"6,910",5,N,1,0,1,0,SP3,FALSE,TRUE,4,10544,10543
mol5418,O=S(=O)([O-])CCC[NH+]1CCOCC1,O=S(=O)([O-])CCCN1CCOCC1,"7,170",5,N,1,0,1,0,SP3,FALSE,TRUE,4,10546,10545
mol5419,O=S(=O)([O-])CC[NH+]1CCOCC1,O=S(=O)([O-])CCN1CCOCC1,"6,160",5,N,1,0,1,0,SP3,FALSE,TRUE,4,10548,10547
mol5422,O=S(=O)([O-])c1ccc(Nc2c3ccccc3[nH+]c3ccccc23)cc1,O=S(=O)([O-])c1ccc(Nc2c3ccccc3nc3ccccc23)cc1,"6,870",13,N,1,0,1,0,SP2,TRUE,TRUE,4,10549,10550
mol5423,O=S(=O)(c1ccc(F)cc1)C1(F)CC[NH+](CCc2ccc(F)cc2F)CC1,O=S(=O)(c1ccc(F)cc1)C1(F)CCN(CCc2ccc(F)cc2F)CC1,"6,300",13,N,1,0,1,0,SP3,FALSE,TRUE,4,10552,10551
mol5424,O=S(=O)(c1ccc(F)cc1)C1CC[NH+](CCc2ccc(F)cc2F)CC1,O=S(=O)(c1ccc(F)cc1)C1CCN(CCc2ccc(F)cc2F)CC1,"7,200",13,N,1,0,1,0,SP3,FALSE,TRUE,4,10554,10553
mol5425,O=S(=O)(c1cccc(F)c1)c1ccc2c3c(oc2c1)C1(CCCOC1)[NH2+]CC3,O=S(=O)(c1cccc(F)c1)c1ccc2c3c(oc2c1)C1(CCCOC1)NCC3,"7,500",20,N,1,0,2,1,SP3,FALSE,TRUE,4,10555,10556
mol5426,O=S(=O)(c1cccc(F)c1)c1ccc2c3c(oc2c1)C1(CCOC1)[NH2+]CC3,O=S(=O)(c1cccc(F)c1)c1ccc2c3c(oc2c1)C1(CCOC1)NCC3,"7,500",20,N,1,0,2,1,SP3,FALSE,TRUE,4,10557,10558
mol5427,O=S(=O)(c1cccc(F)c1)c1ccc2c3c(oc2c1)C1(CCOCC1)[NH2+]CC3,O=S(=O)(c1cccc(F)c1)c1ccc2c3c(oc2c1)C1(CCOCC1)NCC3,"7,400",20,N,1,0,2,1,SP3,FALSE,TRUE,4,10560,10559
mol5428,O=S(=O)(c1ccccc1)C1CC[NH+](CCc2ccc(F)cc2F)CC1,O=S(=O)(c1ccccc1)C1CCN(CCc2ccc(F)cc2F)CC1,"7,300",12,N,1,0,1,0,SP3,FALSE,TRUE,4,10562,10561
mol5430,O=S(Cc1ccccc1)C1=N[NH2+]N=C1,O=S(Cc1ccccc1)c1cn[nH]n1,"6,090",12,N,1,0,2,1,SP3,FALSE,TRUE,4,10563,10564
mol5431,O=S(Cc1ccccc1)C1=NC=N[NH2+]1,O=S(Cc1ccccc1)c1ncn[nH]1,"7,380",10,N,1,0,2,1,SP3,FALSE,TRUE,4,10565,10566
mol5432,O=S(O)CCCCc1ccccc1,O=S([O-])CCCCc1ccccc1,"2,230",12,O,0,-1,1,0,SP3,FALSE,FALSE,2,10567,10568
mol5433,O=S(O)CCCc1ccccc1,O=S([O-])CCCc1ccccc1,"2,050",11,O,0,-1,1,0,SP3,FALSE,FALSE,2,10569,10570
mol5434,O=S(O)CCc1ccccc1,O=S([O-])CCc1ccccc1,"2,100",10,O,0,-1,1,0,SP3,FALSE,FALSE,2,10571,10572
mol5435,O=S1(=O)NCN(CC(F)(F)F)c2ccc(Cl)cc21,O=S1(=O)[N-]CN(CC(F)(F)F)c2ccc(Cl)cc21,"9,010",10,N,0,-1,1,0,SP3,FALSE,TRUE,3,10573,10574
mol5436,O=S1(=O)NCN(CCF)c2ccc(Cl)cc21,O=S1(=O)[N-]CN(CCF)c2ccc(Cl)cc21,"9,350",10,N,0,-1,1,0,SP3,FALSE,TRUE,3,10575,10576
mol5437,O=S1(=O)[NH2+]c2cccc3cccc1c23,O=S1(=O)Nc2cccc3cccc1c23,"6,200",10,N,1,0,2,1,SP3,FALSE,TRUE,4,10577,10578
mol5438,O=S1N=C(CCc2ccccc2)[NH2+]O1,O=S1N=C(CCc2ccccc2)NO1,"5,230",13,N,1,0,2,1,SP3,FALSE,TRUE,4,10579,10580
mol5439,O=c1[nH][nH]c(-c2ccccc2)c1Cc1ccccc1,O=c1[nH][n-]c(-c2ccccc2)c1Cc1ccccc1,"7,700",9,N,0,-1,1,0,SP2,TRUE,TRUE,3,10581,10582
mol5440,O=C1[NH2+]C(c2cc(-c3ccon3)n(Cc3ccccc3F)n2)=NC=C1F,O=c1[nH]c(-c2cc(-c3ccon3)n(Cc3ccccc3F)n2)ncc1F,"5,750",13,N,1,0,2,1,SP3,FALSE,TRUE,4,10583,10584
mol5441,O=C1Nc2c(ncn2[C@H]2O[C@@H](CO)[C@H](O)[C@@H]2O)C(=O)[NH2+]1,O=c1[nH]c(=O)c2ncn([C@H]3O[C@@H](CO)[C@H](O)[C@@H]3O)c2[nH]1,"5,720",17,N,1,0,2,1,SP3,FALSE,TRUE,4,10585,10586
mol5442,O=C1NN(c2ccccc2)C(=O)[NH2+]1,O=c1[nH]c(=O)n(-c2ccccc2)[nH]1,"4,900",9,N,1,0,2,1,SP3,FALSE,TRUE,4,10587,10588
mol5443,O=c1[nH]c(=O)n([C@@H]2O[C@H](CO)C(O)[C@H](F)C2O)cc1F,O=c1[n-]c(=O)n([C@@H]2O[C@H](CO)C(O)[C@H](F)C2O)cc1F,"7,500",4,N,0,-1,1,0,SP2,TRUE,TRUE,3,10589,10590
mol5444,O=c1[nH]c(=O)n([C@@H]2O[C@H](CO)[C@@H](O)[C@@H]2O)cc1Br,O=c1[n-]c(=O)n([C@@H]2O[C@H](CO)[C@@H](O)[C@@H]2O)cc1Br,"8,000",4,N,0,-1,1,0,SP2,TRUE,TRUE,3,10591,10592
mol5445,O=c1[nH]c(=O)n([C@@H]2O[C@H](CO)[C@@H](O)[C@@H]2O)cc1I,O=c1[n-]c(=O)n([C@@H]2O[C@H](CO)[C@@H](O)[C@@H]2O)cc1I,"8,000",4,N,0,-1,1,0,SP2,TRUE,TRUE,3,10593,10594
mol5446,O=c1[nH]c(=O)n([C@H]2C[C@H](O)[C@@H](CO)O2)cc1F,O=c1[n-]c(=O)n([C@H]2C[C@H](O)[C@@H](CO)O2)cc1F,"7,700",4,N,0,-1,1,0,SP2,TRUE,TRUE,3,10595,10596
mol5447,O=c1[nH]c(=O)n([C@H]2C[C@H](O)[C@@H](CO)O2)cc1I,O=c1[n-]c(=O)n([C@H]2C[C@H](O)[C@@H](CO)O2)cc1I,"8,200",4,N,0,-1,1,0,SP2,TRUE,TRUE,3,10597,10598
mol5448,O=C1[NH2+]C(CCc2ccccc2)=NO1,O=c1[nH]c(CCc2ccccc2)no1,"5,730",9,N,1,0,2,1,SP3,FALSE,TRUE,4,10599,10600
mol5449,O=C1[NH2+]C(CCc2ccccc2)=NS1,O=c1[nH]c(CCc2ccccc2)ns1,"6,500",9,N,1,0,2,1,SP3,FALSE,TRUE,4,10601,10602
mol5450,O=C1NC(Cl)=C(C2=CCCC2)C(=O)[NH2+]1,O=c1[nH]c(Cl)c(C2=CCCC2)c(=O)[nH]1,"5,800",8,N,1,0,2,1,SP3,FALSE,TRUE,4,10603,10604
mol5451,O=c1[nH]c2cc(C(F)(F)F)ccc2n1-c1cc(Cl)ccc1O,O=c1[nH]c2cc(C(F)(F)F)ccc2n1-c1cc(Cl)ccc1[O-],"9,600",20,O,0,-1,1,0,SP2,FALSE,FALSE,2,10605,10606
mol5452,O=c1[nH]c2cc(Cl)ccc2c(O)c1-c1ccccc1,O=c1[nH]c2cc(Cl)ccc2c([O-])c1-c1ccccc1,"5,400",18,O,0,-1,1,0,SP2,FALSE,FALSE,2,10607,10608
mol5453,O=c1[nH]c2ccc(F)c(Cl)c2cc1O,O=c1[nH]c2ccc(F)c(Cl)c2cc1[O-],"7,330",11,O,0,-1,1,0,SP2,FALSE,FALSE,2,10609,10610
mol5455,O=c1[nH]c2ccccc2[nH]c1=O,O=c1[n-]c2ccccc2[nH]c1=O,"9,670",11,N,0,-1,1,0,SP2,TRUE,TRUE,3,10611,10612
mol5456,O=c1[nH]c2ccccc2c(=O)o1,O=c1[n-]c2ccccc2c(=O)o1,"8,250",11,N,0,-1,1,0,SP2,TRUE,TRUE,3,10613,10614
mol5458,O=c1[nH]c2ccccc2n1C1CC[NH+](CCCC(c2ccc(F)cc2)c2ccc(F)cc2)CC1,O=c1[nH]c2ccccc2n1C1CCN(CCCC(c2ccc(F)cc2)c2ccc(F)cc2)CC1,"7,965",13,N,1,0,1,0,SP3,FALSE,TRUE,4,10615,10616
mol5459,O=c1[nH]c2ccccc2n1C1CC[NH+](CCOc2ccccc2)CC1,O=c1[nH]c2ccccc2n1C1CCN(CCOc2ccccc2)CC1,"7,400",9,N,1,0,1,0,SP3,FALSE,TRUE,4,10618,10617
mol5460,O=c1[nH]c2ccccc2n1CCC[NH+]1CCC(n2c(=O)[nH]c3cc(Cl)ccc32)CC1,O=c1[nH]c2ccccc2n1CCCN1CCC(n2c(=O)[nH]c3cc(Cl)ccc32)CC1,"7,890",13,N,1,0,1,0,SP3,FALSE,TRUE,4,10619,10620
mol5461,O=c1[nH]cc(F)c(=O)[nH]1,O=c1[n-]c(=O)c(F)c[nH]1,"8,000",4,N,0,-1,1,0,SP2,TRUE,TRUE,3,10621,10622
mol5462,O=c1[nH]ccc2c1c[nH+]c1ccccc12,O=c1[nH]ccc2c1cnc1ccccc12,"4,100",14,N,1,0,1,0,SP2,TRUE,TRUE,4,10623,10624
mol5463,O=c1[nH]ccc2nccnc12,O=c1[n-]ccc2nccnc12,"11,050",2,N,0,-1,1,0,SP2,TRUE,TRUE,3,10625,10626
mol5464,O=C1[NH2+]C=Cc2nnnn21,O=c1[nH]ccc2nnnn12,"6,950",2,N,1,0,2,1,SP3,FALSE,TRUE,4,10627,10628
mol5465,O=c1[nH]cnc2cccnc12,O=c1[n-]cnc2cccnc12,"8,950",6,N,0,-1,1,0,SP2,TRUE,TRUE,3,10629,10630
mol5466,O=C1NN=C(S(=O)Cc2ccccc2)[NH2+]1,O=c1[nH]nc(S(=O)Cc2ccccc2)[nH]1,"5,200",10,N,1,0,2,1,SP3,FALSE,TRUE,4,10631,10632
mol5467,O=C1NN=C(SCc2ccccc2)[NH2+]1,O=c1[nH]nc(SCc2ccccc2)[nH]1,"6,940",9,N,1,0,2,1,SP3,FALSE,TRUE,4,10633,10634
mol5468,O=c1[nH]ncc2ccccc12,O=c1[n-]ncc2ccccc12,"11,990",8,N,0,-1,1,0,SP2,TRUE,TRUE,3,10635,10636
mol5469,O=C1[NH2+]Sc2ccccc21,O=c1[nH]sc2ccccc12,"7,010",8,N,1,0,2,1,SP3,FALSE,TRUE,4,10637,10638
mol5470,O=c1c(-c2nn[nH]n2)coc2ccccc12,O=c1c(-c2nn[n-]n2)coc2ccccc12,"5,850",13,N,0,-1,1,0,SP2,TRUE,TRUE,3,10639,10640
mol5471,O=c1c(CCS(=O)c2ccccc2)c(O)n(-c2ccccc2)n1-c1ccccc1,O=c1c(CCS(=O)c2ccccc2)c([O-])n(-c2ccccc2)n1-c1ccccc1,"2,800",28,O,0,-1,1,0,SP2,FALSE,FALSE,2,10641,10642
mol5472,O=c1c(Cc2ccccc2)c(-c2ccccc2)[nH]n1-c1ccccc1,O=c1c(Cc2ccccc2)c(-c2ccccc2)[n-]n1-c1ccccc1,"7,600",9,N,0,-1,1,0,SP2,TRUE,TRUE,3,10643,10644
mol5473,O=c1c(O)c1-c1ccc(F)cc1,O=c1c([O-])c1-c1ccc(F)cc1,"2,070",10,O,0,-1,1,0,SP2,FALSE,FALSE,2,10645,10646
mol5474,O=c1c(O)c1-c1ccccc1,O=c1c([O-])c1-c1ccccc1,"2,010",10,O,0,-1,1,0,SP2,FALSE,FALSE,2,10647,10648
mol5475,O=c1c2ccccc2n(CCCC[NH+]2CCOCC2)c2ccc(Cl)cc12,O=c1c2ccccc2n(CCCCN2CCOCC2)c2ccc(Cl)cc12,"4,910",19,N,1,0,1,0,SP3,FALSE,TRUE,4,10650,10649
mol5476,O=c1c2ccccc2n(CCC[NH+]2CCCCC2)c2ccc(Cl)cc12,O=c1c2ccccc2n(CCCN2CCCCC2)c2ccc(Cl)cc12,"5,390",18,N,1,0,1,0,SP3,FALSE,TRUE,4,10652,10651
mol5477,O=c1c2ccccc2n(CCC[NH+]2CCOCC2)c2ccc(Cl)cc12,O=c1c2ccccc2n(CCCN2CCOCC2)c2ccc(Cl)cc12,"4,870",18,N,1,0,1,0,SP3,FALSE,TRUE,4,10654,10653
mol5478,O=c1c2sc(-c3ccc(Cl)cc3)cc2ncn1-c1ccc2sc(C[NH+]3CCCCC3)cc2c1,O=c1c2sc(-c3ccc(Cl)cc3)cc2ncn1-c1ccc2sc(CN3CCCCC3)cc2c1,"8,290",26,N,1,0,1,0,SP3,FALSE,TRUE,4,10655,10656
mol5479,O=c1cc(-c2ccc(O)cc2)oc2ccccc12,O=c1cc(-c2ccc([O-])cc2)oc2ccccc12,"8,270",17,O,0,-1,1,0,SP2,FALSE,FALSE,2,10657,10658
mol5480,O=c1cc(-c2ccc(O)cc2)ss1,O=c1cc(-c2ccc([O-])cc2)ss1,"8,270",12,O,0,-1,1,0,SP2,FALSE,FALSE,2,10659,10660
mol5481,O=c1cc(-c2cccc(O)c2)oc2ccccc12,O=c1cc(-c2cccc([O-])c2)oc2ccccc12,"9,750",17,O,0,-1,1,0,SP2,FALSE,FALSE,2,10661,10662
mol5482,O=c1cc(-c2ccccc2)[nH][nH]1,O=c1cc(-c2ccccc2)[n-][nH]1,"11,400",11,N,0,-1,1,0,SP2,TRUE,TRUE,3,10663,10664
mol5483,O=C1C=C(c2ccccc2)[NH2+]O1,O=c1cc(-c2ccccc2)[nH]o1,"4,010",11,N,1,0,2,1,SP3,FALSE,TRUE,4,10665,10666
mol5484,O=c1cc(-c2ccccc2)c2ccccc2n1CC1C[NH+]2CCC1(F)CC2,O=c1cc(-c2ccccc2)c2ccccc2n1CC1CN2CCC1(F)CC2,"7,600",20,N,1,0,1,0,SP3,FALSE,TRUE,4,10667,10668
mol5485,O=c1cc(-c2ccccc2)c2ccccc2n1CC1C[NH+]2CCC1CC2,O=c1cc(-c2ccccc2)c2ccccc2n1CC1CN2CCC1CC2,"10,100",20,N,1,0,1,0,SP3,FALSE,TRUE,4,10669,10670
mol5486,O=c1cc(-c2ccccc2)c2ccccc2n1CC1C[NH2+]CCO1,O=c1cc(-c2ccccc2)c2ccccc2n1CC1CNCCO1,"8,100",20,N,1,0,2,1,SP3,FALSE,TRUE,4,10671,10672
mol5487,O=c1cc(-c2ccccc2)nc2c(O)cccn12,O=c1cc(-c2ccccc2)nc2c([O-])cccn12,"10,200",17,O,0,-1,1,0,SP2,FALSE,FALSE,2,10673,10674
mol5488,O=c1cc(-c2ccccc2)oc2c(O)cccc12,O=c1cc(-c2ccccc2)oc2c([O-])cccc12,"7,820",17,O,0,-1,1,0,SP2,FALSE,FALSE,2,10675,10676
mol5489,O=c1cc(-c2ccccc2)oc2cc([OH2+])c(O)cc12,O=c1cc(-c2ccccc2)oc2cc(O)c(O)cc12,"6,850",17,O,1,0,2,1,SP2,FALSE,FALSE,3,10677,10678
mol5490,O=c1cc(-c2ccccc2)oc2cc([OH2+])ccc12,O=c1cc(-c2ccccc2)oc2cc(O)ccc12,"7,390",17,O,1,0,2,1,SP2,FALSE,FALSE,3,10679,10680
mol5491,O=c1cc(-c2ccccc2)oc2ccc(O)cc12,O=c1cc(-c2ccccc2)oc2ccc([O-])cc12,"9,090",17,O,0,-1,1,0,SP2,FALSE,FALSE,2,10681,10682
mol5492,O=c1cc(-c2ccccc2O)oc2ccccc12,O=c1cc(-c2ccccc2[O-])oc2ccccc12,"8,850",17,O,0,-1,1,0,SP2,FALSE,FALSE,2,10683,10684
mol5493,O=c1cc(C(F)(F)F)c2cc(F)c([OH2+])cc2o1,O=c1cc(C(F)(F)F)c2cc(F)c(O)cc2o1,"5,700",12,O,1,0,2,1,SP2,FALSE,FALSE,3,10685,10686
mol5494,O=c1cc(C(F)(F)F)c2cc(F)c(O)c(F)c2o1,O=c1cc(C(F)(F)F)c2cc(F)c([O-])c(F)c2o1,"4,000",12,O,0,-1,1,0,SP2,FALSE,FALSE,2,10687,10688
mol5495,O=c1cc(C(F)(F)F)c2ccc([OH2+])cc2o1,O=c1cc(C(F)(F)F)c2ccc(O)cc2o1,"7,300",11,O,1,0,2,1,SP2,FALSE,FALSE,3,10689,10690
mol5497,O=c1cc(CSc2cccc(F)c2F)nc2n1[NH2+]C(Cc1ccccc1)=N2,O=c1cc(CSc2cccc(F)c2F)nc2nc(Cc3ccccc3)[nH]n12,"6,500",8,N,1,0,2,1,SP3,FALSE,TRUE,4,10691,10692
mol5498,O=C1C=C(Cc2ccccc2)O[NH2+]1,O=c1cc(Cc2ccccc2)o[nH]1,"5,360",11,N,1,0,2,1,SP3,FALSE,TRUE,4,10693,10694
mol5499,O=c1cc(I)n([C@@H]2O[C@H](CO)[C@@H](O)[C@H]2O)c(=O)[nH]1,O=c1cc(I)n([C@@H]2O[C@H](CO)[C@@H](O)[C@H]2O)c(=O)[n-]1,"8,420",3,N,0,-1,1,0,SP2,TRUE,TRUE,3,10695,10696
mol5500,O=c1cc(O)c2ccc(Cl)cc2[nH]1,O=c1cc([O-])c2ccc(Cl)cc2[nH]1,"5,800",12,O,0,-1,1,0,SP2,FALSE,FALSE,2,10697,10698
mol5501,O=c1cc(O)c2ccccc2[nH]1,O=c1cc([O-])c2ccccc2[nH]1,"5,860",11,O,0,-1,1,0,SP2,FALSE,FALSE,2,10699,10700
mol5502,O=c1cc(O)c2ccccc2o1,O=c1cc([O-])c2ccccc2o1,"4,870",11,O,0,-1,1,0,SP2,FALSE,FALSE,2,10701,10702
mol5503,O=c1cc(O)n2ncc(-c3ccc(Br)cc3)c2[nH]1,O=c1cc([O-])n2ncc(-c3ccc(Br)cc3)c2[nH]1,"3,800",16,O,0,-1,1,0,SP2,FALSE,FALSE,2,10703,10704
mol5504,O=c1cc(O)n2ncc(-c3ccccc3)c2[nH]1,O=c1cc([O-])n2ncc(-c3ccccc3)c2[nH]1,"3,800",16,O,0,-1,1,0,SP2,FALSE,FALSE,2,10705,10706
mol5505,O=c1cc(O)n2nccc2[nH]1,O=c1cc([O-])n2nccc2[nH]1,"3,700",10,O,0,-1,1,0,SP2,FALSE,FALSE,2,10707,10708
mol5506,O=c1cc2[nH]c(c1)COCCOCCSCCOCCOC2,O=c1cc2[n-]c(c1)COCCOCCSCCOCCOC2,"10,130",5,N,0,-1,1,0,SP2,TRUE,TRUE,3,10709,10710
mol5508,O=c1cc2ccccc2n[nH]1,O=c1cc2ccccc2n[n-]1,"8,610",9,N,0,-1,1,0,SP2,TRUE,TRUE,3,10711,10712
mol5509,O=c1cc[nH]c(=S)[nH]1,O=c1cc[nH]c(=S)[n-]1,"7,750",5,N,0,-1,1,0,SP2,TRUE,TRUE,3,10713,10714
mol5511,O=c1cc[nH]nc1,O=c1cc[n-]nc1,"8,680",2,N,0,-1,1,0,SP2,TRUE,TRUE,3,10715,10716
mol5512,O=c1ccc(Br)ccc1O,O=c1ccc(Br)ccc1[O-],"6,320",9,O,0,-1,1,0,SP2,FALSE,FALSE,2,10717,10718
mol5513,O=c1ccc(O)c(O)cc1,O=c1ccc([O-])c(O)cc1,"8,285",9,O,0,-1,1,0,SP2,FALSE,FALSE,2,10719,10720
mol5514,O=C1C=CC(S(=O)(=O)c2ccccc2)=N[NH2+]1,O=c1ccc(S(=O)(=O)c2ccccc2)n[nH]1,"7,100",14,N,1,0,2,1,SP3,FALSE,TRUE,4,10721,10722
mol5515,O=c1ccc2cc(O)c(O)cc2o1,O=c1ccc2cc(O)c([O-])cc2o1,"7,630",11,O,0,-1,1,0,SP2,FALSE,FALSE,2,10723,10724
mol5516,O=c1ccc2ccc([OH2+])c(O)c2o1,O=c1ccc2ccc(O)c(O)c2o1,"6,900",12,O,1,0,2,1,SP2,FALSE,FALSE,3,10725,10726
mol5517,O=c1ccc2ccc([OH2+])cc2o1,O=c1ccc2ccc(O)cc2o1,"6,180",11,O,1,0,2,1,SP2,FALSE,FALSE,3,10727,10728
mol5518,O=c1cccc(Cl)[nH]1,O=c1cccc(Cl)[n-]1,"7,760",4,N,0,-1,1,0,SP2,TRUE,TRUE,3,10729,10730
mol5519,O=c1cccc[nH]1,O=c1cccc[n-]1,"11,680",3,N,0,-1,1,0,SP2,TRUE,TRUE,3,10731,10732
mol5520,O=c1ccccc(Br)c1O,O=c1ccccc(Br)c1[O-],"5,960",8,O,0,-1,1,0,SP2,FALSE,FALSE,2,10733,10734
mol5522,O=c1cccccc1S,O=c1cccccc1[S-],"5,900",8,S,0,-1,1,0,SP3,FALSE,FALSE,2,10735,10736
mol5523,O=c1cccn[nH]1,O=c1cccn[n-]1,"10,460",4,N,0,-1,1,0,SP2,TRUE,TRUE,3,10737,10738
mol5524,O=c1ccn([C@@H]2C[C@@H](O)[C@H](CO)O2)c(=O)[nH]1,O=c1ccn([C@@H]2C[C@@H](O)[C@H](CO)O2)c(=O)[n-]1,"9,300",5,N,0,-1,1,0,SP2,TRUE,TRUE,3,10739,10740
mol5525,O=c1ccn([C@H]2C[C@H](O)[C@@H](CO)O2)c(=O)[nH]1,O=c1ccn([C@H]2C[C@H](O)[C@@H](CO)O2)c(=O)[n-]1,"9,300",5,N,0,-1,1,0,SP2,TRUE,TRUE,3,10741,10742
mol5526,O=c1cnc2ccccc2[nH]1,O=c1cnc2ccccc2[n-]1,"9,100",6,N,0,-1,1,0,SP2,TRUE,TRUE,3,10743,10744
mol5527,O=c1cncc[nH]1,O=c1cncc[n-]1,"8,230",6,N,0,-1,1,0,SP2,TRUE,TRUE,3,10745,10746
mol5528,O=C1C=NN([C@H]2O[C@@H](CO)[C@H](O)[C@@H]2O)C(=O)[NH2+]1,O=c1cnn([C@H]2O[C@@H](CO)[C@H](O)[C@@H]2O)c(=O)[nH]1,"6,600",3,N,1,0,2,1,SP3,FALSE,TRUE,4,10747,10748
mol5529,O=c1n(CCC[NH+]2CCN(c3cccc(Cl)c3)CC2)nc2ccccn12,O=c1n(CCCN2CCN(c3cccc(Cl)c3)CC2)nc2ccccn12,"6,740",13,N,1,0,1,0,SP3,FALSE,TRUE,4,10750,10749
mol5530,O=c1ncc2ccccc2[nH]1,O=c1ncc2ccccc2[n-]1,"10,690",10,N,0,-1,1,0,SP2,TRUE,TRUE,3,10751,10752
mol5531,O=c1oc2cc(O)ccc2cc1-c1ccccc1,O=c1oc2cc([O-])ccc2cc1-c1ccccc1,"7,800",17,O,0,-1,1,0,SP2,FALSE,FALSE,2,10753,10754
mol5532,O=c1oc2cc([OH2+])ccc2cc1-c1nc2cc(Cl)ccc2o1,O=c1oc2cc(O)ccc2cc1-c1nc2cc(Cl)ccc2o1,"6,800",21,O,1,0,2,1,SP2,FALSE,FALSE,3,10755,10756
mol5533,O=c1oc2cc([OH2+])ccc2cc1-c1nc2ccccc2o1,O=c1oc2cc(O)ccc2cc1-c1nc2ccccc2o1,"6,840",20,O,1,0,2,1,SP2,FALSE,FALSE,3,10757,10758
mol5534,O=c1oc2cc([OH2+])ccc2cc1-c1nc2ccccc2s1,O=c1oc2cc(O)ccc2cc1-c1nc2ccccc2s1,"7,020",20,O,1,0,2,1,SP2,FALSE,FALSE,3,10759,10760
mol5535,O=c1sc2cc(CCCF)ccc2n1CC[NH+]1CCCCCC1,O=c1sc2cc(CCCF)ccc2n1CCN1CCCCCC1,"10,400",16,N,1,0,1,0,SP3,FALSE,TRUE,4,10761,10762
mol5536,OC(CBr)(Oc1ccccc1)c1ccccc1,[O-]C(CBr)(Oc1ccccc1)c1ccccc1,"11,180",9,O,0,-1,1,0,SP3,FALSE,FALSE,2,10763,10764
mol5537,OC(CC[NH+]1CCCC1)(c1ccccc1)C1CCCCC1,OC(CCN1CCCC1)(c1ccccc1)C1CCCCC1,"8,800",9,N,1,0,1,0,SP3,FALSE,TRUE,4,10765,10766
mol5538,OC(CC[NH+]1CCCCC1)(c1ccccc1)C1CCCCC1,OC(CCN1CCCCC1)(c1ccccc1)C1CCCCC1,"8,700",9,N,1,0,1,0,SP3,FALSE,TRUE,4,10767,10768
mol5539,OC(C[NH2+]CC(O)C1CCc2cc(F)ccc2O1)C1CCc2cc(F)ccc2O1,OC(CNCC(O)C1CCc2cc(F)ccc2O1)C1CCc2cc(F)ccc2O1,"8,220",13,N,1,0,2,1,SP3,FALSE,FALSE,4,10769,10770
mol5540,OC(c1ccccc1)(c1ccccc1)c1cccc[nH+]1,OC(c1ccccc1)(c1ccccc1)c1ccccn1,"3,900",18,N,1,0,1,0,SP2,TRUE,TRUE,4,10771,10772
mol5541,OC(c1ccccc1)c1cccc[nH+]1,OC(c1ccccc1)c1ccccn1,"4,440",12,N,1,0,1,0,SP2,TRUE,TRUE,4,10773,10774
mol5542,OC1(c2cc3ccccc3o2)C[NH+]2CCC1CC2,OC1(c2cc3ccccc3o2)CN2CCC1CC2,"8,840",11,N,1,0,1,0,SP3,FALSE,TRUE,4,10775,10776
mol5543,OC1(c2ccco2)C[NH+]2CCC1CC2,OC1(c2ccco2)CN2CCC1CC2,"9,060",7,N,1,0,1,0,SP3,FALSE,TRUE,4,10777,10778
mol5544,OC1C[NH+]2CCC1CC2,OC1CN2CCC1CC2,"9,930",2,N,1,0,1,0,SP3,FALSE,TRUE,4,10779,10780
mol5545,OCC1=CC[NH+]2CC[C@@H](O)[C@@H]12,OCC1=CCN2CC[C@@H](O)[C@@H]12,"8,920",2,N,1,0,1,0,SP3,FALSE,TRUE,4,10781,10782
mol5546,OCC1CC2CC[NH+]1CC2,OCC1CC2CCN1CC2,"10,850",2,N,1,0,1,0,SP3,FALSE,TRUE,4,10783,10784
mol5547,OCC1C[NH+]2CCC1CC2,OCC1CN2CCC1CC2,"10,560",2,N,1,0,1,0,SP3,FALSE,TRUE,4,10785,10786
mol5548,OCCCCCc1cccc[nH+]1,OCCCCCc1ccccn1,"5,930",3,N,1,0,1,0,SP2,TRUE,TRUE,4,10787,10788
mol5549,OCCCCCc1ccc[nH+]c1,OCCCCCc1cccnc1,"5,720",4,N,1,0,1,0,SP2,TRUE,TRUE,4,10789,10790
mol5550,OCCCCCc1cc[nH+]cc1,OCCCCCc1ccncc1,"6,040",2,N,1,0,1,0,SP2,TRUE,TRUE,4,10791,10792
mol5551,OCCCCc1cccc[nH+]1,OCCCCc1ccccn1,"5,830",3,N,1,0,1,0,SP2,TRUE,TRUE,4,10793,10794
mol5552,OCCCCc1ccc[nH+]c1,OCCCCc1cccnc1,"5,700",4,N,1,0,1,0,SP2,TRUE,TRUE,4,10795,10796
mol5553,OCCCCc1cc[nH+]cc1,OCCCCc1ccncc1,"6,010",2,N,1,0,1,0,SP2,TRUE,TRUE,4,10797,10798
mol5554,OCCCNc1c2ccccc2[nH+]c2c1[nH]c1ccccc12,OCCCNc1c2ccccc2nc2c1[nH]c1ccccc12,"8,300",16,N,1,0,1,0,SP2,TRUE,TRUE,4,10799,10800
mol5555,OCCCNc1c2ccccc2[nH+]c2c1oc1ccccc12,OCCCNc1c2ccccc2nc2c1oc1ccccc12,"8,200",9,N,1,0,1,0,SP2,TRUE,TRUE,4,10801,10802
mol5556,OCCC[NH2+]c1ccccc1,OCCCNc1ccccc1,"4,530",6,N,1,0,2,1,SP3,FALSE,FALSE,4,10803,10804
mol5557,OCCC[C@@H]1CC[C@@H]2CCC[NH+]12,OCCC[C@@H]1CC[C@@H]2CCCN12,"11,480",6,N,1,0,1,0,SP3,FALSE,TRUE,4,10805,10806
mol5558,OCCC[C@H]1CC[C@@H]2CCC[NH+]12,OCCC[C@H]1CC[C@@H]2CCCN12,"11,170",6,N,1,0,1,0,SP3,FALSE,TRUE,4,10807,10808
mol5559,OCCCc1cccc[nH+]1,OCCCc1ccccn1,"5,710",3,N,1,0,1,0,SP2,TRUE,TRUE,4,10809,10810
mol5560,OCCCc1ccc[nH+]c1,OCCCc1cccnc1,"5,570",4,N,1,0,1,0,SP2,TRUE,TRUE,4,10811,10812
mol5561,OCCCc1cc[nH+]cc1,OCCCc1ccncc1,"5,900",2,N,1,0,1,0,SP2,TRUE,TRUE,4,10813,10814
mol5563,OCCNC(=S)[SH2+],OCCNC(=S)S,"2,820",6,S,1,0,2,1,SP3,FALSE,FALSE,3,10815,10816
mol5564,OCCNc1c2ccccc2[nH+]c2c1[nH]c1ccccc12,OCCNc1c2ccccc2nc2c1[nH]c1ccccc12,"8,300",16,N,1,0,1,0,SP2,TRUE,TRUE,4,10817,10818
mol5565,OCCNc1c2ccccc2[nH+]c2c1oc1ccccc12,OCCNc1c2ccccc2nc2c1oc1ccccc12,"8,200",9,N,1,0,1,0,SP2,TRUE,TRUE,4,10819,10820
mol5566,OCCNc1cc[nH+]c(N2CCc3ccccc3C2)c1,OCCNc1ccnc(N2CCc3ccccc3C2)c1,"8,900",15,N,1,0,1,0,SP2,TRUE,TRUE,4,10821,10822
mol5567,OCC[NH2+]c1ccccc1,OCCNc1ccccc1,"4,090",6,N,1,0,2,1,SP3,FALSE,FALSE,4,10823,10824
mol5569,OCCS,OCC[S-],"9,535",2,S,0,-1,1,0,SP3,FALSE,FALSE,2,10825,10826
mol5570,OCC[NH+](CCO)CCO,OCCN(CCO)CCO,"7,760",3,N,1,0,1,0,SP3,FALSE,FALSE,4,10827,10828
mol5571,OCC[NH+]1CCOCC1,OCCN1CCOCC1,"7,180",5,N,1,0,1,0,SP3,FALSE,TRUE,4,10830,10829
mol5572,OCC[NH2+]CCO,OCCNCCO,"9,040",3,N,1,0,2,1,SP3,FALSE,FALSE,4,10831,10832
mol5573,OCCc1cccc[nH+]1,OCCc1ccccn1,"5,370",3,N,1,0,1,0,SP2,TRUE,TRUE,4,10833,10834
mol5574,OCCc1ccc[nH+]c1,OCCc1cccnc1,"5,380",4,N,1,0,1,0,SP2,TRUE,TRUE,4,10835,10836
mol5575,OCCc1cc[nH+]cc1,OCCc1ccncc1,"5,680",2,N,1,0,1,0,SP2,TRUE,TRUE,4,10837,10838
mol5576,OCCn1c[nH+]c2ccccc21,OCCn1cnc2ccccc21,"5,290",6,N,1,0,1,0,SP2,TRUE,TRUE,4,10839,10840
mol5577,OC[C@@H]1CC[NH+]2CC[C@H](O)[C@H]12,OC[C@@H]1CCN2CC[C@H](O)[C@H]12,"10,240",2,N,1,0,1,0,SP3,FALSE,TRUE,4,10841,10842
mol5578,OC[C@@H]1NC(=[NH+]Cc2ccccc2)[C@@H](O)[C@@H](O)[C@@H]1O,OC[C@@H]1NC(=NCc2ccccc2)[C@@H](O)[C@@H](O)[C@@H]1O,"10,000",7,N,1,0,1,0,SP2,FALSE,FALSE,4,10843,10844
mol5579,OC[C@@H]1O[C@@H]2NC(=S)O[C@@H]2[C@H]1O,OC[C@@H]1O[C@@H]2[N-]C(=S)O[C@@H]2[C@H]1O,"9,480",6,N,0,-1,1,0,SP2,FALSE,TRUE,3,10845,10846
mol5580,OC[C@@H]1O[C@H](C[NH+]2CCOCC2)[C@@H](O)[C@H](O)[C@@H]1O,OC[C@@H]1O[C@H](CN2CCOCC2)[C@@H](O)[C@H](O)[C@@H]1O,"6,100",5,N,1,0,1,0,SP3,FALSE,TRUE,4,10848,10847
mol5581,OC[C@@H]1O[C@H](n2ccc3c2ncn2cc[nH+]c32)[C@@H](O)[C@H]1O,OC[C@@H]1O[C@H](n2ccc3c2ncn2ccnc32)[C@@H](O)[C@H]1O,"5,490",6,N,1,0,1,0,SP2,TRUE,TRUE,4,10849,10850
mol5582,OC[C@@H]1O[C@H](n2cnc3c2ncn2cc[nH+]c32)[C@@H](O)[C@H]1O,OC[C@@H]1O[C@H](n2cnc3c2ncn2ccnc32)[C@@H](O)[C@H]1O,"4,100",8,N,1,0,1,0,SP2,TRUE,TRUE,4,10851,10852
mol5583,OC[C@@H]1O[C@H](n2c[nH+]c3ccccc32)[C@@H](O)[C@H](O)[C@H]1O,OC[C@@H]1O[C@H](n2cnc3ccccc32)[C@@H](O)[C@H](O)[C@H]1O,"4,010",6,N,1,0,1,0,SP2,TRUE,TRUE,4,10853,10854
mol5584,OC[C@H]1CCC[NH+]2CCCC[C@@H]12,OC[C@H]1CCCN2CCCC[C@@H]12,"10,160",3,N,1,0,1,0,SP3,FALSE,TRUE,4,10855,10856
mol5585,OC[C@H]1CC[NH+]2CCC[C@@H]12,OC[C@H]1CCN2CCC[C@@H]12,"10,870",6,N,1,0,1,0,SP3,FALSE,TRUE,4,10857,10858
mol5586,OC[C@H]1O[C@@H](n2cnc3c(NCCc4ccccc4)[nH+]cnc32)[C@H](O)[C@@H]1O,OC[C@H]1O[C@@H](n2cnc3c(NCCc4ccccc4)ncnc32)[C@H](O)[C@@H]1O,"3,600",14,N,1,0,1,0,SP2,TRUE,TRUE,4,10859,10860
mol5587,OC[C@H]1O[C@@H]2NC(=S)O[C@@H]2[C@H]1O,OC[C@H]1O[C@@H]2[N-]C(=S)O[C@@H]2[C@H]1O,"9,480",6,N,0,-1,1,0,SP2,FALSE,TRUE,3,10861,10862
mol5588,OC[C@H]1O[C@H](Oc2ccc(-c3ccc(-c4nn[nH]n4)cc3)cc2)[C@@H](O)[C@@H](O)[C@@H]1O,OC[C@H]1O[C@H](Oc2ccc(-c3ccc(-c4nn[n-]n4)cc3)cc2)[C@@H](O)[C@@H](O)[C@@H]1O,"3,700",26,N,0,-1,1,0,SP2,TRUE,TRUE,3,10863,10864
mol5589,OCc1ccc(-c2[nH+]ccc3c2[nH]c2ccccc23)o1,OCc1ccc(-c2nccc3c2[nH]c2ccccc23)o1,"5,700",9,N,1,0,1,0,SP2,TRUE,TRUE,4,10865,10866
mol5590,OCc1ccc(O)c(CO)c1,[O-]c1ccc(CO)cc1CO,"9,770",10,O,0,-1,1,0,SP2,FALSE,FALSE,2,10867,10868
mol5591,OCc1ccc(O)cc1,[O-]c1ccc(CO)cc1,"9,820",8,O,0,-1,1,0,SP2,FALSE,FALSE,2,10869,10870
mol5592,OCc1cccc(CO)c1O,[O-]c1c(CO)cccc1CO,"9,660",8,O,0,-1,1,0,SP2,FALSE,FALSE,2,10871,10872
mol5593,OCc1cccc(O)c1,[O-]c1cccc(CO)c1,"9,830",6,O,0,-1,1,0,SP2,FALSE,FALSE,2,10873,10874
mol5594,OCc1ccccc1O,[O-]c1ccccc1CO,"9,920",8,O,0,-1,1,0,SP2,FALSE,FALSE,2,10875,10876
mol5595,OCc1cccc[nH+]1,OCc1ccccn1,"4,660",3,N,1,0,1,0,SP2,TRUE,TRUE,4,10877,10878
mol5596,OCc1ccc[nH+]c1,OCc1cccnc1,"5,000",4,N,1,0,1,0,SP2,TRUE,TRUE,4,10879,10880
mol5597,OCc1cc[nH+]cc1,OCc1ccncc1,"5,410",2,N,1,0,1,0,SP2,TRUE,TRUE,4,10881,10882
mol5598,OCc1c[nH+]c[nH]1,OCc1cnc[nH]1,"6,380",4,N,1,0,1,0,SP2,TRUE,TRUE,4,10883,10884
mol5599,OCc1nc2ncncc2[nH]1,OCc1nc2ncncc2[n-]1,"8,790",8,N,0,-1,1,0,SP2,TRUE,TRUE,3,10885,10886
mol5600,OCn1c[nH+]c2ccccc21,OCn1cnc2ccccc21,"5,440",6,N,1,0,1,0,SP2,TRUE,TRUE,4,10887,10888
mol5601,O[C@H]1[C@H](O)[C@@H](n2c[nH+]c3ccccc32)OC[C@H]1O,O[C@H]1[C@H](O)[C@@H](n2cnc3ccccc32)OC[C@H]1O,"4,150",6,N,1,0,1,0,SP2,TRUE,TRUE,4,10889,10890
mol5602,O[C@H]1CC[C@H](Nc2nc3c(c[nH+]2)nc(Nc2c(F)cc(F)cc2F)n3[C@H]2CCOC2)CC1,O[C@H]1CC[C@H](Nc2ncc3nc(Nc4c(F)cc(F)cc4F)n([C@H]4CCOC4)c3n2)CC1,"5,470",14,N,1,0,1,0,SP2,TRUE,TRUE,4,10891,10892
mol5603,O[C@H]1[C@H](O)[C@@H](n2c[nH+]c3ccccc32)OC[C@@H]1O,O[C@H]1[C@H](O)[C@@H](n2cnc3ccccc32)OC[C@@H]1O,"3,920",6,N,1,0,1,0,SP2,TRUE,TRUE,4,10893,10894
mol5604,O[C@@H]1[C@@H](O)[C@H](O)[C@@H]([NH2+]Cc2cn(CCc3ccccc3)nn2)[C@H](O)[C@H]1O,O[C@@H]1[C@@H](O)[C@H](O)[C@@H](NCc2cn(CCc3ccccc3)nn2)[C@H](O)[C@H]1O,"7,800",14,N,1,0,2,1,SP3,FALSE,FALSE,4,10895,10896
mol5605,[OH2+]c1c(Br)cc(Br)c2nc3ccccc3nc12,Oc1c(Br)cc(Br)c2nc3ccccc3nc12,"6,740",14,O,1,0,2,1,SP2,FALSE,FALSE,3,10897,10898
mol5606,[OH2+]c1c(Br)cc(I)c2nc3cc(Cl)c(Cl)cc3nc12,Oc1c(Br)cc(I)c2nc3cc(Cl)c(Cl)cc3nc12,"6,950",16,O,1,0,2,1,SP2,FALSE,FALSE,3,10899,10900
mol5607,Oc1c(O[C@@H]2OC[C@@H](O)[C@H](O)[C@H]2O)ccc2ccccc12,[O-]c1c(O[C@@H]2OC[C@@H](O)[C@H](O)[C@H]2O)ccc2ccccc12,"8,720",10,O,0,-1,1,0,SP2,FALSE,FALSE,2,10901,10902
mol5608,Oc1cc(Br)cc(Br)c1,[O-]c1cc(Br)cc(Br)c1,"8,010",8,O,0,-1,1,0,SP2,FALSE,FALSE,2,10903,10904
mol5609,Oc1cc(Cl)c(Cl)c(Cl)c1,[O-]c1cc(Cl)c(Cl)c(Cl)c1,"7,700",9,O,0,-1,1,0,SP2,FALSE,FALSE,2,10905,10906
mol5610,[OH2+]c1cc(Cl)c(Cl)cc1Cl,Oc1cc(Cl)c(Cl)cc1Cl,"7,000",9,O,1,0,2,1,SP2,FALSE,FALSE,3,10907,10908
mol5611,Oc1cc(Cl)cc(Cl)c1,[O-]c1cc(Cl)cc(Cl)c1,"8,070",8,O,0,-1,1,0,SP2,FALSE,FALSE,2,10909,10910
mol5612,Oc1cc(O[C@@H]2OC[C@@H](O)[C@H](O)[C@H]2O)c2ccccc2c1,[O-]c1cc(O[C@@H]2OC[C@@H](O)[C@H](O)[C@H]2O)c2ccccc2c1,"9,220",20,O,0,-1,1,0,SP2,FALSE,FALSE,2,10911,10912
mol5613,Oc1cc(O[C@@H]2OC[C@@H](O)[C@H](O)[C@H]2O)cc2ccccc12,[O-]c1cc(O[C@@H]2OC[C@@H](O)[C@H](O)[C@H]2O)cc2ccccc12,"8,660",10,O,0,-1,1,0,SP2,FALSE,FALSE,2,10913,10914
mol5614,Oc1cc2ccccc2cc1O[C@@H]1OC[C@@H](O)[C@H](O)[C@H]1O,[O-]c1cc2ccccc2cc1O[C@@H]1OC[C@@H](O)[C@H](O)[C@H]1O,"8,760",10,O,0,-1,1,0,SP2,FALSE,FALSE,2,10915,10916
mol5615,Oc1ccc(-c2cc(=S)ss2)cc1,[O-]c1ccc(-c2cc(=S)ss2)cc1,"7,860",12,O,0,-1,1,0,SP2,FALSE,FALSE,2,10917,10918
mol5616,Oc1ccc(-c2ccccc2)cc1,[O-]c1ccc(-c2ccccc2)cc1,"9,485",12,O,0,-1,1,0,SP2,FALSE,FALSE,2,10919,10920
mol5617,Oc1ccc(/N=N/c2ccccc2)cc1,[O-]c1ccc(/N=N/c2ccccc2)cc1,"8,440",14,O,0,-1,1,0,SP2,FALSE,FALSE,2,10921,10922
mol5618,[OH2+]c1ccc(/N=N/c2nc3ccccc3s2)c2cccnc12,Oc1ccc(/N=N/c2nc3ccccc3s2)c2cccnc12,"7,200",21,O,1,0,2,1,SP2,FALSE,FALSE,3,10923,10924
mol5619,Oc1ccc(Br)c2nc3cc(Cl)c(Cl)cc3nc12,[O-]c1ccc(Br)c2nc3cc(Cl)c(Cl)cc3nc12,"8,420",6,O,0,-1,1,0,SP2,FALSE,FALSE,2,10925,10926
mol5620,Oc1ccc(Br)cc1,[O-]c1ccc(Br)cc1,"9,240",6,O,0,-1,1,0,SP2,FALSE,FALSE,2,10927,10928
mol5621,Oc1ccc(Br)cc1-c1cc(Br)ccc1O,[O-]c1ccc(Br)cc1-c1cc(Br)ccc1O,"8,600",15,O,0,-1,1,0,SP2,FALSE,FALSE,2,10929,10930
mol5622,Oc1ccc(Br)cc1Br,[O-]c1ccc(Br)cc1Br,"7,770",8,O,0,-1,1,0,SP2,FALSE,FALSE,2,10931,10932
mol5623,Oc1ccc(Cl)c(Cl)c1,[O-]c1ccc(Cl)c(Cl)c1,"8,580",6,O,0,-1,1,0,SP2,FALSE,FALSE,2,10933,10934
mol5624,Oc1ccc(Cl)c2ccccc12,[O-]c1ccc(Cl)c2ccccc12,"8,640",11,O,0,-1,1,0,SP2,FALSE,FALSE,2,10935,10936
mol5625,Oc1ccc(Cl)cc1,[O-]c1ccc(Cl)cc1,"9,317",6,O,0,-1,1,0,SP2,FALSE,FALSE,2,10937,10938
mol5626,Oc1ccc(Cl)cc1Cl,[O-]c1ccc(Cl)cc1Cl,"7,850",8,O,0,-1,1,0,SP2,FALSE,FALSE,2,10939,10940
mol5627,Oc1ccc(F)cc1,[O-]c1ccc(F)cc1,"9,885",6,O,0,-1,1,0,SP2,FALSE,FALSE,2,10941,10942
mol5628,Oc1ccc(I)c2nc3cc(Cl)c(Cl)cc3nc12,[O-]c1ccc(I)c2nc3cc(Cl)c(Cl)cc3nc12,"7,700",6,O,0,-1,1,0,SP2,FALSE,FALSE,2,10943,10944
mol5629,Oc1ccc(I)cc1,[O-]c1ccc(I)cc1,"9,320",6,O,0,-1,1,0,SP2,FALSE,FALSE,2,10945,10946
mol5630,Oc1ccc(O)n1[OH2+],Oc1ccc(O)n1O,"6,040",6,O,1,0,2,1,SP2,FALSE,FALSE,3,10947,10948
mol5631,Oc1ccc(OCc2ccccc2)cc1,[O-]c1ccc(OCc2ccccc2)cc1,"10,470",14,O,0,-1,1,0,SP2,FALSE,FALSE,2,10949,10950
mol5632,Oc1ccc(O[C@@H]2OC[C@@H](O)[C@H](O)[C@H]2O)c2ccccc12,[O-]c1ccc(O[C@@H]2OC[C@@H](O)[C@H](O)[C@H]2O)c2ccccc12,"9,400",20,O,0,-1,1,0,SP2,FALSE,FALSE,2,10951,10952
mol5633,Oc1ccc2[nH]ncc2c1,[O-]c1ccc2[nH]ncc2c1,"10,050",6,O,0,-1,1,0,SP2,FALSE,FALSE,2,10953,10954
mol5634,Oc1ccc2c(O[C@@H]3OC[C@@H](O)[C@H](O)[C@H]3O)cccc2c1,[O-]c1ccc2c(O[C@@H]3OC[C@@H](O)[C@H](O)[C@H]3O)cccc2c1,"9,340",20,O,0,-1,1,0,SP2,FALSE,FALSE,2,10955,10956
mol5635,Oc1ccc2c(c1)C1c3cccc[n+]3C2CC1(c1ccoc1)c1ccoc1,[O-]c1ccc2c(c1)C1c3cccc[n+]3C2CC1(c1ccoc1)c1ccoc1,"8,800",26,O,0,-1,1,0,SP2,FALSE,FALSE,2,10957,10958
mol5636,Oc1ccc2c(c1)CCC2,[O-]c1ccc2c(c1)CCC2,"10,290",6,O,0,-1,1,0,SP2,FALSE,FALSE,2,10959,10960
mol5637,Oc1ccc2c(c1)CCCC2,[O-]c1ccc2c(c1)CCCC2,"10,330",6,O,0,-1,1,0,SP2,FALSE,FALSE,2,10961,10962
mol5638,Oc1ccc2c(c1)Cc1ccccc1-2,[O-]c1ccc2c(c1)Cc1ccccc1-2,"9,510",13,O,0,-1,1,0,SP2,FALSE,FALSE,2,10963,10964
mol5639,Oc1ccc2cc(Br)ccc2c1,[O-]c1ccc2cc(Br)ccc2c1,"9,200",11,O,0,-1,1,0,SP2,FALSE,FALSE,2,10965,10966
mol5640,Oc1ccc2cc(Cl)ccc2c1,[O-]c1ccc2cc(Cl)ccc2c1,"9,310",11,O,0,-1,1,0,SP2,FALSE,FALSE,2,10967,10968
mol5641,Oc1ccc2cc(I)ccc2c1,[O-]c1ccc2cc(I)ccc2c1,"9,230",11,O,0,-1,1,0,SP2,FALSE,FALSE,2,10969,10970
mol5642,Oc1ccc2cc(O[C@@H]3OC[C@@H](O)[C@H](O)[C@H]3O)ccc2c1,[O-]c1ccc2cc(O[C@@H]3OC[C@@H](O)[C@H](O)[C@H]3O)ccc2c1,"9,630",20,O,0,-1,1,0,SP2,FALSE,FALSE,2,10971,10972
mol5643,Oc1ccc2cc3ccccc3cc2c1,[O-]c1ccc2cc3ccccc3cc2c1,"9,920",14,O,0,-1,1,0,SP2,FALSE,FALSE,2,10973,10974
mol5644,Oc1ccc2ccc(Cl)cc2c1,[O-]c1ccc2ccc(Cl)cc2c1,"9,090",11,O,0,-1,1,0,SP2,FALSE,FALSE,2,10975,10976
mol5645,Oc1ccc2ccc(O[C@@H]3OC[C@@H](O)[C@H](O)[C@H]3O)cc2c1,[O-]c1ccc2ccc(O[C@@H]3OC[C@@H](O)[C@H](O)[C@H]3O)cc2c1,"9,410",20,O,0,-1,1,0,SP2,FALSE,FALSE,2,10977,10978
mol5646,Oc1ccc2ccc3ccccc3c2c1,[O-]c1ccc2ccc3ccccc3c2c1,"9,280",14,O,0,-1,1,0,SP2,FALSE,FALSE,2,10979,10980
mol5647,Oc1ccc2cccc(-c3ccccc3)c2c1,[O-]c1ccc2cccc(-c3ccccc3)c2c1,"9,380",16,O,0,-1,1,0,SP2,FALSE,FALSE,2,10981,10982
mol5648,Oc1ccc2cccc(Br)c2c1,[O-]c1ccc2cccc(Br)c2c1,"8,940",11,O,0,-1,1,0,SP2,FALSE,FALSE,2,10983,10984
mol5649,Oc1ccc2cccc(Cl)c2c1,[O-]c1ccc2cccc(Cl)c2c1,"8,690",11,O,0,-1,1,0,SP2,FALSE,FALSE,2,10985,10986
mol5650,Oc1ccc2cccc(I)c2c1,[O-]c1ccc2cccc(I)c2c1,"8,980",11,O,0,-1,1,0,SP2,FALSE,FALSE,2,10987,10988
mol5651,Oc1ccc2cccc(O[C@@H]3OC[C@@H](O)[C@H](O)[C@H]3O)c2c1,[O-]c1ccc2cccc(O[C@@H]3OC[C@@H](O)[C@H](O)[C@H]3O)c2c1,"9,350",20,O,0,-1,1,0,SP2,FALSE,FALSE,2,10989,10990
mol5652,Oc1ccc2ccccc2c1,[O-]c1ccc2ccccc2c1,"9,500",10,O,0,-1,1,0,SP2,FALSE,FALSE,2,10991,10992
mol5653,Oc1ccc2ccccc2c1O[C@@H]1OC[C@@H](O)[C@H](O)[C@H]1O,[O-]c1ccc2ccccc2c1O[C@@H]1OC[C@@H](O)[C@H](O)[C@H]1O,"8,630",20,O,0,-1,1,0,SP2,FALSE,FALSE,2,10993,10994
mol5654,Oc1ccc2cn[nH]c2c1,[O-]c1ccc2cn[nH]c2c1,"9,350",9,O,0,-1,1,0,SP2,FALSE,FALSE,2,10995,10996
mol5655,[OH2+]c1ccc[n+]2c1C1c3ccccc3C2CC1(c1ccoc1)c1ccoc1,Oc1ccc[n+]2c1C1c3ccccc3C2CC1(c1ccoc1)c1ccoc1,"4,880",16,O,1,0,2,1,SP2,FALSE,FALSE,3,10997,10998
mol5656,Oc1cccc(-c2ccccc2)c1,[O-]c1cccc(-c2ccccc2)c1,"9,590",12,O,0,-1,1,0,SP2,FALSE,FALSE,2,10999,11000
mol5657,Oc1cccc(Br)c1,[O-]c1cccc(Br)c1,"8,990",7,O,0,-1,1,0,SP2,FALSE,FALSE,2,11001,11002
mol5658,Oc1cccc(C(F)(F)F)c1,[O-]c1cccc(C(F)(F)F)c1,"8,900",6,O,0,-1,1,0,SP2,FALSE,FALSE,2,11003,11004
mol5659,Oc1cccc(Cl)c1,[O-]c1cccc(Cl)c1,"8,960",7,O,0,-1,1,0,SP2,FALSE,FALSE,2,11005,11006
mol5660,Oc1cccc(Cl)c1Cl,[O-]c1cccc(Cl)c1Cl,"7,710",8,O,0,-1,1,0,SP2,FALSE,FALSE,2,11007,11008
mol5661,Oc1cccc(F)c1,[O-]c1cccc(F)c1,"9,290",7,O,0,-1,1,0,SP2,FALSE,FALSE,2,11009,11010
mol5662,Oc1cccc(I)c1,[O-]c1cccc(I)c1,"9,020",7,O,0,-1,1,0,SP2,FALSE,FALSE,2,11011,11012
mol5663,Oc1cccc2[nH]ncc12,[O-]c1cccc2[nH]ncc12,"8,650",9,O,0,-1,1,0,SP2,FALSE,FALSE,2,11013,11014
mol5664,Oc1cccc2c(O[C@@H]3OC[C@@H](O)[C@H](O)[C@H]3O)cccc12,[O-]c1cccc2c(O[C@@H]3OC[C@@H](O)[C@H](O)[C@H]3O)cccc12,"9,160",20,O,0,-1,1,0,SP2,FALSE,FALSE,2,11015,11016
mol5665,Oc1cccc2c1-c1c(O)cccc1-2,[O-]c1cccc2c1-c1c(O)cccc1-2,"9,580",13,O,0,-1,1,0,SP2,FALSE,FALSE,2,11017,11018
mol5666,Oc1cccc2c1-c1ccccc1-2,[O-]c1cccc2c1-c1ccccc1-2,"8,640",12,O,0,-1,1,0,SP2,FALSE,FALSE,2,11019,11020
mol5667,Oc1cccc2c1C1c3cccc[n+]3C2CC1(c1ccoc1)c1ccoc1,[O-]c1cccc2c1C1c3cccc[n+]3C2CC1(c1ccoc1)c1ccoc1,"8,600",13,O,0,-1,1,0,SP2,FALSE,FALSE,2,11021,11022
mol5668,Oc1cccc2c1CCC2,[O-]c1cccc2c1CCC2,"10,200",6,O,0,-1,1,0,SP2,FALSE,FALSE,2,11023,11024
mol5669,Oc1cccc2c1CCCC2,[O-]c1cccc2c1CCCC2,"10,460",6,O,0,-1,1,0,SP2,FALSE,FALSE,2,11025,11026
mol5670,Oc1cccc2c1Nc1ccccc1N2,[O-]c1cccc2c1Nc1ccccc1N2,"10,880",14,O,0,-1,1,0,SP2,FALSE,FALSE,2,11027,11028
mol5671,Oc1cccc2cc(O[C@@H]3OC[C@@H](O)[C@H](O)[C@H]3O)ccc12,[O-]c1cccc2cc(O[C@@H]3OC[C@@H](O)[C@H](O)[C@H]3O)ccc12,"9,170",10,O,0,-1,1,0,SP2,FALSE,FALSE,2,11029,11030
mol5672,Oc1cccc2cc3ccccc3cc12,[O-]c1cccc2cc3ccccc3cc12,"9,880",11,O,0,-1,1,0,SP2,FALSE,FALSE,2,11031,11032
mol5673,Oc1cccc2ccc(O[C@@H]3OC[C@@H](O)[C@H](O)[C@H]3O)cc12,[O-]c1cccc2ccc(O[C@@H]3OC[C@@H](O)[C@H](O)[C@H]3O)cc12,"9,290",10,O,0,-1,1,0,SP2,FALSE,FALSE,2,11033,11034
mol5674,Oc1cccc2cccc(O[C@@H]3OC[C@@H](O)[C@H](O)[C@H]3O)c12,[O-]c1cccc2cccc(O[C@@H]3OC[C@@H](O)[C@H](O)[C@H]3O)c12,"10,130",10,O,0,-1,1,0,SP2,FALSE,FALSE,2,11035,11036
mol5675,Oc1cccc2ccccc12,[O-]c1cccc2ccccc12,"9,440",10,O,0,-1,1,0,SP2,FALSE,FALSE,2,11037,11038
mol5676,Oc1cccc2cncnc12,[O-]c1cccc2cncnc12,"8,650",10,O,0,-1,1,0,SP2,FALSE,FALSE,2,11039,11040
mol5677,Oc1cccc2scnc12,[O-]c1cccc2scnc12,"8,770",9,O,0,-1,1,0,SP2,FALSE,FALSE,2,11041,11042
mol5678,Oc1ccccc1,[O-]c1ccccc1,"9,968",6,O,0,-1,1,0,SP2,FALSE,FALSE,2,11043,11044
mol5679,Oc1ccccc1-c1cc2ccccc2cc1O,[O-]c1cc2ccccc2cc1-c1ccccc1O,"7,550",17,O,0,-1,1,0,SP2,FALSE,FALSE,2,11045,11046
mol5680,Oc1ccccc1-c1ccccc1,[O-]c1ccccc1-c1ccccc1,"9,945",12,O,0,-1,1,0,SP2,FALSE,FALSE,2,11047,11048
mol5681,Oc1ccccc1-c1ccccc1O,[O-]c1ccccc1-c1ccccc1O,"7,500",13,O,0,-1,1,0,SP2,FALSE,FALSE,2,11049,11050
mol5682,Oc1ccccc1Br,[O-]c1ccccc1Br,"8,400",6,O,0,-1,1,0,SP2,FALSE,FALSE,2,11051,11052
mol5683,Oc1ccccc1Cl,[O-]c1ccccc1Cl,"8,677",6,O,0,-1,1,0,SP2,FALSE,FALSE,2,11053,11054
mol5684,Oc1ccccc1F,[O-]c1ccccc1F,"8,770",6,O,0,-1,1,0,SP2,FALSE,FALSE,2,11055,11056
mol5685,Oc1ccccc1I,[O-]c1ccccc1I,"8,400",6,O,0,-1,1,0,SP2,FALSE,FALSE,2,11057,11058
mol5686,Oc1ccccc1O,[O-]c1ccccc1O,"10,445",7,O,0,-1,1,0,SP2,FALSE,FALSE,2,11059,11060
mol5687,Oc1ccccc1SCc1ccccc1,[O-]c1ccccc1SCc1ccccc1,"9,060",14,O,0,-1,1,0,SP2,FALSE,FALSE,2,11061,11062
mol5688,[OH2+]c1cncnc1,Oc1cncnc1,"6,780",6,O,1,0,2,1,SP2,FALSE,FALSE,3,11063,11064
mol5689,Oc1cnoc1,[O-]c1cnoc1,"7,750",5,O,0,-1,1,0,SP2,FALSE,FALSE,2,11065,11066
mol5690,Oc1oc(-c2ccccc2)nc1Cc1ccccc1,[O-]c1oc(-c2ccccc2)nc1Cc1ccccc1,"8,720",18,O,0,-1,1,0,SP2,FALSE,FALSE,2,11067,11068
mol5691,[OH2+]n1nnc2c(Cl)cccc21,On1nnc2c(Cl)cccc21,"3,900",10,O,1,0,2,1,SP2,FALSE,FALSE,3,11069,11070
mol5692,[OH2+]n1nnc2cc(Cl)ccc21,On1nnc2cc(Cl)ccc21,"4,180",10,O,1,0,2,1,SP2,FALSE,FALSE,3,11071,11072
mol5693,[OH2+]n1nnc2ccc(Br)cc21,On1nnc2ccc(Br)cc21,"3,970",10,O,1,0,2,1,SP2,FALSE,FALSE,3,11073,11074
mol5694,[OH2+]n1nnc2ccc(C(F)(F)F)cc21,On1nnc2ccc(C(F)(F)F)cc21,"3,970",13,O,1,0,2,1,SP2,FALSE,FALSE,3,11075,11076
mol5695,[OH2+]n1nnc2ccc(Cl)cc21,On1nnc2ccc(Cl)cc21,"4,150",10,O,1,0,2,1,SP2,FALSE,FALSE,3,11077,11078
mol5696,[OH2+]n1nnc2ccccc21,On1nnc2ccccc21,"4,600",9,O,1,0,2,1,SP2,FALSE,FALSE,3,11079,11080
mol5697,S=C(NC(=S)c1ccccc1)Nc1ccccc1,S=C([N-]c1ccccc1)NC(=S)c1ccccc1,"10,720",11,N,0,-1,1,0,SP2,FALSE,FALSE,3,11081,11082
mol5698,S=C(Nc1ccc(Br)cc1)c1ccc(Cl)cc1,S=C([N-]c1ccc(Br)cc1)c1ccc(Cl)cc1,"10,240",8,N,0,-1,1,0,SP2,FALSE,FALSE,3,11083,11084
mol5699,S=C(Nc1ccc(Br)cc1)c1cccc(Br)c1,S=C([N-]c1ccc(Br)cc1)c1cccc(Br)c1,"9,960",9,N,0,-1,1,0,SP2,FALSE,FALSE,3,11085,11086
mol5700,S=C(Nc1ccc(Br)cc1)c1ccccc1,S=C([N-]c1ccc(Br)cc1)c1ccccc1,"10,420",8,N,0,-1,1,0,SP2,FALSE,FALSE,3,11087,11088
mol5701,S=C(Nc1ccc(Cl)c(Cl)c1)c1ccc(Cl)cc1,S=C([N-]c1ccc(Cl)c(Cl)c1)c1ccc(Cl)cc1,"9,510",8,N,0,-1,1,0,SP2,FALSE,FALSE,3,11089,11090
mol5702,S=C(Nc1ccc(Cl)c(Cl)c1)c1cccc(Br)c1,S=C([N-]c1ccc(Cl)c(Cl)c1)c1cccc(Br)c1,"9,260",9,N,0,-1,1,0,SP2,FALSE,FALSE,3,11091,11092
mol5703,S=C(Nc1ccc(Cl)c(Cl)c1)c1ccccc1,S=C([N-]c1ccc(Cl)c(Cl)c1)c1ccccc1,"9,960",8,N,0,-1,1,0,SP2,FALSE,FALSE,3,11093,11094
mol5704,S=C(Nc1ccc(Cl)cc1)c1ccc(Cl)cc1,S=C([N-]c1ccc(Cl)cc1)c1ccc(Cl)cc1,"10,250",8,N,0,-1,1,0,SP2,FALSE,FALSE,3,11095,11096
mol5705,S=C(Nc1ccc(Cl)cc1)c1cccc(Br)c1,S=C([N-]c1ccc(Cl)cc1)c1cccc(Br)c1,"10,100",9,N,0,-1,1,0,SP2,FALSE,FALSE,3,11097,11098
mol5706,S=C(Nc1ccc(Cl)cc1)c1ccccc1,S=C([N-]c1ccc(Cl)cc1)c1ccccc1,"10,850",8,N,0,-1,1,0,SP2,FALSE,FALSE,3,11099,11100
mol5707,S=C(Nc1ccccc1)c1ccc(Cl)cc1,S=C([N-]c1ccccc1)c1ccc(Cl)cc1,"10,760",6,N,0,-1,1,0,SP2,FALSE,FALSE,3,11101,11102
mol5708,S=C(Nc1ccccc1)c1cccc(Br)c1,S=C([N-]c1ccccc1)c1cccc(Br)c1,"10,490",6,N,0,-1,1,0,SP2,FALSE,FALSE,3,11103,11104
mol5709,S=C(Nc1ccccc1)c1ccccc1,S=C([N-]c1ccccc1)c1ccccc1,"10,860",8,N,0,-1,1,0,SP2,FALSE,FALSE,3,11105,11106
mol5710,S=C([SH2+])N1CCCC1,S=C(S)N1CCCC1,"2,970",7,S,1,0,2,1,SP3,FALSE,FALSE,3,11107,11108
mol5711,S=C([SH2+])NC1CCCCC1,S=C(S)NC1CCCCC1,"2,950",9,S,1,0,2,1,SP3,FALSE,FALSE,3,11109,11110
mol5712,S=C1NC(=S)C(c2ccccc2)N1,S=C1[N-]C(=S)C(c2ccccc2)N1,"8,150",9,N,0,-1,1,0,SP2,FALSE,TRUE,3,11111,11112
mol5713,S=C1NCCO1,S=C1[N-]CCO1,"11,050",5,N,0,-1,1,0,SP2,FALSE,TRUE,3,11113,11114
mol5714,S=CNc1ccc(Cl)cc1,S=C[N-]c1ccc(Cl)cc1,"10,800",6,N,0,-1,1,0,SP2,FALSE,FALSE,3,11115,11116
mol5715,S=CNc1cccc(Cl)c1,S=C[N-]c1cccc(Cl)c1,"10,800",7,N,0,-1,1,0,SP2,FALSE,FALSE,3,11117,11118
mol5716,S=CNc1ccccc1Cl,S=C[N-]c1ccccc1Cl,"10,030",6,N,0,-1,1,0,SP2,FALSE,FALSE,3,11119,11120
mol5717,S=c1[nH]c(=S)c2[nH]cnc2[nH]1,S=c1[n-]c2nc[nH]c2c(=S)[nH]1,"7,495",5,N,0,-1,1,0,SP2,TRUE,TRUE,3,11121,11122
mol5718,S=c1[nH]c2cc3c(cc2[nH]1)CCCC3,S=c1[n-]c2cc3c(cc2[nH]1)CCCC3,"10,430",9,N,0,-1,1,0,SP2,TRUE,TRUE,3,11123,11124
mol5719,S=c1[nH]c2cc3ccccc3cc2[nH]1,S=c1[n-]c2cc3ccccc3cc2[nH]1,"9,840",13,N,0,-1,1,0,SP2,TRUE,TRUE,3,11125,11126
mol5720,S=c1[nH]c2ccccc2[nH]1,S=c1[n-]c2ccccc2[nH]1,"10,240",9,N,0,-1,1,0,SP2,TRUE,TRUE,3,11127,11128
mol5721,S=C1[NH2+]c2ccccc2O1,S=c1[nH]c2ccccc2o1,"6,330",6,N,1,0,2,1,SP3,FALSE,TRUE,4,11129,11130
mol5722,S=c1[nH]c2cncnc2[nH]1,S=c1[n-]c2cncnc2[nH]1,"8,900",6,N,0,-1,1,0,SP2,TRUE,TRUE,3,11131,11132
mol5723,S=c1[nH]ccc2ccccc12,S=c1[n-]ccc2ccccc12,"10,820",8,N,0,-1,1,0,SP2,TRUE,TRUE,3,11133,11134
mol5724,S=C1[NH2+]N=CO1,S=c1[nH]nco1,"3,850",2,N,1,0,2,1,SP3,FALSE,TRUE,4,11135,11136
mol5725,S=c1cc2ccccc2c[nH]1,S=c1cc2ccccc2c[n-]1,"8,580",5,N,0,-1,1,0,SP2,TRUE,TRUE,3,11137,11138
mol5726,S=c1ccc2ccccc2[nH]1,S=c1ccc2ccccc2[n-]1,"10,210",10,N,0,-1,1,0,SP2,TRUE,TRUE,3,11139,11140
mol5727,S=c1cccc[nH]1,S=c1cccc[n-]1,"9,890",3,N,0,-1,1,0,SP2,TRUE,TRUE,3,11141,11142
mol5728,S=C1N=C(CCc2ccccc2)[NH2+]O1,S=c1nc(CCc2ccccc2)[nH]o1,"3,580",9,N,1,0,2,1,SP3,FALSE,TRUE,4,11143,11144
mol5729,S=c1ncc2[nH]cnc2[nH]1,S=c1ncc2[nH]cnc2[n-]1,"8,775",3,N,0,-1,1,0,SP2,TRUE,TRUE,3,11145,11146
mol5730,S=C1N=Cc2nccnc2[NH2+]1,S=c1ncc2nccnc2[nH]1,"6,520",10,N,1,0,2,1,SP3,FALSE,TRUE,4,11147,11148
mol5731,SCc1ccccc1,[S-]Cc1ccccc1,"9,430",7,S,0,-1,1,0,SP3,FALSE,FALSE,2,11149,11150
mol5732,[11CH3]NC(=O)C(CC[NH+]1CCC(O)(c2ccc(Cl)cc2)CC1)(c1ccccc1)c1ccccc1,[11CH3]NC(=O)C(CCN1CCC(O)(c2ccc(Cl)cc2)CC1)(c1ccccc1)c1ccccc1,"7,960",7,N,1,0,1,0,SP3,FALSE,TRUE,4,11151,11152
mol5733,[4H]c1c([4H])c([4H])c(C(=O)O)c([4H])c1[4H],[4H]c1c([4H])c([4H])c(C(=O)[O-])c([4H])c1[4H],"4,180",11,O,0,-1,1,0,SP2,FALSE,FALSE,2,11153,11154
mol5734,[N-]=[N+]=Nc1ncnc2nc[nH]c12,[N-]=[N+]=Nc1ncnc2nc[n-]c12,"7,600",1,N,0,-1,1,0,SP2,TRUE,TRUE,3,11155,11156
mol5735,[NH2+]=CN1C2CC(OC(=O)C(CO)c3ccccc3)CC1C1OC12,N=CN1C2CC(OC(=O)C(CO)c3ccccc3)CC1C1OC12,"9,780",22,N,1,0,2,1,SP2,FALSE,FALSE,4,11157,11158
mol5736,[NH2+]=CN1C2CCC1CC(OC(=O)C(CO)c1ccccc1)C2,N=CN1C2CCC1CC(OC(=O)C(CO)c1ccccc1)C2,"10,330",21,N,1,0,2,1,SP2,FALSE,FALSE,4,11159,11160
mol5737,[NH3+]C(CO)CO,NC(CO)CO,"8,630",4,N,1,0,3,2,SP3,FALSE,FALSE,4,11161,11162
mol5738,[NH3+]C1(C(=O)N[C@H](Cc2c[nH]c3ccccc23)C(=O)N2CCC3(CCc4ccccc43)CC2)CC1,NC1(C(=O)N[C@H](Cc2c[nH]c3ccccc23)C(=O)N2CCC3(CCc4ccccc43)CC2)CC1,"5,900",33,N,1,0,3,2,SP3,FALSE,FALSE,4,11164,11163
mol5739,[NH3+]C12CC3CC(CC(C3)C1)C2,NC12CC3CC(CC(C3)C1)C2,"10,710",10,N,1,0,3,2,SP3,FALSE,FALSE,4,11165,11166
mol5740,[NH3+]C12CCC(C1)C2,NC12CCC(C1)C2,"9,300",6,N,1,0,3,2,SP3,FALSE,FALSE,4,11167,11168
mol5741,[NH3+]C12CCC(CC1)C2,NC12CCC(CC1)C2,"10,190",7,N,1,0,3,2,SP3,FALSE,FALSE,4,11169,11170
mol5742,[NH3+]C1CC1,NC1CC1,"9,100",3,N,1,0,3,2,SP3,FALSE,FALSE,4,11171,11172
mol5743,[NH3+]C1CCCCC1,NC1CCCCC1,"10,670",6,N,1,0,3,2,SP3,FALSE,FALSE,4,11173,11174
mol5744,[NH3+]C1CCCc2ccccc21,NC1CCCc2ccccc21,"9,660",10,N,1,0,3,2,SP3,FALSE,FALSE,4,11175,11176
mol5745,[NH3+]C1CCN(OCc2ccccc2)C1=O,NC1CCN(OCc2ccccc2)C1=O,"6,400",14,N,1,0,3,2,SP3,FALSE,FALSE,4,11178,11177
mol5746,[NH3+]C1CCc2ccccc2C1,NC1CCc2ccccc2C1,"9,970",10,N,1,0,3,2,SP3,FALSE,FALSE,4,11179,11180
mol5747,[NH3+]C1Cc2ccccc2C1,NC1Cc2ccccc2C1,"9,550",9,N,1,0,3,2,SP3,FALSE,FALSE,4,11181,11182
mol5748,[NH3+]C1OC(CO)C(O)C(O)C1O,NC1OC(CO)C(O)C(O)C1O,"5,600",7,N,1,0,3,2,SP3,FALSE,FALSE,4,11184,11183
mol5749,[NH3+]C1OCC(O)C(O)C1O,NC1OCC(O)C(O)C1O,"5,600",6,N,1,0,3,2,SP3,FALSE,FALSE,4,11186,11185
mol5750,[NH3+]CC(=O)Nc1ccccc1,NCC(=O)Nc1ccccc1,"8,120",10,N,1,0,3,2,SP3,FALSE,FALSE,4,11187,11188
mol5751,[NH3+]CC(N=O)c1ccc(Sc2cc(F)cc(C3CCOCC3)c2)cc1,NCC(N=O)c1ccc(Sc2cc(F)cc(C3CCOCC3)c2)cc1,"11,500",8,N,1,0,3,2,SP3,FALSE,FALSE,4,11189,11190
mol5752,[NH3+]CC(O)CO,NCC(O)CO,"9,300",5,N,1,0,3,2,SP3,FALSE,FALSE,4,11191,11192
mol5753,[NH3+]CC(O)c1ccc(Cl)cc1,NCC(O)c1ccc(Cl)cc1,"9,040",8,N,1,0,3,2,SP3,FALSE,FALSE,4,11193,11194
mol5754,[NH3+]CC(O)c1ccccc1,NCC(O)c1ccccc1,"8,940",8,N,1,0,3,2,SP3,FALSE,FALSE,4,11195,11196
mol5755,[NH3+]CC1CCCCC1,NCC1CCCCC1,"10,520",7,N,1,0,3,2,SP3,FALSE,FALSE,4,11197,11198
mol5756,[NH3+]CC=C(Cl)Cl,NCC=C(Cl)Cl,"9,300",5,N,1,0,3,2,SP3,FALSE,FALSE,4,11199,11200
mol5757,[NH3+]CCBr,NCCBr,"8,500",3,N,1,0,3,2,SP3,FALSE,FALSE,4,11201,11202
mol5758,[NH3+]CCC(=O)c1ccccc1,NCCC(=O)c1ccccc1,"8,300",10,N,1,0,3,2,SP3,FALSE,FALSE,4,11203,11204
mol5759,[NH3+]CCC=C(Cl)Cl,NCCC=C(Cl)Cl,"9,850",2,N,1,0,3,2,SP3,FALSE,FALSE,4,11205,11206
mol5760,[NH3+]CCCBr,NCCCBr,"8,930",2,N,1,0,3,2,SP3,FALSE,FALSE,4,11207,11208
mol5761,[NH3+]CCCC(F)(F)F,NCCCC(F)(F)F,"9,700",7,N,1,0,3,2,SP3,FALSE,FALSE,4,11209,11210
mol5762,[NH3+]CCCCBr,NCCCCBr,"10,000",5,N,1,0,3,2,SP3,FALSE,FALSE,4,11211,11212
mol5763,[NH3+]CCCCCCBr,NCCCCCCBr,"10,600",7,N,1,0,3,2,SP3,FALSE,FALSE,4,11213,11214
mol5764,[NH3+]CCCCCCO,NCCCCCCO,"10,620",7,N,1,0,3,2,SP3,FALSE,FALSE,4,11215,11216
mol5765,[NH3+]CCCCCO,NCCCCCO,"10,520",3,N,1,0,3,2,SP3,FALSE,FALSE,4,11217,11218
mol5766,[NH3+]CCCCCc1ccccc1,NCCCCCc1ccccc1,"10,510",11,N,1,0,3,2,SP3,FALSE,FALSE,4,11219,11220
mol5767,[NH3+]CCCCO,NCCCCO,"10,350",5,N,1,0,3,2,SP3,FALSE,FALSE,4,11221,11222
mol5768,[NH3+]CCCCOc1c2ccccc2cc2ccccc12,NCCCCOc1c2ccccc2cc2ccccc12,"9,940",19,N,1,0,3,2,SP3,FALSE,FALSE,4,11223,11224
mol5769,[NH3+]CCCCc1ccccc1,NCCCCc1ccccc1,"10,390",10,N,1,0,3,2,SP3,FALSE,FALSE,4,11225,11226
mol5770,[NH3+]CCCCl,NCCCCl,"9,890",2,N,1,0,3,2,SP3,FALSE,FALSE,4,11227,11228
mol5771,[NH3+]CCCF,NCCCF,"9,900",2,N,1,0,3,2,SP3,FALSE,FALSE,4,11229,11230
mol5772,[NH3+]CCCO,NCCCO,"10,000",2,N,1,0,3,2,SP3,FALSE,FALSE,4,11231,11232
mol5773,[NH3+]CCC[n+]1cc(Br)c2ccccc2c1,NCCC[n+]1cc(Br)c2ccccc2c1,"9,530",14,N,1,0,3,2,SP3,FALSE,FALSE,4,11233,11234
mol5774,[NH3+]CCC[n+]1ccc2ccccc2c1,NCCC[n+]1ccc2ccccc2c1,"8,970",13,N,1,0,3,2,SP3,FALSE,FALSE,4,11235,11236
mol5775,[NH3+]CCCc1ccccc1,NCCCc1ccccc1,"10,270",9,N,1,0,3,2,SP3,FALSE,FALSE,4,11237,11238
mol5776,[NH3+]CCCl,NCCCl,"8,490",3,N,1,0,3,2,SP3,FALSE,FALSE,4,11239,11240
mol5777,[NH3+]CCF,NCCF,"8,895",3,N,1,0,3,2,SP3,FALSE,FALSE,4,11241,11242
mol5778,[NH3+]CCN1C(=O)C=NC(c2ccccc2F)c2cc(Cl)ccc21,NCCN1C(=O)C=NC(c2ccccc2F)c2cc(Cl)ccc21,"11,600",20,N,1,0,3,2,SP3,FALSE,FALSE,4,11243,11244
mol5779,[NH3+]CCNC(=O)c1ccccc1,NCCNC(=O)c1ccccc1,"9,130",11,N,1,0,3,2,SP3,FALSE,FALSE,4,11245,11246
mol5780,[NH3+]CCO,NCCO,"9,525",3,N,1,0,3,2,SP3,FALSE,FALSE,4,11247,11248
mol5781,[NH3+]CCOCCO,NCCOCCO,"9,430",6,N,1,0,3,2,SP3,FALSE,FALSE,4,11249,11250
mol5782,[NH3+]CCc1c[nH]c2ccccc12,NCCc1c[nH]c2ccccc12,"10,200",11,N,1,0,3,2,SP3,FALSE,FALSE,4,11251,11252
mol5783,[NH3+]CCc1ccc(Br)cc1,NCCc1ccc(Br)cc1,"9,650",8,N,1,0,3,2,SP3,FALSE,FALSE,4,11253,11254
mol5784,[NH3+]CCc1ccc(Cl)cc1,NCCc1ccc(Cl)cc1,"9,660",8,N,1,0,3,2,SP3,FALSE,FALSE,4,11255,11256
mol5785,[NH3+]CCc1ccccc1,NCCc1ccccc1,"9,485",8,N,1,0,3,2,SP3,FALSE,FALSE,4,11257,11258
mol5786,[NH3+]C[C@@H]1C[C@@]1(C(=O)N1Cc2ccccc2C1)c1cccs1,NC[C@@H]1C[C@@]1(C(=O)N1Cc2ccccc2C1)c1cccs1,"9,500",15,N,1,0,3,2,SP3,FALSE,FALSE,4,11259,11260
mol5787,[NH3+]C[C@H](COCc1cccc2ccccc12)OC(=O)NCCCCCCO,NC[C@H](COCc1cccc2ccccc12)OC(=O)NCCCCCCO,"8,900",15,N,1,0,3,2,SP3,FALSE,FALSE,4,11261,11262
mol5788,[NH3+]C[C@H]1CCCC[C@@H]1O,NC[C@H]1CCCC[C@@H]1O,"10,180",7,N,1,0,3,2,SP3,FALSE,FALSE,4,11263,11264
mol5789,[NH3+]Cc1ccc(C=O)o1,NCc1ccc(C=O)o1,"8,100",6,N,1,0,3,2,SP3,FALSE,FALSE,4,11265,11266
mol5790,[NH3+]Cc1ccc(Cl)cc1,NCc1ccc(Cl)cc1,"9,240",7,N,1,0,3,2,SP3,FALSE,FALSE,4,11267,11268
mol5791,[NH3+]Cc1ccccc1,NCc1ccccc1,"9,480",7,N,1,0,3,2,SP3,FALSE,FALSE,4,11269,11270
mol5792,[NH3+][C@@H]1CCCC[C@@H]1O,N[C@@H]1CCCC[C@@H]1O,"9,720",6,N,1,0,3,2,SP3,FALSE,FALSE,4,11271,11272
mol5793,[NH3+][C@@H]1CCC[C@@H]1O,N[C@@H]1CCC[C@@H]1O,"9,700",6,N,1,0,3,2,SP3,FALSE,FALSE,4,11273,11274
mol5794,[NH3+][C@@H]1CCC[C@H](O)C1,N[C@@H]1CCC[C@H](O)C1,"10,050",7,N,1,0,3,2,SP3,FALSE,FALSE,4,11275,11276
mol5795,[NH3+][C@@H]1C[C@@H]1c1ccccc1,N[C@@H]1C[C@@H]1c1ccccc1,"8,470",9,N,1,0,3,2,SP3,FALSE,FALSE,4,11277,11278
mol5796,[NH3+][C@@H]1C[C@H]1c1ccccc1,N[C@@H]1C[C@H]1c1ccccc1,"8,200",9,N,1,0,3,2,SP3,FALSE,FALSE,4,11279,11280
mol5797,[NH3+][C@@H]1C[C@]1(F)c1ccc(C(F)(F)F)cc1,N[C@@H]1C[C@]1(F)c1ccc(C(F)(F)F)cc1,"6,600",9,N,1,0,3,2,SP3,FALSE,FALSE,4,11282,11281
mol5798,[NH3+][C@@H]1C[C@]1(F)c1ccc(Cl)cc1,N[C@@H]1C[C@]1(F)c1ccc(Cl)cc1,"6,810",9,N,1,0,3,2,SP3,FALSE,FALSE,4,11284,11283
mol5799,[NH3+][C@@H]1C[C@]1(F)c1ccc(F)cc1,N[C@@H]1C[C@]1(F)c1ccc(F)cc1,"6,880",9,N,1,0,3,2,SP3,FALSE,FALSE,4,11286,11285
mol5800,[NH3+][C@@H]1C[C@]1(F)c1ccccc1,N[C@@H]1C[C@]1(F)c1ccccc1,"6,980",9,N,1,0,3,2,SP3,FALSE,FALSE,4,11288,11287
mol5801,[NH3+][C@H](COCc1cc(C(F)(F)F)cc(C(F)(F)F)c1)c1ccccc1,N[C@H](COCc1cc(C(F)(F)F)cc(C(F)(F)F)c1)c1ccccc1,"7,930",24,N,1,0,3,2,SP3,FALSE,FALSE,4,11289,11290
mol5802,[NH3+][C@H](c1ccccc1)[C@H](O)c1ccccc1,N[C@H](c1ccccc1)[C@H](O)c1ccccc1,"10,460",15,N,1,0,3,2,SP3,FALSE,FALSE,4,11291,11292
mol5803,[NH3+][C@H]1CCCCC[C@@H]1O,N[C@H]1CCCCC[C@@H]1O,"9,350",8,N,1,0,3,2,SP3,FALSE,FALSE,4,11293,11294
mol5804,[NH3+][C@H]1CCCC[C@@H]1O,N[C@H]1CCCC[C@@H]1O,"9,350",6,N,1,0,3,2,SP3,FALSE,FALSE,4,11295,11296
mol5805,[NH3+][C@H]1CCC[C@@H]1O,N[C@H]1CCC[C@@H]1O,"9,280",6,N,1,0,3,2,SP3,FALSE,FALSE,4,11297,11298
mol5806,[NH3+][C@H]1CCC[C@H](O)C1,N[C@H]1CCC[C@H](O)C1,"10,100",7,N,1,0,3,2,SP3,FALSE,FALSE,4,11299,11300
mol5807,[NH3+][C@H]1CCc2ccccc21,N[C@H]1CCc2ccccc21,"9,210",9,N,1,0,3,2,SP3,FALSE,FALSE,4,11301,11302
mol5808,[NH3+][C@H]1C[C@@H]1c1ccccc1,N[C@H]1C[C@@H]1c1ccccc1,"8,500",9,N,1,0,3,2,SP3,FALSE,FALSE,4,11303,11304
mol5809,[NH3+][C@H]1C[C@@]1(F)c1ccccc1,N[C@H]1C[C@@]1(F)c1ccccc1,"7,200",9,N,1,0,3,2,SP3,FALSE,FALSE,4,11306,11305
mol5810,[NH3+][C@H]1C[C@]1(F)c1ccc(C(F)(F)F)cc1,N[C@H]1C[C@]1(F)c1ccc(C(F)(F)F)cc1,"7,000",9,N,1,0,3,2,SP3,FALSE,FALSE,4,11308,11307
mol5811,[NH3+][C@H]1C[C@]1(F)c1ccc(Cl)cc1,N[C@H]1C[C@]1(F)c1ccc(Cl)cc1,"7,190",9,N,1,0,3,2,SP3,FALSE,FALSE,4,11310,11309
mol5812,[NH3+][C@H]1C[C@]1(F)c1ccc(F)cc1,N[C@H]1C[C@]1(F)c1ccc(F)cc1,"7,310",9,N,1,0,3,2,SP3,FALSE,FALSE,4,11312,11311
mol5813,[NH3+][C@H]1C[C@]1(F)c1ccccc1,N[C@H]1C[C@]1(F)c1ccccc1,"7,350",9,N,1,0,3,2,SP3,FALSE,FALSE,4,11314,11313
mol5814,[NH3+][C@]1(c2ccccc2)C[C@]1(F)c1ccccc1,N[C@]1(c2ccccc2)C[C@]1(F)c1ccccc1,"5,800",16,N,1,0,3,2,SP3,FALSE,FALSE,4,11316,11315
mol5815,[O-]Nc1cc[n+](O)c2ccccc12,[O-]Nc1cc[n+]([O-])c2ccccc12,"3,890",10,O,0,-1,1,0,SP2,FALSE,FALSE,2,11317,11318
mol5816,[O-][NH2+]c1ccc(Cl)cc1,[O-]Nc1ccc(Cl)cc1,"2,580",6,N,1,0,2,1,SP3,FALSE,FALSE,4,11319,11320
mol5817,[O-]Nc1cc[nH+]c2ccccc12,[O-]Nc1ccnc2ccccc12,"6,760",9,N,1,0,1,0,SP2,TRUE,TRUE,4,11321,11322
mol5818,[O-]Nc1ncnc2nc[nH]c12,[O-]Nc1ncnc2nc[n-]c12,"9,830",1,N,0,-1,1,0,SP2,TRUE,TRUE,3,11323,11324
mol5819,[O-][n+]1ccc([OH2+])cc1,[O-][n+]1ccc(O)cc1,"5,760",7,O,1,0,2,1,SP2,FALSE,FALSE,3,11325,11326
mol5820,[O-][n+]1cccc([OH2+])c1,[O-][n+]1cccc(O)c1,"6,400",7,O,1,0,2,1,SP2,FALSE,FALSE,3,11327,11328
mol5821,[O-][n+]1ccccc1[OH2+],[O-][n+]1ccccc1O,"5,980",6,O,1,0,2,1,SP2,FALSE,FALSE,3,11329,11330
mol5822,[O-][n+]1cnc(NCc2ccccc2)c2c1[NH2+]C=N2,[O-][n+]1cnc(NCc2ccccc2)c2nc[nH]c21,"7,270",11,N,1,0,2,1,SP3,FALSE,TRUE,4,11331,11332
mol5823,[O-][n+]1cnc2[nH]cnc2c1NCc1ccccc1,[O-][n+]1cnc2[n-]cnc2c1NCc1ccccc1,"8,220",11,N,0,-1,1,0,SP2,TRUE,TRUE,3,11333,11334
mol5824,Oc1c(Br)cccc1Br,[O-]c1c(Br)cccc1Br,"6,600",7,O,0,-1,1,0,SP2,FALSE,FALSE,2,11335,11336
mol5825,Oc1c(Cl)c(Cl)c(Cl)c(Cl)c1Cl,[O-]c1c(Cl)c(Cl)c(Cl)c(Cl)c1Cl,"5,000",11,O,0,-1,1,0,SP2,FALSE,FALSE,2,11337,11338
mol5826,Oc1c(Cl)cc(Cl)c(Cl)c1Cl,[O-]c1c(Cl)cc(Cl)c(Cl)c1Cl,"5,700",9,O,0,-1,1,0,SP2,FALSE,FALSE,2,11339,11340
mol5827,Oc1c(Cl)cc(Cl)cc1Cl,[O-]c1c(Cl)cc(Cl)cc1Cl,"6,200",7,O,0,-1,1,0,SP2,FALSE,FALSE,2,11341,11342
mol5828,Oc1c(Cl)ccc(Cl)c1Cl,[O-]c1c(Cl)ccc(Cl)c1Cl,"6,120",7,O,0,-1,1,0,SP2,FALSE,FALSE,2,11343,11344
mol5829,Oc1c(Cl)cccc1Cl,[O-]c1c(Cl)cccc1Cl,"6,975",7,O,0,-1,1,0,SP2,FALSE,FALSE,2,11345,11346
mol5830,OC[C@H]1O[C@H](Oc2ccc(-c3cc(F)c(O)c(F)c3)cc2)[C@@H](O)[C@@H](O)[C@@H]1O,[O-]c1c(F)cc(-c2ccc(O[C@H]3O[C@H](CO)[C@@H](O)[C@H](O)[C@@H]3O)cc2)cc1F,"6,500",13,O,0,-1,1,0,SP2,FALSE,FALSE,2,11347,11348
mol5831,Oc1c(F)cc(Cc2ccccc2)cc1F,[O-]c1c(F)cc(Cc2ccccc2)cc1F,"7,190",14,O,0,-1,1,0,SP2,FALSE,FALSE,2,11349,11350
mol5832,Oc1c(F)ccc(Cc2ccccc2)c1F,[O-]c1c(F)ccc(Cc2ccccc2)c1F,"7,050",14,O,0,-1,1,0,SP2,FALSE,FALSE,2,11351,11352
mol5833,Oc1c(F)cccc1F,[O-]c1c(F)cccc1F,"7,120",7,O,0,-1,1,0,SP2,FALSE,FALSE,2,11353,11354
mol5834,Sc1ccc(Br)cc1,[S-]c1ccc(Br)cc1,"5,800",6,S,0,-1,1,0,SP3,FALSE,FALSE,2,11355,11356
mol5835,Sc1ccc(Cl)c(Cl)c1,[S-]c1ccc(Cl)c(Cl)c1,"5,480",6,S,0,-1,1,0,SP3,FALSE,FALSE,2,11357,11358
mol5836,Sc1ccc(Cl)cc1,[S-]c1ccc(Cl)cc1,"5,820",6,S,0,-1,1,0,SP3,FALSE,FALSE,2,11359,11360
mol5837,Sc1cccc(Cl)c1,[S-]c1cccc(Cl)c1,"5,760",7,S,0,-1,1,0,SP3,FALSE,FALSE,2,11361,11362
mol5838,Sc1ccccc1,[S-]c1ccccc1,"6,485",6,S,0,-1,1,0,SP3,FALSE,FALSE,2,11363,11364
mol5839,c1c[nH+]c[nH]1,c1c[nH]cn1,"7,023",2,N,1,0,1,0,SP2,TRUE,TRUE,4,11365,11366
mol5840,c1cc(-c2ccoc2)cc[nH+]1,c1cc(-c2ccoc2)ccn1,"5,720",2,N,1,0,1,0,SP2,TRUE,TRUE,4,11367,11368
mol5841,c1cc(C2CCC3(CC2)CCC2(OC3)C3CC4CC(C3)CC2C4)ccc1OCC[NH+]1CCOCC1,c1cc(C2CCC3(CC2)CCC2(OC3)C3CC4CC(C3)CC2C4)ccc1OCCN1CCOCC1,"6,820",29,N,1,0,1,0,SP3,FALSE,TRUE,4,11370,11369
mol5842,c1cc(C2CCC3(CC2)CCC2(OO3)C3CC4CC(C3)CC2C4)ccc1OCC[NH+]1CCOCC1,c1cc(C2CCC3(CC2)CCC2(OO3)C3CC4CC(C3)CC2C4)ccc1OCCN1CCOCC1,"6,810",29,N,1,0,1,0,SP3,FALSE,TRUE,4,11372,11371
mol5843,c1cc(CC2CCC[NH2+]C2)c2ccoc2c1,c1cc(CC2CCCNC2)c2ccoc2c1,"9,800",14,N,1,0,2,1,SP3,FALSE,TRUE,4,11373,11374
mol5844,c1cc(N2CCOCC2)cc[nH+]1,c1cc(N2CCOCC2)ccn1,"8,790",2,N,1,0,1,0,SP2,TRUE,TRUE,4,11375,11376
mol5845,c1cc([NH+]2CCCCC2)ccc1N1CCOCC1,c1cc(N2CCOCC2)ccc1N1CCCCC1,"6,700",6,N,1,0,1,0,SP3,FALSE,TRUE,4,11377,11378
mol5846,c1cc([NH+]2CCOCC2)ccc1N1CCOCC1,c1cc(N2CCOCC2)ccc1N1CCOCC1,"4,200",12,N,1,0,1,0,SP3,FALSE,TRUE,4,11379,11380
mol5847,c1cc([C@H]2CC[C@@]3(CC2)C[C@@]2(OO3)C3CC4CC(C3)CC2C4)ccc1OCC[NH+]1CCOCC1,c1cc([C@H]2CC[C@@]3(CC2)C[C@@]2(OO3)C3CC4CC(C3)CC2C4)ccc1OCCN1CCOCC1,"6,820",9,N,1,0,1,0,SP3,FALSE,TRUE,4,11382,11381
mol5848,c1cc([C@H]2CC[C@]3(CC2)OO[C@]2(O3)C3CC4CC(C3)CC2C4)ccc1OCC[NH+]1CCOCC1,c1cc([C@H]2CC[C@]3(CC2)OO[C@]2(O3)C3CC4CC(C3)CC2C4)ccc1OCCN1CCOCC1,"6,810",9,N,1,0,1,0,SP3,FALSE,TRUE,4,11384,11383
mol5849,c1cc2c(cc1C[NH+]1CC3(COC3)C1)OCO2,c1cc2c(cc1CN1CC3(COC3)C1)OCO2,"8,000",7,N,1,0,1,0,SP3,FALSE,TRUE,4,11385,11386
mol5850,c1cc2c(cc1C[NH+]1CC3CC(C1)O3)OCO2,c1cc2c(cc1CN1CC3CC(C1)O3)OCO2,"7,100",7,N,1,0,1,0,SP3,FALSE,TRUE,4,11388,11387
mol5851,c1cc2c(cc1C[NH+]1CCC1)OCO2,c1cc2c(cc1CN1CCC1)OCO2,"9,500",7,N,1,0,1,0,SP3,FALSE,TRUE,4,11389,11390
mol5852,c1cc2c(cc1C[NH+]1CCC13COC3)OCO2,c1cc2c(cc1CN1CCC13COC3)OCO2,"6,200",7,N,1,0,1,0,SP3,FALSE,TRUE,4,11392,11391
mol5853,c1cc2c(cc1C[NH+]1CCC3(CC1)COC3)OCO2,c1cc2c(cc1CN1CCC3(CC1)COC3)OCO2,"8,300",7,N,1,0,1,0,SP3,FALSE,TRUE,4,11393,11394
mol5854,c1cc2c(cc1C[NH+]1CCC3(COC3)C1)OCO2,c1cc2c(cc1CN1CCC3(COC3)C1)OCO2,"8,100",7,N,1,0,1,0,SP3,FALSE,TRUE,4,11395,11396
mol5855,c1cc2c(cc1C[NH+]1CCCC1)OCO2,c1cc2c(cc1CN1CCCC1)OCO2,"9,700",7,N,1,0,1,0,SP3,FALSE,TRUE,4,11397,11398
mol5856,c1cc2c(cc1C[NH+]1CCCC13COC3)OCO2,c1cc2c(cc1CN1CCCC13COC3)OCO2,"6,300",7,N,1,0,1,0,SP3,FALSE,TRUE,4,11400,11399
mol5857,c1cc2c(cc1C[NH+]1CCCC3(COC3)C1)OCO2,c1cc2c(cc1CN1CCCC3(COC3)C1)OCO2,"7,900",7,N,1,0,1,0,SP3,FALSE,TRUE,4,11401,11402
mol5858,c1cc2c(cc1C[NH+]1CCCCC1)OCO2,c1cc2c(cc1CN1CCCCC1)OCO2,"9,600",7,N,1,0,1,0,SP3,FALSE,TRUE,4,11403,11404
mol5859,c1cc2c(cc1C[NH+]1CCCCC13COC3)OCO2,c1cc2c(cc1CN1CCCCC13COC3)OCO2,"7,000",7,N,1,0,1,0,SP3,FALSE,TRUE,4,11406,11405
mol5860,c1cc2c(cc1C[NH+]1CCOCC1)OCO2,c1cc2c(cc1CN1CCOCC1)OCO2,"7,000",7,N,1,0,1,0,SP3,FALSE,TRUE,4,11408,11407
mol5861,c1cc2c(c[nH+]1)CCCC2,c1cc2c(cn1)CCCC2,"6,650",2,N,1,0,1,0,SP2,TRUE,TRUE,4,11409,11410
mol5862,c1cc2c(n[nH+]1)CCCC2,c1cc2c(nn1)CCCC2,"4,300",2,N,1,0,1,0,SP2,TRUE,TRUE,4,11411,11412
mol5863,c1cnc2c[nH+]ccc2n1,c1cc2nccnc2cn1,"2,500",2,N,1,0,1,0,SP2,TRUE,TRUE,4,11413,11414
mol5864,c1ccc(-c2cc3c(-c4ccccc4)cc[nH+]c3c3ncccc23)cc1,c1ccc(-c2cc3c(-c4ccccc4)ccnc3c3ncccc23)cc1,"4,690",9,N,1,0,1,0,SP2,TRUE,TRUE,4,11415,11416
mol5865,c1ccc(-c2cc3ccc[nH+]c3c3ncccc23)cc1,c1ccc(-c2cc3cccnc3c3ncccc23)cc1,"4,720",12,N,1,0,1,0,SP2,TRUE,TRUE,4,11417,11418
mol5866,c1ccc(-c2ccc3[nH+]c(C[NH+]4CCOCC4)cn3n2)cc1,c1ccc(-c2ccc3[nH+]c(CN4CCOCC4)cn3n2)cc1,"6,250",16,N,1,0,1,0,SP3,FALSE,TRUE,4,11419,11420
mol5867,c1ccc(-c2ccc3ccc4ccc[nH+]c4c3n2)cc1,c1ccc(-c2ccc3ccc4cccnc4c3n2)cc1,"4,900",16,N,1,0,1,0,SP2,TRUE,TRUE,4,11421,11422
mol5868,c1ccc(-c2ccc3[nH+]ccn3n2)cc1,c1ccc(-c2ccc3nccn3n2)cc1,"4,710",10,N,1,0,1,0,SP2,TRUE,TRUE,4,11423,11424
mol5869,c1ccc(-c2cccc[nH+]2)cc1,c1ccc(-c2ccccn2)cc1,"4,480",11,N,1,0,1,0,SP2,TRUE,TRUE,4,11425,11426
mol5870,c1ccc(-c2cccc[nH+]2)nc1,c1ccc(-c2ccccn2)nc1,"4,420",11,N,1,0,1,0,SP2,TRUE,TRUE,4,11427,11428
mol5871,c1ccc(-c2ccco2)[nH+]c1,c1ccc(-c2ccco2)nc1,"4,180",3,N,1,0,1,0,SP2,TRUE,TRUE,4,11429,11430
mol5872,c1ccc(-c2ccnc3c2ccc2c(-c4ccccc4)cc[nH+]c23)cc1,c1ccc(-c2ccnc3c2ccc2c(-c4ccccc4)ccnc23)cc1,"4,840",16,N,1,0,1,0,SP2,TRUE,TRUE,4,11431,11432
mol5873,c1ccc(-c2cc[nH+]c3c2ccc2cccnc23)cc1,c1ccc(-c2ccnc3c2ccc2cccnc23)cc1,"4,900",9,N,1,0,1,0,SP2,TRUE,TRUE,4,11433,11434
mol5874,c1ccc(-c2cc[nH+]cc2)cc1,c1ccc(-c2ccncc2)cc1,"5,300",9,N,1,0,1,0,SP2,TRUE,TRUE,4,11435,11436
mol5875,c1ccc(-c2ccoc2)[nH+]c1,c1ccc(-c2ccoc2)nc1,"4,650",3,N,1,0,1,0,SP2,TRUE,TRUE,4,11437,11438
mol5876,c1ccc(-c2cn[nH]n2)cc1,c1ccc(-c2cn[n-]n2)cc1,"8,620",9,N,0,-1,1,0,SP2,TRUE,TRUE,3,11439,11440
mol5877,c1ccc(-c2cnc3c(ccc4ccc[nH+]c43)c2)cc1,c1ccc(-c2cnc3c(ccc4cccnc43)c2)cc1,"4,820",15,N,1,0,1,0,SP2,TRUE,TRUE,4,11441,11442
mol5878,c1ccc(-c2c[nH+]c[nH]2)cc1,c1ccc(-c2cnc[nH]2)cc1,"6,050",8,N,1,0,1,0,SP2,TRUE,TRUE,4,11443,11444
mol5879,c1ccc(-c2[nH]cc[nH+]2)cc1,c1ccc(-c2ncc[nH]2)cc1,"6,450",10,N,1,0,1,0,SP2,TRUE,TRUE,4,11445,11446
mol5880,c1ccc(-c2ncn[nH]2)cc1,c1ccc(-c2ncn[n-]2)cc1,"9,290",7,N,0,-1,1,0,SP2,TRUE,TRUE,3,11447,11448
mol5881,c1ccc(-c2nn[nH]n2)cc1,c1ccc(-c2nn[n-]n2)cc1,"4,363",8,N,0,-1,1,0,SP2,TRUE,TRUE,3,11449,11450
mol5882,c1ccc(-c2nnc(CN3CC[NH+](Cc4nc5ccccc5s4)CC3)o2)cc1,c1ccc(-c2nnc(CN3CCN(Cc4nc5ccccc5s4)CC3)o2)cc1,"4,400",15,N,1,0,1,0,SP3,FALSE,TRUE,4,11452,11451
mol5883,c1ccc(-c2noc(CN3CC[NH+](Cc4nc5ccccc5s4)CC3)n2)cc1,c1ccc(-c2noc(CN3CCN(Cc4nc5ccccc5s4)CC3)n2)cc1,"4,400",15,N,1,0,1,0,SP3,FALSE,TRUE,4,11454,11453
mol5884,c1ccc(-n2cc[nH+]c2)cc1,c1ccc(-n2ccnc2)cc1,"5,100",9,N,1,0,1,0,SP2,TRUE,TRUE,4,11455,11456
mol5885,c1ccc(C(CC[NH+]2CCCCC2)c2ccccc2)cc1,c1ccc(C(CCN2CCCCC2)c2ccccc2)cc1,"8,960",9,N,1,0,1,0,SP3,FALSE,TRUE,4,11457,11458
mol5886,c1ccc(C(CC[NH+]2CCOCC2)c2ccccc2)cc1,c1ccc(C(CCN2CCOCC2)c2ccccc2)cc1,"7,250",9,N,1,0,1,0,SP3,FALSE,TRUE,4,11460,11459
mol5887,c1ccc(C(OCC[NH+]2CCCCC2)c2ccccc2)cc1,c1ccc(C(OCCN2CCCCC2)c2ccccc2)cc1,"8,030",16,N,1,0,1,0,SP3,FALSE,TRUE,4,11461,11462
mol5888,c1ccc(C2([NH+]3CCCCC3)CCCCC2)cc1,c1ccc(C2(N3CCCCC3)CCCCC2)cc1,"9,970",12,N,1,0,1,0,SP3,FALSE,TRUE,4,11463,11464
mol5889,c1ccc(C2(c3ccccc3)CC2C2=[NH+]CCN2)cc1,c1ccc(C2(c3ccccc3)CC2C2=NCCN2)cc1,"10,300",10,N,1,0,1,0,SP2,FALSE,TRUE,4,11465,11466
mol5890,c1ccc(C2=[NH+]CCC2)cc1,c1ccc(C2=NCCC2)cc1,"7,200",7,N,1,0,1,0,SP2,FALSE,TRUE,4,11467,11468
mol5891,c1ccc(C2=[NH+]CCN2)nc1,c1ccc(C2=NCCN2)nc1,"8,980",7,N,1,0,1,0,SP2,FALSE,TRUE,4,11469,11470
mol5892,c1ccc(C2CCC[NH2+]2)cc1,c1ccc(C2CCCN2)cc1,"9,600",10,N,1,0,2,1,SP3,FALSE,TRUE,4,11471,11472
mol5893,c1ccc(C2C[NH+]3CCC2CC3)cc1,c1ccc(C2CN3CCC2CC3)cc1,"10,200",8,N,1,0,1,0,SP3,FALSE,TRUE,4,11473,11474
mol5894,c1ccc(C2C[NH2+]2)cc1,c1ccc(C2CN2)cc1,"6,470",8,N,1,0,2,1,SP3,FALSE,TRUE,4,11476,11475
mol5895,c1ccc(C2[NH2+]CCS2)cc1,c1ccc(C2NCCS2)cc1,"5,200",7,N,1,0,2,1,SP3,FALSE,TRUE,4,11478,11477
mol5896,c1ccc(CC2=[NH+]CCC2)cc1,c1ccc(CC2=NCCC2)cc1,"6,900",8,N,1,0,1,0,SP2,FALSE,TRUE,4,11479,11480
mol5897,c1ccc(CC2CCC[NH2+]2)cc1,c1ccc(CC2CCCN2)cc1,"10,350",11,N,1,0,2,1,SP3,FALSE,TRUE,4,11481,11482
mol5898,c1ccc(CC2CC[NH+](CCCc3c[nH]c4ccc(-n5cnnc5)cc34)CC2)cc1,c1ccc(CC2CCN(CCCc3c[nH]c4ccc(-n5cnnc5)cc34)CC2)cc1,"9,700",10,N,1,0,1,0,SP3,FALSE,TRUE,4,11483,11484
mol5899,c1ccc(CCc2nn[nH]n2)cc1,c1ccc(CCc2nn[n-]n2)cc1,"5,090",10,N,0,-1,1,0,SP2,TRUE,TRUE,3,11485,11486
mol5900,c1ccc(CN(CC2=[NH+]CCN2)c2ccccc2)cc1,c1ccc(CN(CC2=NCCN2)c2ccccc2)cc1,"10,080",10,N,1,0,1,0,SP2,FALSE,TRUE,4,11487,11488
mol5901,c1ccc(C[NH+]2CC[NH+](Cc3nc(-c4ccccc4)no3)CC2)cc1,c1ccc(CN2CC[NH+](Cc3nc(-c4ccccc4)no3)CC2)cc1,"6,700",7,N,1,0,1,0,SP3,FALSE,TRUE,4,11489,11490
mol5902,c1ccc(C[NH+]2CC[NH+](Cc3nnc(-c4ccccc4)o3)CC2)cc1,c1ccc(CN2CC[NH+](Cc3nnc(-c4ccccc4)o3)CC2)cc1,"6,700",7,N,1,0,1,0,SP3,FALSE,TRUE,4,11491,11492
mol5903,c1ccc(CNc2cc[nH+]c(N3CCc4ccccc4C3)c2)cc1,c1ccc(CNc2ccnc(N3CCc4ccccc4C3)c2)cc1,"8,600",11,N,1,0,1,0,SP2,TRUE,TRUE,4,11493,11494
mol5904,c1ccc(CNc2[nH+]ccs2)cc1,c1ccc(CNc2nccs2)cc1,"5,150",9,N,1,0,1,0,SP2,TRUE,TRUE,4,11495,11496
mol5905,c1ccc(COc2noc3c2C[NH2+]CC3)cc1,c1ccc(COc2noc3c2CNCC3)cc1,"7,500",15,N,1,0,2,1,SP3,FALSE,TRUE,4,11497,11498
mol5906,c1ccc(CSc2cccc[nH+]2)cc1,c1ccc(CSc2ccccn2)cc1,"3,230",13,N,1,0,1,0,SP2,TRUE,TRUE,4,11499,11500
mol5907,c1ccc(CSc2cc[nH+]cc2)cc1,c1ccc(CSc2ccncc2)cc1,"5,410",11,N,1,0,1,0,SP2,TRUE,TRUE,4,11501,11502
mol5908,c1ccc(CSc2cn[nH]n2)cc1,c1ccc(CSc2cn[n-]n2)cc1,"8,200",11,N,0,-1,1,0,SP2,TRUE,TRUE,3,11503,11504
mol5909,c1ccc(CSc2ncn[nH]2)cc1,c1ccc(CSc2ncn[n-]2)cc1,"9,500",9,N,0,-1,1,0,SP2,TRUE,TRUE,3,11505,11506
mol5910,c1ccc(C[NH+](CC2CO2)CC2CO2)cc1,c1ccc(CN(CC2CO2)CC2CO2)cc1,"5,750",7,N,1,0,1,0,SP3,FALSE,FALSE,4,11508,11507
mol5911,c1ccc(C[NH+](Cc2ccccc2)Cc2ccccc2)cc1,c1ccc(CN(Cc2ccccc2)Cc2ccccc2)cc1,"7,440",7,N,1,0,1,0,SP3,FALSE,FALSE,4,11509,11510
mol5912,c1ccc(C[NH+]2CCCC2)cc1,c1ccc(CN2CCCC2)cc1,"9,510",7,N,1,0,1,0,SP3,FALSE,TRUE,4,11511,11512
mol5913,c1ccc(C[NH2+]C(CC2CCCCC2)CC2CCCCC2)cc1,c1ccc(CNC(CC2CCCCC2)CC2CCCCC2)cc1,"7,700",7,N,1,0,2,1,SP3,FALSE,FALSE,4,11513,11514
mol5914,c1ccc(C[NH2+]C23OC4C5C6CC(C7C6C4C72)C53)cc1,c1ccc(CNC23OC4C5C6CC(C7C6C4C72)C53)cc1,"7,070",7,N,1,0,2,1,SP3,FALSE,FALSE,4,11516,11515
mol5916,c1ccc(Cc2cccc[nH+]2)cc1,c1ccc(Cc2ccccn2)cc1,"5,130",12,N,1,0,1,0,SP2,TRUE,TRUE,4,11517,11518
mol5917,c1ccc(Cc2ncc3c(n2)CC[NH2+]CC3)cc1,c1ccc(Cc2ncc3c(n2)CCNCC3)cc1,"8,500",15,N,1,0,2,1,SP3,FALSE,TRUE,4,11519,11520
mol5918,c1ccc(Cn2cc[nH+]c2)cc1,c1ccc(Cn2ccnc2)cc1,"6,660",10,N,1,0,1,0,SP2,TRUE,TRUE,4,11521,11522
mol5919,c1ccc([NH+]2CCCC2)cc1,c1ccc(N2CCCC2)cc1,"4,300",6,N,1,0,1,0,SP3,FALSE,TRUE,4,11523,11524
mol5920,c1ccc(N2CCc3ccccc3C2)[nH+]c1,c1ccc(N2CCc3ccccc3C2)nc1,"6,400",15,N,1,0,1,0,SP2,TRUE,TRUE,4,11525,11526
mol5921,c1ccc(NC(Nc2ccccc2)=[NH+]c2ccccc2)cc1,c1ccc(N=C(Nc2ccccc2)Nc2ccccc2)cc1,"9,100",8,N,1,0,1,0,SP2,FALSE,FALSE,4,11527,11528
mol5922,c1ccc(NC2=[NH+]CCCO2)cc1,c1ccc(NC2=NCCCO2)cc1,"9,330",8,N,1,0,1,0,SP2,FALSE,TRUE,4,11529,11530
mol5923,c1ccc(NC2=[NH+]CCN2)cc1,c1ccc(NC2=NCCN2)cc1,"9,915",8,N,1,0,1,0,SP2,FALSE,TRUE,4,11531,11532
mol5924,c1ccc([NH2+]C2CCCC2)cc1,c1ccc(NC2CCCC2)cc1,"5,300",6,N,1,0,2,1,SP3,FALSE,FALSE,4,11533,11534
mol5925,c1ccc([NH2+]C2CCCCC2)cc1,c1ccc(NC2CCCCC2)cc1,"5,600",6,N,1,0,2,1,SP3,FALSE,FALSE,4,11535,11536
mol5927,c1ccc(Nc2[nH+]ccs2)cc1,c1ccc(Nc2nccs2)cc1,"4,330",8,N,1,0,1,0,SP2,TRUE,TRUE,4,11537,11538
mol5928,c1ccc(Nc2nn[nH]n2)cc1,c1ccc(Nc2nn[n-]n2)cc1,"6,300",9,N,0,-1,1,0,SP2,TRUE,TRUE,3,11539,11540
mol5929,c1ccc(Oc2ccc[nH+]c2)cc1,c1ccc(Oc2cccnc2)cc1,"4,240",11,N,1,0,1,0,SP2,TRUE,TRUE,4,11541,11542
mol5930,c1ccc(Oc2ccnc3c2ccc2c(Oc4ccccc4)cc[nH+]c23)cc1,c1ccc(Oc2ccnc3c2ccc2c(Oc4ccccc4)ccnc23)cc1,"5,340",17,N,1,0,1,0,SP2,TRUE,TRUE,4,11543,11544
mol5931,c1ccc(Oc2cc[nH+]cc2)cc1,c1ccc(Oc2ccncc2)cc1,"6,160",10,N,1,0,1,0,SP2,TRUE,TRUE,4,11545,11546
mol5932,c1ccc([C@@H]2C[NH+]3CCC[C@@H]3c3ccccc32)cc1,c1ccc([C@@H]2CN3CCC[C@@H]3c3ccccc32)cc1,"9,120",8,N,1,0,1,0,SP3,FALSE,TRUE,4,11547,11548
mol5933,c1ccc([P+](CCCCc2nn[nH]n2)(c2ccccc2)c2ccccc2)cc1,c1ccc([P+](CCCCc2nn[n-]n2)(c2ccccc2)c2ccccc2)cc1,"4,930",13,N,0,-1,1,0,SP2,TRUE,TRUE,3,11549,11550
mol5934,c1ccc([P+](c2ccccc2)(c2ccccc2)C2c3ccccc3-c3ccccc32)cc1,c1ccc([P+](c2ccccc2)(c2ccccc2)[c-]2c3ccccc3c3ccccc32)cc1,"8,990",19,C,0,-1,1,0,SP3,FALSE,TRUE,4,11551,11552
mol5935,c1ccc2[nH+]c[nH]c2c1,c1ccc2[nH]cnc2c1,"5,510",8,N,1,0,1,0,SP2,TRUE,TRUE,4,11553,11554
mol5936,c1ccc2c(CC3=[NH+]CCN3)cccc2c1,c1ccc2c(CC3=NCCN3)cccc2c1,"10,350",12,N,1,0,1,0,SP2,FALSE,TRUE,4,11555,11556
mol5937,c1ccc2c(c1)C1CC[NH+]2C1,c1ccc2c(c1)C1CCN2C1,"7,100",9,N,1,0,1,0,SP3,FALSE,TRUE,4,11557,11558
mol5939,c1ccc2c(c1)C1c3ccccc3C2C2C[NH2+]CC12,c1ccc2c(c1)C1c3ccccc3C2C2CNCC12,"10,180",17,N,1,0,2,1,SP3,FALSE,TRUE,4,11559,11560
mol5940,c1ccc2c(c1)CCC[NH2+]2,c1ccc2c(c1)CCCN2,"4,960",9,N,1,0,2,1,SP3,FALSE,TRUE,4,11561,11562
mol5941,c1ccc2c(c1)CC[NH2+]2,c1ccc2c(c1)CCN2,"5,490",8,N,1,0,2,1,SP3,FALSE,TRUE,4,11563,11564
mol5942,c1ccc2c(c1)CC[NH2+]C2,c1ccc2c(c1)CCNC2,"9,480",8,N,1,0,2,1,SP3,FALSE,TRUE,4,11565,11566
mol5943,c1ccc2c(c1)CCc1cc3ccn4cc[nH+]c4c3nc1-2,c1ccc2c(c1)CCc1cc3ccn4ccnc4c3nc1-2,"2,430",18,N,1,0,1,0,SP2,TRUE,TRUE,4,11567,11568
mol5944,c1ccc2c(c1)CCc1nc3c(ccn4cc[nH+]c34)cc1-2,c1ccc2c(c1)CCc1nc3c(ccn4ccnc34)cc1-2,"3,530",17,N,1,0,1,0,SP2,TRUE,TRUE,4,11569,11570
mol5945,c1ccc2c(c1)N1CC[NH+]2CC1,c1ccc2c(c1)N1CCN2CC1,"4,075",9,N,1,0,1,0,SP3,FALSE,TRUE,4,11571,11572
mol5946,c1ccc2c(c1)NCC[NH2+]2,c1ccc2c(c1)NCCN2,"3,475",9,N,1,0,2,1,SP3,FALSE,TRUE,4,11573,11574
mol5947,c1ccc2c(c1)[nH]c1c2cc[n+]2cc3c(cc12)CCCC3,c1ccc2c(c1)[n-]c1c2cc[n+]2cc3c(cc12)CCCC3,"10,600",16,N,0,-1,1,0,SP2,TRUE,TRUE,3,11575,11576
mol5948,c1ccc2c(c1)ccc1[nH]c[nH+]c12,c1ccc2c(c1)ccc1[nH]cnc12,"5,280",10,N,1,0,1,0,SP2,TRUE,TRUE,4,11577,11578
mol5949,c1ccc2c(c1)ccc1ccc[nH+]c12,c1ccc2c(c1)ccc1cccnc12,"4,250",10,N,1,0,1,0,SP2,TRUE,TRUE,4,11579,11580
mol5950,c1ccc2c(c1)ccc1[nH+]cccc12,c1ccc2c(c1)ccc1ncccc12,"5,150",13,N,1,0,1,0,SP2,TRUE,TRUE,4,11581,11582
mol5951,c1ccc2c(c1)c[nH+]c1ccccc12,c1ccc2c(c1)cnc1ccccc12,"4,580",7,N,1,0,1,0,SP2,TRUE,TRUE,4,11583,11584
mol5952,c1ccc2c3c([nH]c2c1)C[NH2+]CC3,c1ccc2c3c([nH]c2c1)CNCC3,"8,400",10,N,1,0,2,1,SP3,FALSE,TRUE,4,11585,11586
mol5953,c1ccc2cc3[nH+]c[nH]c3cc2c1,c1ccc2cc3[nH]cnc3cc2c1,"5,240",12,N,1,0,1,0,SP2,TRUE,TRUE,4,11587,11588
mol5954,c1ccc2cc3nc4c(ccn5cc[nH+]c45)cc3cc2c1,c1ccc2cc3nc4c(ccn5ccnc45)cc3cc2c1,"2,430",17,N,1,0,1,0,SP2,TRUE,TRUE,4,11589,11590
mol5955,c1ccc2cc3[nH+]cccc3cc2c1,c1ccc2cc3ncccc3cc2c1,"4,920",10,N,1,0,1,0,SP2,TRUE,TRUE,4,11591,11592
mol5956,c1ccc2c[nH+]ccc2c1,c1ccc2cnccc2c1,"5,377",5,N,1,0,1,0,SP2,TRUE,TRUE,4,11593,11594
mol5957,c1ccc2c[nH+]ncc2c1,c1ccc2cnncc2c1,"3,470",6,N,1,0,1,0,SP2,TRUE,TRUE,4,11595,11596
mol5958,c1ccc2n[nH]nc2c1,c1ccc2n[n-]nc2c1,"8,495",7,N,0,-1,1,0,SP2,TRUE,TRUE,3,11597,11598
mol5959,c1ccc2[nH+]c3c(cc2c1)[nH]c1ccccc13,c1ccc2nc3c(cc2c1)[nH]c1ccccc13,"4,200",9,N,1,0,1,0,SP2,TRUE,TRUE,4,11599,11600
mol5960,c1ccc2[nH+]c3ccc4ccccc4c3cc2c1,c1ccc2nc3ccc4ccccc4c3cc2c1,"4,390",17,N,1,0,1,0,SP2,TRUE,TRUE,4,11601,11602
mol5961,c1ccc2[nH+]c3ccccc3cc2c1,c1ccc2nc3ccccc3cc2c1,"5,480",13,N,1,0,1,0,SP2,TRUE,TRUE,4,11603,11604
mol5962,c1ccc2[nH+]cccc2c1,c1ccc2ncccc2c1,"4,873",9,N,1,0,1,0,SP2,TRUE,TRUE,4,11605,11606
mol5963,c1ccc2nc[nH+]cc2c1,c1ccc2ncncc2c1,"3,510",7,N,1,0,1,0,SP2,TRUE,TRUE,4,11607,11608
mol5964,c1ccc2n[nH+]ccc2c1,c1ccc2nnccc2c1,"2,290",8,N,1,0,1,0,SP2,TRUE,TRUE,4,11609,11610
mol5965,c1ccn(-c2[nH]cc[nH+]2)c1,c1ccn(-c2ncc[nH]2)c1,"5,360",9,N,1,0,1,0,SP2,TRUE,TRUE,4,11611,11612
mol5966,c1ccn2cc[nH+]c2c1,c1ccn2ccnc2c1,"6,900",6,N,1,0,1,0,SP2,TRUE,TRUE,4,11613,11614
mol5967,c1cc[nH+]cc1,c1ccncc1,"5,210",3,N,1,0,1,0,SP2,TRUE,TRUE,4,11615,11616
mol5968,c1cc[nH+]nc1,c1ccnnc1,"2,290",4,N,1,0,1,0,SP2,TRUE,TRUE,4,11617,11618
mol5969,c1cn2ccc3cc4c(nc3c2[nH+]1)CCCC4,c1cn2ccc3cc4c(nc3c2n1)CCCC4,"4,590",5,N,1,0,1,0,SP2,TRUE,TRUE,4,11619,11620
mol5970,c1c[nH][nH+]c1,c1cn[nH]c1,"2,565",3,N,1,0,1,0,SP2,TRUE,TRUE,4,11621,11622
mol5971,c1cn[nH]n1,c1cn[n-]n1,"9,260",3,N,0,-1,1,0,SP2,TRUE,TRUE,3,11623,11624
mol5972,c1cnc(OC[C@H]2C[C@H](c3ccc(C[NH+]4CCCC4)cc3)C2)nc1,c1cnc(OC[C@H]2C[C@H](c3ccc(CN4CCCC4)cc3)C2)nc1,"9,800",19,N,1,0,1,0,SP3,FALSE,TRUE,4,11625,11626
mol5973,c1c[nH+]c2[nH]ccc2c1,c1cnc2[nH]ccc2c1,"4,480",7,N,1,0,1,0,SP2,TRUE,TRUE,4,11627,11628
mol5974,c1c[nH+]c2c(c1)CCCC2,c1cnc2c(c1)CCCC2,"6,600",4,N,1,0,1,0,SP2,TRUE,TRUE,4,11629,11630
mol5975,c1cnc2c(c1)C[C@@]1(C[NH+]3CCC1CC3)O2,c1cnc2c(c1)C[C@@]1(CN3CCC1CC3)O2,"8,900",10,N,1,0,1,0,SP3,FALSE,TRUE,4,11631,11632
mol5976,c1cnc2c(c1)c1c(c3ccc[nH+]c32)CCCC1,c1cnc2c(c1)c1c(c3cccnc32)CCCC1,"5,300",12,N,1,0,1,0,SP2,TRUE,TRUE,4,11633,11634
mol5977,c1cnc2c(c1)ccc1c3c(c[nH+]c12)CCC3,c1cnc2c(c1)ccc1c3c(cnc12)CCC3,"5,780",9,N,1,0,1,0,SP2,TRUE,TRUE,4,11635,11636
mol5978,c1cnc2c(c1)ccc1c3c(c[nH+]c12)CCCC3,c1cnc2c(c1)ccc1c3c(cnc12)CCCC3,"5,660",9,N,1,0,1,0,SP2,TRUE,TRUE,4,11637,11638
mol5979,c1cnc2c(c1)ccc1ccc[nH+]c12,c1cnc2c(c1)ccc1cccnc12,"3,500",12,N,1,0,1,0,SP2,TRUE,TRUE,4,11639,11640
mol5980,c1cnc2c(c1)ccc1[nH+]cccc12,c1cnc2c(c1)ccc1ncccc12,"4,000",13,N,1,0,1,0,SP2,TRUE,TRUE,4,11641,11642
mol5981,c1cnc2nc[nH+]cc2n1,c1cnc2ncncc2n1,"4,130",7,N,1,0,1,0,SP2,TRUE,TRUE,4,11643,11644
mol5982,c1c[nH+]cc(-c2ccc[nH]2)c1,c1cncc(-c2ccc[nH]2)c1,"4,320",9,N,1,0,1,0,SP2,TRUE,TRUE,4,11645,11646
mol5983,c1c[nH+]cc(-c2ccco2)c1,c1cncc(-c2ccco2)c1,"4,620",4,N,1,0,1,0,SP2,TRUE,TRUE,4,11647,11648
mol5984,c1c[nH+]cc(-c2ccoc2)c1,c1cncc(-c2ccoc2)c1,"4,930",4,N,1,0,1,0,SP2,TRUE,TRUE,4,11649,11650
mol5985,c1coc(-c2cc[nH+]cc2)c1,c1coc(-c2ccncc2)c1,"5,600",8,N,1,0,1,0,SP2,TRUE,TRUE,4,11651,11652
mol5986,c1coc(C2C[NH+]3CCC2CC3)c1,c1coc(C2CN3CCC2CC3)c1,"10,030",7,N,1,0,1,0,SP3,FALSE,TRUE,4,11653,11654
mol5987,c1csc(C2CCC[NH2+]2)c1,c1csc(C2CCCN2)c1,"9,350",9,N,1,0,2,1,SP3,FALSE,TRUE,4,11655,11656
mol5988,c1csc[nH+]1,c1cscn1,"2,540",4,N,1,0,1,0,SP2,TRUE,TRUE,4,11657,11658
mol5989,c1nc2c(ncn2C2CCCCC2)c(NC2CCCCC2)[nH+]1,c1nc(NC2CCCCC2)c2ncn(C3CCCCC3)c2n1,"4,400",1,N,1,0,1,0,SP2,TRUE,TRUE,4,11659,11660
mol5990,c1nc2c(ccc3c4c(c[nH+]c32)CCCC4)c2c1CCCC2,c1nc2c(ccc3c4c(cnc32)CCCC4)c2c1CCCC2,"6,230",13,N,1,0,1,0,SP2,TRUE,TRUE,4,11661,11662
mol5991,c1[nH]c2cc3c(cc2[nH+]1)CCCC3,c1nc2cc3c(cc2[nH]1)CCCC3,"5,980",8,N,1,0,1,0,SP2,TRUE,TRUE,4,11663,11664
mol5992,c1nc2c(c[nH+]1)NCCN2,c1ncc2c(n1)NCCN2,"6,630",5,N,1,0,1,0,SP2,TRUE,TRUE,4,11665,11666
mol5993,c1nn[nH]n1,c1nn[n-]n1,"4,815",2,N,0,-1,1,0,SP2,TRUE,TRUE,3,11667,11668